id,file,species,recordist,split
28194,Aegithalos_caudatus/XC28194.mp3,Aegithalos caudatus,Patrik Åberg,train
42175,Aegithalos_caudatus/XC42175.mp3,Aegithalos caudatus,Jarek Matusiak,train
42185,Aegithalos_caudatus/XC42185.mp3,Aegithalos caudatus,Jarek Matusiak,train
42186,Aegithalos_caudatus/XC42186.mp3,Aegithalos caudatus,Jarek Matusiak,test
42190,Aegithalos_caudatus/XC42190.mp3,Aegithalos caudatus,Jarek Matusiak,val
44720,Aegithalos_caudatus/XC44720.mp3,Aegithalos caudatus,Jarek Matusiak,val
101371,Aegithalos_caudatus/XC101371.mp3,Aegithalos caudatus,Krzysztof Deoniziak,val
230133,Aegithalos_caudatus/XC230133.mp3,Aegithalos caudatus,Jarek Matusiak,train
230180,Aegithalos_caudatus/XC230180.mp3,Aegithalos caudatus,Jarek Matusiak,train
230212,Aegithalos_caudatus/XC230212.mp3,Aegithalos caudatus,Jarek Matusiak,test
281619,Aegithalos_caudatus/XC281619.mp3,Aegithalos caudatus,Peter Boesman,test
286244,Aegithalos_caudatus/XC286244.mp3,Aegithalos caudatus,Peter Boesman,train
304843,Aegithalos_caudatus/XC304843.mp3,Aegithalos caudatus,Timo Schnabel,train
337791,Aegithalos_caudatus/XC337791.mp3,Aegithalos caudatus,Manuel Grosselet,test
348046,Aegithalos_caudatus/XC348046.mp3,Aegithalos caudatus,Tero Linjama,val
383536,Aegithalos_caudatus/XC383536.mp3,Aegithalos caudatus,Timo Schnabel,val
387103,Aegithalos_caudatus/XC387103.mp3,Aegithalos caudatus,Elias A. Ryberg,train
391284,Aegithalos_caudatus/XC391284.mp3,Aegithalos caudatus,Lars Edenius,val
394132,Aegithalos_caudatus/XC394132.mp3,Aegithalos caudatus,Marco Dragonetti,train
394142,Aegithalos_caudatus/XC394142.mp3,Aegithalos caudatus,Marco Dragonetti,train
394143,Aegithalos_caudatus/XC394143.mp3,Aegithalos caudatus,Marco Dragonetti,train
394144,Aegithalos_caudatus/XC394144.mp3,Aegithalos caudatus,Marco Dragonetti,train
406841,Aegithalos_caudatus/XC406841.mp3,Aegithalos caudatus,Jarek Matusiak,train
435747,Aegithalos_caudatus/XC435747.mp3,Aegithalos caudatus,Sonnenburg,train
437777,Aegithalos_caudatus/XC437777.mp3,Aegithalos caudatus,Jarek Matusiak,train
438408,Aegithalos_caudatus/XC438408.mp3,Aegithalos caudatus,Jarek Matusiak,train
514803,Aegithalos_caudatus/XC514803.mp3,Aegithalos caudatus,Anders Westman,train
517804,Aegithalos_caudatus/XC517804.mp3,Aegithalos caudatus,Jarek Matusiak,train
523603,Aegithalos_caudatus/XC523603.mp3,Aegithalos caudatus,Jarek Matusiak,test
524302,Aegithalos_caudatus/XC524302.mp3,Aegithalos caudatus,Jarek Matusiak,train
531109,Aegithalos_caudatus/XC531109.mp3,Aegithalos caudatus,Jarek Matusiak,train
612743,Aegithalos_caudatus/XC612743.mp3,Aegithalos caudatus,Jarek Matusiak,train
612744,Aegithalos_caudatus/XC612744.mp3,Aegithalos caudatus,Jarek Matusiak,train
612746,Aegithalos_caudatus/XC612746.mp3,Aegithalos caudatus,Jarek Matusiak,train
612747,Aegithalos_caudatus/XC612747.mp3,Aegithalos caudatus,Jarek Matusiak,train
629900,Aegithalos_caudatus/XC629900.mp3,Aegithalos caudatus,Anders Westman,train
645359,Aegithalos_caudatus/XC645359.mp3,Aegithalos caudatus,Regina Eidner,val
646444,Aegithalos_caudatus/XC646444.mp3,Aegithalos caudatus,Temnothorax,train
704310,Aegithalos_caudatus/XC704310.mp3,Aegithalos caudatus,Elias A. Ryberg,train
707059,Aegithalos_caudatus/XC707059.wav,Aegithalos caudatus,Shamgar Brook,val
757104,Aegithalos_caudatus/XC757104.mp3,Aegithalos caudatus,Lars Edenius,train
879357,Aegithalos_caudatus/XC879357.mp3,Aegithalos caudatus,Jarek Matusiak,val
879358,Aegithalos_caudatus/XC879358.mp3,Aegithalos caudatus,Jarek Matusiak,train
879359,Aegithalos_caudatus/XC879359.mp3,Aegithalos caudatus,Jarek Matusiak,train
879405,Aegithalos_caudatus/XC879405.mp3,Aegithalos caudatus,Jarek Matusiak,train
909344,Aegithalos_caudatus/XC909344.mp3,Aegithalos caudatus,Jacobo Ramil Millarengo,train
934800,Aegithalos_caudatus/XC934800.mp3,Aegithalos caudatus,Thomas Bergman,train
947331,Aegithalos_caudatus/XC947331.mp3,Aegithalos caudatus,Ulf Elman,train
951568,Aegithalos_caudatus/XC951568.mp3,Aegithalos caudatus,Jarek Matusiak,train
951570,Aegithalos_caudatus/XC951570.mp3,Aegithalos caudatus,Jarek Matusiak,test
951571,Aegithalos_caudatus/XC951571.mp3,Aegithalos caudatus,Jarek Matusiak,train
951573,Aegithalos_caudatus/XC951573.mp3,Aegithalos caudatus,Jarek Matusiak,train
951574,Aegithalos_caudatus/XC951574.mp3,Aegithalos caudatus,Jarek Matusiak,val
951576,Aegithalos_caudatus/XC951576.mp3,Aegithalos caudatus,Jarek Matusiak,train
951577,Aegithalos_caudatus/XC951577.mp3,Aegithalos caudatus,Jarek Matusiak,test
956010,Aegithalos_caudatus/XC956010.mp3,Aegithalos caudatus,Jacobo Ramil Millarengo,test
964244,Aegithalos_caudatus/XC964244.wav,Aegithalos caudatus,Niclas Backstrom,train
973579,Aegithalos_caudatus/XC973579.wav,Aegithalos caudatus,Esteban Vilboux,train
980798,Aegithalos_caudatus/XC980798.mp3,Aegithalos caudatus,Lars Edenius,train
1045039,Aegithalos_caudatus/XC1045039.mp3,Aegithalos caudatus,Lars Edenius,test
1046286,Aegithalos_caudatus/XC1046286.wav,Aegithalos caudatus,Karol Łanocha,test
1046422,Aegithalos_caudatus/XC1046422.mp3,Aegithalos caudatus,Albert Lastukhin,train
1046505,Aegithalos_caudatus/XC1046505.mp3,Aegithalos caudatus,Albert Lastukhin,train
1046590,Aegithalos_caudatus/XC1046590.mp3,Aegithalos caudatus,Uku Paal,train
1046591,Aegithalos_caudatus/XC1046591.mp3,Aegithalos caudatus,Uku Paal,train
1046592,Aegithalos_caudatus/XC1046592.mp3,Aegithalos caudatus,Uku Paal,train
1046593,Aegithalos_caudatus/XC1046593.mp3,Aegithalos caudatus,Uku Paal,train
1046750,Aegithalos_caudatus/XC1046750.wav,Aegithalos caudatus,Ulf Elman,train
1046752,Aegithalos_caudatus/XC1046752.wav,Aegithalos caudatus,Karol Łanocha,train
1046754,Aegithalos_caudatus/XC1046754.wav,Aegithalos caudatus,Karol Łanocha,train
1046967,Aegithalos_caudatus/XC1046967.wav,Aegithalos caudatus,Karol Łanocha,train
1047395,Aegithalos_caudatus/XC1047395.wav,Aegithalos caudatus,Franciszek Ptak,train
1049630,Aegithalos_caudatus/XC1049630.mp3,Aegithalos caudatus,Lars Edenius,val
1049711,Aegithalos_caudatus/XC1049711.wav,Aegithalos caudatus,okarina,train
1049714,Aegithalos_caudatus/XC1049714.wav,Aegithalos caudatus,okarina,train
1051023,Aegithalos_caudatus/XC1051023.wav,Aegithalos caudatus,Karol Łanocha,train
1051386,Aegithalos_caudatus/XC1051386.wav,Aegithalos caudatus,Paul Kelly,test
1051503,Aegithalos_caudatus/XC1051503.wav,Aegithalos caudatus,Karol Łanocha,train
1051504,Aegithalos_caudatus/XC1051504.wav,Aegithalos caudatus,Karol Łanocha,test
1051871,Aegithalos_caudatus/XC1051871.wav,Aegithalos caudatus,Karol Łanocha,val
1051872,Aegithalos_caudatus/XC1051872.wav,Aegithalos caudatus,Karol Łanocha,test
1051873,Aegithalos_caudatus/XC1051873.wav,Aegithalos caudatus,Karol Łanocha,train
1052213,Aegithalos_caudatus/XC1052213.wav,Aegithalos caudatus,Paul Kelly,train
1052406,Aegithalos_caudatus/XC1052406.wav,Aegithalos caudatus,Karol Łanocha,val
1052409,Aegithalos_caudatus/XC1052409.wav,Aegithalos caudatus,Karol Łanocha,train
1052500,Aegithalos_caudatus/XC1052500.wav,Aegithalos caudatus,Denis Dujardin,train
1054444,Aegithalos_caudatus/XC1054444.wav,Aegithalos caudatus,Jorge Valella Robledo,train
1054667,Aegithalos_caudatus/XC1054667.wav,Aegithalos caudatus,Noé Ferrari,train
1058901,Aegithalos_caudatus/XC1058901.mp3,Aegithalos caudatus,Jacobo Ramil Millarengo,train
1059107,Aegithalos_caudatus/XC1059107.wav,Aegithalos caudatus,Karol Łanocha,train
1062346,Aegithalos_caudatus/XC1062346.mp3,Aegithalos caudatus,Romuald Mikusek,train
1063014,Aegithalos_caudatus/XC1063014.wav,Aegithalos caudatus,Paul Kelly,train
1063015,Aegithalos_caudatus/XC1063015.wav,Aegithalos caudatus,Paul Kelly,train
1063800,Aegithalos_caudatus/XC1063800.wav,Aegithalos caudatus,Nelson Conceição,train
1063819,Aegithalos_caudatus/XC1063819.wav,Aegithalos caudatus,Nelson Conceição,val
1063820,Aegithalos_caudatus/XC1063820.wav,Aegithalos caudatus,Nelson Conceição,train
1065083,Aegithalos_caudatus/XC1065083.wav,Aegithalos caudatus,Paul Driver,train
1065095,Aegithalos_caudatus/XC1065095.mp3,Aegithalos caudatus,Paul Driver,train
1065097,Aegithalos_caudatus/XC1065097.mp3,Aegithalos caudatus,Paul Driver,train
1067262,Aegithalos_caudatus/XC1067262.wav,Aegithalos caudatus,Laura Martin,test
1067264,Aegithalos_caudatus/XC1067264.wav,Aegithalos caudatus,Laura Martin,val
1069921,Aegithalos_caudatus/XC1069921.wav,Aegithalos caudatus,András Schmidt,train
1073133,Aegithalos_caudatus/XC1073133.wav,Aegithalos caudatus,Colm Philpott,train
1075298,Aegithalos_caudatus/XC1075298.mp3,Aegithalos caudatus,Icilio MANIACCI,train
1075763,Aegithalos_caudatus/XC1075763.mp3,Aegithalos caudatus,Marc Anderson,train
1076031,Aegithalos_caudatus/XC1076031.mp3,Aegithalos caudatus,Marc Anderson,test
1076032,Aegithalos_caudatus/XC1076032.mp3,Aegithalos caudatus,Marc Anderson,train
1078553,Aegithalos_caudatus/XC1078553.wav,Aegithalos caudatus,David Darrell-Lambert,test
1078571,Aegithalos_caudatus/XC1078571.wav,Aegithalos caudatus,David Darrell-Lambert,train
1079326,Aegithalos_caudatus/XC1079326.wav,Aegithalos caudatus,Jordi Calvet,train
1079883,Aegithalos_caudatus/XC1079883.mp3,Aegithalos caudatus,Marc Anderson,train
1080205,Aegithalos_caudatus/XC1080205.wav,Aegithalos caudatus,Paul Kelly,train
1080358,Aegithalos_caudatus/XC1080358.wav,Aegithalos caudatus,Colm Philpott,train
1082375,Aegithalos_caudatus/XC1082375.mp3,Aegithalos caudatus,Olivier SWIFT,val
1082401,Aegithalos_caudatus/XC1082401.wav,Aegithalos caudatus,David Darrell-Lambert,train
1083292,Aegithalos_caudatus/XC1083292.wav,Aegithalos caudatus,David Darrell-Lambert,train
1083870,Aegithalos_caudatus/XC1083870.wav,Aegithalos caudatus,Xavier Riera,train
1084360,Aegithalos_caudatus/XC1084360.wav,Aegithalos caudatus,David Darrell-Lambert,train
1084882,Aegithalos_caudatus/XC1084882.wav,Aegithalos caudatus,Colm Philpott,train
1086110,Aegithalos_caudatus/XC1086110.wav,Aegithalos caudatus,David Darrell-Lambert,test
1091213,Aegithalos_caudatus/XC1091213.mp3,Aegithalos caudatus,Christian Bøggild,train
1091656,Aegithalos_caudatus/XC1091656.wav,Aegithalos caudatus,Grzegorz Michalski,test
1095041,Aegithalos_caudatus/XC1095041.wav,Aegithalos caudatus,Andrew McCafferty,test
1097126,Aegithalos_caudatus/XC1097126.wav,Aegithalos caudatus,Norman Schiwora,train
1097313,Aegithalos_caudatus/XC1097313.wav,Aegithalos caudatus,Norman Schiwora,val
1099268,Aegithalos_caudatus/XC1099268.wav,Aegithalos caudatus,Colm Philpott,val
1101030,Aegithalos_caudatus/XC1101030.wav,Aegithalos caudatus,Cedric Mroczko,train
1104486,Aegithalos_caudatus/XC1104486.wav,Aegithalos caudatus,Colm Philpott,test
1105542,Aegithalos_caudatus/XC1105542.wav,Aegithalos caudatus,David Darrell-Lambert,val
1105850,Aegithalos_caudatus/XC1105850.wav,Aegithalos caudatus,Colm Philpott,train
1106251,Aegithalos_caudatus/XC1106251.wav,Aegithalos caudatus,Jordi Calvet,test
1106317,Aegithalos_caudatus/XC1106317.wav,Aegithalos caudatus,Clement Bruneau,train
1139415,Aegithalos_caudatus/XC1139415.wav,Aegithalos caudatus,Walter Wallner,train
1140336,Aegithalos_caudatus/XC1140336.wav,Aegithalos caudatus,Walter Wallner,train
1143386,Aegithalos_caudatus/XC1143386.wav,Aegithalos caudatus,Simon Gillings,train
1146873,Aegithalos_caudatus/XC1146873.mp3,Aegithalos caudatus,Joost van Bruggen,test
1147337,Aegithalos_caudatus/XC1147337.mp3,Aegithalos caudatus,Peter Boesman,val
1147338,Aegithalos_caudatus/XC1147338.mp3,Aegithalos caudatus,Peter Boesman,train
1147339,Aegithalos_caudatus/XC1147339.mp3,Aegithalos caudatus,Peter Boesman,val
1151186,Aegithalos_caudatus/XC1151186.wav,Aegithalos caudatus,Cedric Mroczko,val
1157582,Aegithalos_caudatus/XC1157582.wav,Aegithalos caudatus,Krzysztof Deoniziak,train
1161194,Aegithalos_caudatus/XC1161194.wav,Aegithalos caudatus,Clement Bruneau,train
1161198,Aegithalos_caudatus/XC1161198.wav,Aegithalos caudatus,Clement Bruneau,train
1163383,Aegithalos_caudatus/XC1163383.mp3,Aegithalos caudatus,Zsombor Károlyi,train
1165053,Aegithalos_caudatus/XC1165053.wav,Aegithalos caudatus,Zsombor Károlyi,val
1165293,Aegithalos_caudatus/XC1165293.mp3,Aegithalos caudatus,Taras Vykhovanets,train
1169690,Aegithalos_caudatus/XC1169690.wav,Aegithalos caudatus,David Darrell-Lambert,train
1173683,Aegithalos_caudatus/XC1173683.wav,Aegithalos caudatus,Colm Philpott,train
1175906,Aegithalos_caudatus/XC1175906.wav,Aegithalos caudatus,David Darrell-Lambert,train
1176967,Aegithalos_caudatus/XC1176967.wav,Aegithalos caudatus,Sam Hambly,train
27004,Alauda_arvensis/XC27004.mp3,Alauda arvensis,Patrik Åberg,test
27005,Alauda_arvensis/XC27005.mp3,Alauda arvensis,Patrik Åberg,train
43962,Alauda_arvensis/XC43962.mp3,Alauda arvensis,Jarek Matusiak,train
52383,Alauda_arvensis/XC52383.mp3,Alauda arvensis,David Marques,train
128543,Alauda_arvensis/XC128543.mp3,Alauda arvensis,Jarek Matusiak,val
128545,Alauda_arvensis/XC128545.mp3,Alauda arvensis,Jarek Matusiak,train
138227,Alauda_arvensis/XC138227.mp3,Alauda arvensis,Krzysztof Deoniziak,train
281314,Alauda_arvensis/XC281314.mp3,Alauda arvensis,Peter Boesman,train
281315,Alauda_arvensis/XC281315.mp3,Alauda arvensis,Peter Boesman,train
281316,Alauda_arvensis/XC281316.mp3,Alauda arvensis,Peter Boesman,train
281317,Alauda_arvensis/XC281317.mp3,Alauda arvensis,Peter Boesman,train
284622,Alauda_arvensis/XC284622.mp3,Alauda arvensis,Jarek Matusiak,train
307760,Alauda_arvensis/XC307760.mp3,Alauda arvensis,julien Rochefort,test
345748,Alauda_arvensis/XC345748.mp3,Alauda arvensis,Jarek Matusiak,test
374445,Alauda_arvensis/XC374445.mp3,Alauda arvensis,Mats Rellmar,train
392078,Alauda_arvensis/XC392078.mp3,Alauda arvensis,Vincent van der Spek,train
416722,Alauda_arvensis/XC416722.mp3,Alauda arvensis,Lars Edenius,train
417772,Alauda_arvensis/XC417772.mp3,Alauda arvensis,Jarek Matusiak,val
432114,Alauda_arvensis/XC432114.mp3,Alauda arvensis,Lars Edenius,train
437761,Alauda_arvensis/XC437761.mp3,Alauda arvensis,Jarek Matusiak,train
462158,Alauda_arvensis/XC462158.mp3,Alauda arvensis,Jarek Matusiak,train
475231,Alauda_arvensis/XC475231.mp3,Alauda arvensis,Lars Edenius,val
501867,Alauda_arvensis/XC501867.mp3,Alauda arvensis,Olivier SWIFT,train
509213,Alauda_arvensis/XC509213.mp3,Alauda arvensis,david m,train
512593,Alauda_arvensis/XC512593.mp3,Alauda arvensis,Olivier SWIFT,train
528943,Alauda_arvensis/XC528943.mp3,Alauda arvensis,Tanguy Loïs,val
539168,Alauda_arvensis/XC539168.mp3,Alauda arvensis,Thomas Bergman,train
548103,Alauda_arvensis/XC548103.mp3,Alauda arvensis,Jarek Matusiak,test
548123,Alauda_arvensis/XC548123.mp3,Alauda arvensis,Stanislas Wroza,test
548651,Alauda_arvensis/XC548651.mp3,Alauda arvensis,Gerard OLIVIER,test
548685,Alauda_arvensis/XC548685.mp3,Alauda arvensis,Jarek Matusiak,val
548695,Alauda_arvensis/XC548695.mp3,Alauda arvensis,Jarek Matusiak,train
548700,Alauda_arvensis/XC548700.mp3,Alauda arvensis,Jarek Matusiak,train
553573,Alauda_arvensis/XC553573.mp3,Alauda arvensis,Peter Stronach,train
568881,Alauda_arvensis/XC568881.mp3,Alauda arvensis,Jarek Matusiak,train
594944,Alauda_arvensis/XC594944.mp3,Alauda arvensis,Jarek Matusiak,train
596998,Alauda_arvensis/XC596998.mp3,Alauda arvensis,Stanislas Wroza,train
618777,Alauda_arvensis/XC618777.mp3,Alauda arvensis,Jarek Matusiak,val
628155,Alauda_arvensis/XC628155.mp3,Alauda arvensis,Hans Matheve,train
652906,Alauda_arvensis/XC652906.mp3,Alauda arvensis,Paul Bourdin,train
653631,Alauda_arvensis/XC653631.mp3,Alauda arvensis,Uku Paal,train
676827,Alauda_arvensis/XC676827.mp3,Alauda arvensis,Thomas Bergman,train
691750,Alauda_arvensis/XC691750.mp3,Alauda arvensis,Joost van Bruggen,test
698275,Alauda_arvensis/XC698275.mp3,Alauda arvensis,"Olivier SWIFT, Hélène CARTAUD",test
737684,Alauda_arvensis/XC737684.mp3,Alauda arvensis,david m,train
740631,Alauda_arvensis/XC740631.mp3,Alauda arvensis,Lars Edenius,train
758200,Alauda_arvensis/XC758200.mp3,Alauda arvensis,Joost van Bruggen,val
793619,Alauda_arvensis/XC793619.mp3,Alauda arvensis,Lars Edenius,train
812079,Alauda_arvensis/XC812079.wav,Alauda arvensis,Paul Driver,train
843132,Alauda_arvensis/XC843132.wav,Alauda arvensis,Joost van Bruggen,train
845762,Alauda_arvensis/XC845762.mp3,Alauda arvensis,Jacobo Ramil Millarengo,train
880678,Alauda_arvensis/XC880678.mp3,Alauda arvensis,Olivier SWIFT,train
881733,Alauda_arvensis/XC881733.mp3,Alauda arvensis,Olivier SWIFT,train
881950,Alauda_arvensis/XC881950.mp3,Alauda arvensis,Olivier SWIFT,train
883757,Alauda_arvensis/XC883757.mp3,Alauda arvensis,Jarek Matusiak,val
884750,Alauda_arvensis/XC884750.mp3,Alauda arvensis,Olivier SWIFT,train
894564,Alauda_arvensis/XC894564.wav,Alauda arvensis,Sébastien Roques,train
895988,Alauda_arvensis/XC895988.mp3,Alauda arvensis,Thomas Bergman,test
911897,Alauda_arvensis/XC911897.mp3,Alauda arvensis,Lars Edenius,val
941838,Alauda_arvensis/XC941838.mp3,Alauda arvensis,Ulf Elman,train
971992,Alauda_arvensis/XC971992.mp3,Alauda arvensis,Bram Piot,train
974882,Alauda_arvensis/XC974882.mp3,Alauda arvensis,David Boyle,train
1002303,Alauda_arvensis/XC1002303.mp3,Alauda arvensis,Ding Li Yong,train
1002306,Alauda_arvensis/XC1002306.mp3,Alauda arvensis,Ding Li Yong,train
1010665,Alauda_arvensis/XC1010665.mp3,Alauda arvensis,Lars Edenius,train
1011618,Alauda_arvensis/XC1011618.mp3,Alauda arvensis,Ding Li Yong,train
1012349,Alauda_arvensis/XC1012349.mp3,Alauda arvensis,Ding Li Yong,train
1012350,Alauda_arvensis/XC1012350.mp3,Alauda arvensis,Ding Li Yong,train
1012426,Alauda_arvensis/XC1012426.wav,Alauda arvensis,Ding Li Yong,train
1033972,Alauda_arvensis/XC1033972.mp3,Alauda arvensis,Lars Edenius,test
1035141,Alauda_arvensis/XC1035141.mp3,Alauda arvensis,Lars Edenius,train
1062867,Alauda_arvensis/XC1062867.wav,Alauda arvensis,David Darrell-Lambert,train
1062924,Alauda_arvensis/XC1062924.wav,Alauda arvensis,David Darrell-Lambert,train
1062925,Alauda_arvensis/XC1062925.wav,Alauda arvensis,David Darrell-Lambert,train
1062928,Alauda_arvensis/XC1062928.wav,Alauda arvensis,David Darrell-Lambert,train
1062961,Alauda_arvensis/XC1062961.wav,Alauda arvensis,David Darrell-Lambert,test
1062965,Alauda_arvensis/XC1062965.wav,Alauda arvensis,David Darrell-Lambert,train
1062966,Alauda_arvensis/XC1062966.wav,Alauda arvensis,David Darrell-Lambert,test
1062968,Alauda_arvensis/XC1062968.wav,Alauda arvensis,David Darrell-Lambert,train
1067544,Alauda_arvensis/XC1067544.wav,Alauda arvensis,Pere Josa,train
1072456,Alauda_arvensis/XC1072456.wav,Alauda arvensis,Nelson Conceição,test
1073293,Alauda_arvensis/XC1073293.wav,Alauda arvensis,Adrien Peillon,train
1073818,Alauda_arvensis/XC1073818.wav,Alauda arvensis,Nelson Conceição,train
1075054,Alauda_arvensis/XC1075054.mp3,Alauda arvensis,Romuald Mikusek,train
1082326,Alauda_arvensis/XC1082326.wav,Alauda arvensis,Andrew Harrop,test
1082398,Alauda_arvensis/XC1082398.wav,Alauda arvensis,David Darrell-Lambert,train
1082681,Alauda_arvensis/XC1082681.wav,Alauda arvensis,Andrew McCafferty,train
1083209,Alauda_arvensis/XC1083209.mp3,Alauda arvensis,etienne.roland@gmail.com,val
1083556,Alauda_arvensis/XC1083556.mp3,Alauda arvensis,etienne.roland@gmail.com,train
1086323,Alauda_arvensis/XC1086323.wav,Alauda arvensis,Marc Maas,train
1086325,Alauda_arvensis/XC1086325.wav,Alauda arvensis,Marc Maas,train
1088568,Alauda_arvensis/XC1088568.wav,Alauda arvensis,David Darrell-Lambert,val
1088587,Alauda_arvensis/XC1088587.wav,Alauda arvensis,Petter Westberg,test
1089169,Alauda_arvensis/XC1089169.wav,Alauda arvensis,David Darrell-Lambert,test
1089399,Alauda_arvensis/XC1089399.wav,Alauda arvensis,David Darrell-Lambert,test
1091651,Alauda_arvensis/XC1091651.wav,Alauda arvensis,Grzegorz Michalski,train
1091664,Alauda_arvensis/XC1091664.wav,Alauda arvensis,Grzegorz Michalski,train
1091835,Alauda_arvensis/XC1091835.wav,Alauda arvensis,Noé Ferrari,train
1091999,Alauda_arvensis/XC1091999.wav,Alauda arvensis,João Ferreira Tomás,train
1092246,Alauda_arvensis/XC1092246.mp3,Alauda arvensis,Miika Silfverberg,test
1097143,Alauda_arvensis/XC1097143.mp3,Alauda arvensis,Zhang Jiaming,val
1097511,Alauda_arvensis/XC1097511.wav,Alauda arvensis,Norman Schiwora,train
1097597,Alauda_arvensis/XC1097597.wav,Alauda arvensis,Norman Schiwora,test
1099133,Alauda_arvensis/XC1099133.mp3,Alauda arvensis,Uku Paal,train
1100278,Alauda_arvensis/XC1100278.mp3,Alauda arvensis,Lucien Hueber,train
1101642,Alauda_arvensis/XC1101642.mp3,Alauda arvensis,Uku Paal,train
1102281,Alauda_arvensis/XC1102281.wav,Alauda arvensis,Paul Kelly,train
1105297,Alauda_arvensis/XC1105297.wav,Alauda arvensis,Clement Bruneau,train
1105387,Alauda_arvensis/XC1105387.mp3,Alauda arvensis,Eetu Paljakka,val
1105733,Alauda_arvensis/XC1105733.wav,Alauda arvensis,Denis Dujardin,train
1133337,Alauda_arvensis/XC1133337.mp3,Alauda arvensis,Bram Piot,train
1133357,Alauda_arvensis/XC1133357.wav,Alauda arvensis,Pere Josa,train
1135303,Alauda_arvensis/XC1135303.wav,Alauda arvensis,Niclas Backstrom,test
1135975,Alauda_arvensis/XC1135975.wav,Alauda arvensis,David Darrell-Lambert,train
1137642,Alauda_arvensis/XC1137642.wav,Alauda arvensis,Simon Gillings,train
1138307,Alauda_arvensis/XC1138307.wav,Alauda arvensis,Ding Li Yong,train
1138311,Alauda_arvensis/XC1138311.mp3,Alauda arvensis,Ding Li Yong,train
1142893,Alauda_arvensis/XC1142893.mp3,Alauda arvensis,Ding Li Yong,train
1142975,Alauda_arvensis/XC1142975.wav,Alauda arvensis,David Darrell-Lambert,val
1143020,Alauda_arvensis/XC1143020.wav,Alauda arvensis,David Darrell-Lambert,val
1143036,Alauda_arvensis/XC1143036.wav,Alauda arvensis,David Darrell-Lambert,train
1143346,Alauda_arvensis/XC1143346.wav,Alauda arvensis,David Darrell-Lambert,train
1143347,Alauda_arvensis/XC1143347.wav,Alauda arvensis,David Darrell-Lambert,train
1143348,Alauda_arvensis/XC1143348.wav,Alauda arvensis,David Darrell-Lambert,val
1143617,Alauda_arvensis/XC1143617.wav,Alauda arvensis,Dimitri,train
1144828,Alauda_arvensis/XC1144828.wav,Alauda arvensis,Rafael Costas,train
1145175,Alauda_arvensis/XC1145175.wav,Alauda arvensis,Ulf Elman,train
1145185,Alauda_arvensis/XC1145185.mp3,Alauda arvensis,Lea Gerbaix,test
1145327,Alauda_arvensis/XC1145327.wav,Alauda arvensis,Ulf Elman,val
1145455,Alauda_arvensis/XC1145455.wav,Alauda arvensis,David Darrell-Lambert,train
1145622,Alauda_arvensis/XC1145622.wav,Alauda arvensis,Manuel Grosselet,train
1147345,Alauda_arvensis/XC1147345.mp3,Alauda arvensis,Peter Boesman,train
1148352,Alauda_arvensis/XC1148352.mp3,Alauda arvensis,Luca Baghino,train
1149189,Alauda_arvensis/XC1149189.wav,Alauda arvensis,Clement Bruneau,train
1149191,Alauda_arvensis/XC1149191.wav,Alauda arvensis,Clement Bruneau,val
1149193,Alauda_arvensis/XC1149193.wav,Alauda arvensis,Clement Bruneau,train
1149897,Alauda_arvensis/XC1149897.wav,Alauda arvensis,Adrien Peillon,train
1149898,Alauda_arvensis/XC1149898.wav,Alauda arvensis,Adrien Peillon,test
1151849,Alauda_arvensis/XC1151849.wav,Alauda arvensis,Manuel Grosselet,train
1151850,Alauda_arvensis/XC1151850.wav,Alauda arvensis,Manuel Grosselet,train
1154537,Alauda_arvensis/XC1154537.wav,Alauda arvensis,David Darrell-Lambert,train
1155401,Alauda_arvensis/XC1155401.mp3,Alauda arvensis,Manuel Sánchez-Nivicela,val
1156541,Alauda_arvensis/XC1156541.wav,Alauda arvensis,Andrew Harrop,train
1161655,Alauda_arvensis/XC1161655.mp3,Alauda arvensis,Kent bird sounds,val
1163551,Alauda_arvensis/XC1163551.mp3,Alauda arvensis,Taras Vykhovanets,test
1164835,Alauda_arvensis/XC1164835.wav,Alauda arvensis,Zsombor Károlyi,train
1172581,Alauda_arvensis/XC1172581.wav,Alauda arvensis,Christian Kerihuel,train
1172702,Alauda_arvensis/XC1172702.mp3,Alauda arvensis,Lars Edenius,val
1173257,Alauda_arvensis/XC1173257.wav,Alauda arvensis,François Guibert,train
1176252,Alauda_arvensis/XC1176252.wav,Alauda arvensis,Adrien Peillon,val
27013,Anthus_trivialis/XC27013.mp3,Anthus trivialis,Patrik Åberg,train
27015,Anthus_trivialis/XC27015.mp3,Anthus trivialis,Patrik Åberg,train
27016,Anthus_trivialis/XC27016.mp3,Anthus trivialis,Patrik Åberg,val
30057,Anthus_trivialis/XC30057.mp3,Anthus trivialis,Ante Strand,train
35403,Anthus_trivialis/XC35403.mp3,Anthus trivialis,Herman van Oosten,train
42666,Anthus_trivialis/XC42666.mp3,Anthus trivialis,Patrik Åberg,val
57270,Anthus_trivialis/XC57270.mp3,Anthus trivialis,Daniel Kratzer,test
83705,Anthus_trivialis/XC83705.mp3,Anthus trivialis,Jelmer Poelstra,train
103779,Anthus_trivialis/XC103779.mp3,Anthus trivialis,Jarek Matusiak,train
103783,Anthus_trivialis/XC103783.mp3,Anthus trivialis,Jarek Matusiak,train
129380,Anthus_trivialis/XC129380.mp3,Anthus trivialis,Jarek Matusiak,train
146346,Anthus_trivialis/XC146346.mp3,Anthus trivialis,julien Rochefort,train
146349,Anthus_trivialis/XC146349.mp3,Anthus trivialis,julien Rochefort,train
146350,Anthus_trivialis/XC146350.mp3,Anthus trivialis,julien Rochefort,test
214427,Anthus_trivialis/XC214427.mp3,Anthus trivialis,Mikael Litsgård,val
281337,Anthus_trivialis/XC281337.mp3,Anthus trivialis,Peter Boesman,test
283496,Anthus_trivialis/XC283496.mp3,Anthus trivialis,Vincent van der Spek,test
288105,Anthus_trivialis/XC288105.mp3,Anthus trivialis,Mikael Litsgård,train
314844,Anthus_trivialis/XC314844.mp3,Anthus trivialis,Marco Dragonetti,train
314846,Anthus_trivialis/XC314846.mp3,Anthus trivialis,Marco Dragonetti,test
316774,Anthus_trivialis/XC316774.mp3,Anthus trivialis,Eetu Paljakka,train
367584,Anthus_trivialis/XC367584.mp3,Anthus trivialis,Vincent Pourchaire,val
370692,Anthus_trivialis/XC370692.mp3,Anthus trivialis,Lars Edenius,val
414882,Anthus_trivialis/XC414882.mp3,Anthus trivialis,Lars Edenius,test
416725,Anthus_trivialis/XC416725.mp3,Anthus trivialis,Lars Edenius,val
475926,Anthus_trivialis/XC475926.mp3,Anthus trivialis,Lars Edenius,val
481812,Anthus_trivialis/XC481812.mp3,Anthus trivialis,Sergio Mazzotti,train
482900,Anthus_trivialis/XC482900.mp3,Anthus trivialis,Lars Edenius,train
557474,Anthus_trivialis/XC557474.mp3,Anthus trivialis,Lars Edenius,test
560780,Anthus_trivialis/XC560780.mp3,Anthus trivialis,Stanislas Wroza,train
567380,Anthus_trivialis/XC567380.mp3,Anthus trivialis,Mats Rellmar,test
591097,Anthus_trivialis/XC591097.mp3,Anthus trivialis,Jarek Matusiak,val
634236,Anthus_trivialis/XC634236.mp3,Anthus trivialis,Siméon Béasse,train
641237,Anthus_trivialis/XC641237.mp3,Anthus trivialis,Peter Boesman,train
641248,Anthus_trivialis/XC641248.mp3,Anthus trivialis,Peter Boesman,test
643487,Anthus_trivialis/XC643487.mp3,Anthus trivialis,Stanislas Wroza,train
644923,Anthus_trivialis/XC644923.mp3,Anthus trivialis,Olivier SWIFT,train
646607,Anthus_trivialis/XC646607.mp3,Anthus trivialis,Lars Edenius,test
652701,Anthus_trivialis/XC652701.mp3,Anthus trivialis,Maarten Sluijter,train
655783,Anthus_trivialis/XC655783.mp3,Anthus trivialis,Johan Södercrantz,train
661776,Anthus_trivialis/XC661776.mp3,Anthus trivialis,Thomas Bergman,train
666220,Anthus_trivialis/XC666220.mp3,Anthus trivialis,Micha Luhn,test
676631,Anthus_trivialis/XC676631.mp3,Anthus trivialis,Uku Paal,train
738427,Anthus_trivialis/XC738427.mp3,Anthus trivialis,Agris Celmins,train
793771,Anthus_trivialis/XC793771.mp3,Anthus trivialis,Dominique Guillerme,val
793774,Anthus_trivialis/XC793774.mp3,Anthus trivialis,Dominique Guillerme,train
798394,Anthus_trivialis/XC798394.mp3,Anthus trivialis,Lars Edenius,train
798397,Anthus_trivialis/XC798397.mp3,Anthus trivialis,Lars Edenius,test
799283,Anthus_trivialis/XC799283.mp3,Anthus trivialis,Dominique Guillerme,train
799571,Anthus_trivialis/XC799571.mp3,Anthus trivialis,Lars Edenius,test
799580,Anthus_trivialis/XC799580.mp3,Anthus trivialis,Lars Edenius,train
802338,Anthus_trivialis/XC802338.mp3,Anthus trivialis,Susanne Kuijpers,val
818367,Anthus_trivialis/XC818367.mp3,Anthus trivialis,Lars Edenius,train
840065,Anthus_trivialis/XC840065.mp3,Anthus trivialis,Romuald Mikusek,train
897241,Anthus_trivialis/XC897241.wav,Anthus trivialis,Cyrille Frey,train
910117,Anthus_trivialis/XC910117.mp3,Anthus trivialis,"Olivier SWIFT, Hélène CARTAUD",train
915517,Anthus_trivialis/XC915517.wav,Anthus trivialis,Pere Josa,test
915518,Anthus_trivialis/XC915518.wav,Anthus trivialis,Pere Josa,train
917776,Anthus_trivialis/XC917776.mp3,Anthus trivialis,Jacobo Ramil Millarengo,val
927668,Anthus_trivialis/XC927668.wav,Anthus trivialis,Rafael Costas,train
929938,Anthus_trivialis/XC929938.wav,Anthus trivialis,Rafael Costas,test
973513,Anthus_trivialis/XC973513.wav,Anthus trivialis,Rafael Costas,train
973515,Anthus_trivialis/XC973515.wav,Anthus trivialis,Rafael Costas,val
990610,Anthus_trivialis/XC990610.wav,Anthus trivialis,João Tomás,train
1079852,Anthus_trivialis/XC1079852.wav,Anthus trivialis,David Darrell-Lambert,train
1079853,Anthus_trivialis/XC1079853.wav,Anthus trivialis,David Darrell-Lambert,train
1079854,Anthus_trivialis/XC1079854.wav,Anthus trivialis,David Darrell-Lambert,train
1079855,Anthus_trivialis/XC1079855.wav,Anthus trivialis,David Darrell-Lambert,test
1079856,Anthus_trivialis/XC1079856.wav,Anthus trivialis,David Darrell-Lambert,train
1079857,Anthus_trivialis/XC1079857.wav,Anthus trivialis,David Darrell-Lambert,train
1079858,Anthus_trivialis/XC1079858.wav,Anthus trivialis,David Darrell-Lambert,train
1080499,Anthus_trivialis/XC1080499.mp3,Anthus trivialis,Marc Anderson,train
1080881,Anthus_trivialis/XC1080881.wav,Anthus trivialis,David Darrell-Lambert,train
1080884,Anthus_trivialis/XC1080884.wav,Anthus trivialis,David Darrell-Lambert,train
1080885,Anthus_trivialis/XC1080885.wav,Anthus trivialis,David Darrell-Lambert,train
1080886,Anthus_trivialis/XC1080886.wav,Anthus trivialis,David Darrell-Lambert,train
1080893,Anthus_trivialis/XC1080893.wav,Anthus trivialis,David Darrell-Lambert,val
1080894,Anthus_trivialis/XC1080894.wav,Anthus trivialis,David Darrell-Lambert,test
1080895,Anthus_trivialis/XC1080895.wav,Anthus trivialis,David Darrell-Lambert,train
1080896,Anthus_trivialis/XC1080896.wav,Anthus trivialis,David Darrell-Lambert,train
1080897,Anthus_trivialis/XC1080897.wav,Anthus trivialis,David Darrell-Lambert,train
1080898,Anthus_trivialis/XC1080898.wav,Anthus trivialis,David Darrell-Lambert,train
1080902,Anthus_trivialis/XC1080902.wav,Anthus trivialis,David Darrell-Lambert,val
1080903,Anthus_trivialis/XC1080903.wav,Anthus trivialis,David Darrell-Lambert,train
1089017,Anthus_trivialis/XC1089017.mp3,Anthus trivialis,Bauke Albada,train
1089057,Anthus_trivialis/XC1089057.wav,Anthus trivialis,Petter Westberg,test
1089058,Anthus_trivialis/XC1089058.wav,Anthus trivialis,Petter Westberg,train
1089067,Anthus_trivialis/XC1089067.wav,Anthus trivialis,Petter Westberg,train
1090805,Anthus_trivialis/XC1090805.mp3,Anthus trivialis,Camille Vacher,val
1092907,Anthus_trivialis/XC1092907.mp3,Anthus trivialis,Will Scott,test
1094432,Anthus_trivialis/XC1094432.wav,Anthus trivialis,Lukas Witkowski,train
1097497,Anthus_trivialis/XC1097497.wav,Anthus trivialis,Norman Schiwora,train
1097540,Anthus_trivialis/XC1097540.wav,Anthus trivialis,Norman Schiwora,train
1097590,Anthus_trivialis/XC1097590.wav,Anthus trivialis,Norman Schiwora,train
1101577,Anthus_trivialis/XC1101577.mp3,Anthus trivialis,Gosse Hoekstra,train
1102302,Anthus_trivialis/XC1102302.mp3,Anthus trivialis,Gosse Hoekstra,train
1102988,Anthus_trivialis/XC1102988.wav,Anthus trivialis,Vandousselaere Patrick,train
1103363,Anthus_trivialis/XC1103363.wav,Anthus trivialis,Chi-Hsuan Shao,train
1103365,Anthus_trivialis/XC1103365.mp3,Anthus trivialis,Gosse Hoekstra,train
1103675,Anthus_trivialis/XC1103675.wav,Anthus trivialis,Denis Dujardin,train
1104619,Anthus_trivialis/XC1104619.mp3,Anthus trivialis,Lars Edenius,train
1104620,Anthus_trivialis/XC1104620.mp3,Anthus trivialis,Lars Edenius,train
1106017,Anthus_trivialis/XC1106017.mp3,Anthus trivialis,Michael John O Mahony,train
1106770,Anthus_trivialis/XC1106770.wav,Anthus trivialis,Vandousselaere Patrick,train
1133215,Anthus_trivialis/XC1133215.wav,Anthus trivialis,Marketa Rusarova,test
1133484,Anthus_trivialis/XC1133484.wav,Anthus trivialis,Marketa Rusarova,train
1133778,Anthus_trivialis/XC1133778.wav,Anthus trivialis,Marketa Rusarova,train
1133781,Anthus_trivialis/XC1133781.wav,Anthus trivialis,Marketa Rusarova,train
1133782,Anthus_trivialis/XC1133782.wav,Anthus trivialis,Marketa Rusarova,train
1134419,Anthus_trivialis/XC1134419.wav,Anthus trivialis,Stanislas Wroza,train
1135474,Anthus_trivialis/XC1135474.mp3,Anthus trivialis,Lucien Hueber,train
1136202,Anthus_trivialis/XC1136202.mp3,Anthus trivialis,Benjamin Manz,train
1138068,Anthus_trivialis/XC1138068.wav,Anthus trivialis,Pablo Guillemaud,train
1139204,Anthus_trivialis/XC1139204.wav,Anthus trivialis,Franek Owczarek,val
1140178,Anthus_trivialis/XC1140178.wav,Anthus trivialis,David Darrell-Lambert,val
1140180,Anthus_trivialis/XC1140180.wav,Anthus trivialis,David Darrell-Lambert,test
1142822,Anthus_trivialis/XC1142822.mp3,Anthus trivialis,Uku Paal,train
1146164,Anthus_trivialis/XC1146164.wav,Anthus trivialis,Niels Kristian Bech Jensen,train
1152511,Anthus_trivialis/XC1152511.wav,Anthus trivialis,Vandousselaere Patrick,train
1152562,Anthus_trivialis/XC1152562.wav,Anthus trivialis,Jordi Calvet,train
1154085,Anthus_trivialis/XC1154085.wav,Anthus trivialis,Arjun Dutta,test
1154627,Anthus_trivialis/XC1154627.mp3,Anthus trivialis,Tom Cooney,val
1156548,Anthus_trivialis/XC1156548.wav,Anthus trivialis,Vandousselaere Patrick,train
1160468,Anthus_trivialis/XC1160468.wav,Anthus trivialis,Nishant Bhagwat,val
1160469,Anthus_trivialis/XC1160469.wav,Anthus trivialis,Nishant Bhagwat,train
1160534,Anthus_trivialis/XC1160534.wav,Anthus trivialis,Nishant Bhagwat,train
1162287,Anthus_trivialis/XC1162287.wav,Anthus trivialis,Arjun Dutta,train
1162293,Anthus_trivialis/XC1162293.wav,Anthus trivialis,Arjun Dutta,train
1164001,Anthus_trivialis/XC1164001.wav,Anthus trivialis,Rafael Costas,train
1165171,Anthus_trivialis/XC1165171.wav,Anthus trivialis,Zsombor Károlyi,train
1166406,Anthus_trivialis/XC1166406.wav,Anthus trivialis,Lionel FREDERIC,train
1166746,Anthus_trivialis/XC1166746.wav,Anthus trivialis,marc1981,train
1167087,Anthus_trivialis/XC1167087.mp3,Anthus trivialis,Gerrit Dommerholt,val
1168261,Anthus_trivialis/XC1168261.wav,Anthus trivialis,Stanislas Wroza,train
1168997,Anthus_trivialis/XC1168997.wav,Anthus trivialis,Stanislas Wroza,val
1172505,Anthus_trivialis/XC1172505.wav,Anthus trivialis,Philippe Grange,test
1172626,Anthus_trivialis/XC1172626.wav,Anthus trivialis,Philippe Grange,train
1172629,Anthus_trivialis/XC1172629.wav,Anthus trivialis,Philippe Grange,val
1173139,Anthus_trivialis/XC1173139.wav,Anthus trivialis,Tobias Larsson,train
1173260,Anthus_trivialis/XC1173260.wav,Anthus trivialis,Tobias Larsson,train
1173271,Anthus_trivialis/XC1173271.wav,Anthus trivialis,Rafael Costas,train
1174068,Anthus_trivialis/XC1174068.wav,Anthus trivialis,Philippe Grange,train
1175388,Anthus_trivialis/XC1175388.wav,Anthus trivialis,chambris,train
1176566,Anthus_trivialis/XC1176566.mp3,Anthus trivialis,David Tattersley,train
1176607,Anthus_trivialis/XC1176607.wav,Anthus trivialis,Noé Ferrari,train
1177291,Anthus_trivialis/XC1177291.mp3,Anthus trivialis,Mario Baldauf,train
1177488,Anthus_trivialis/XC1177488.wav,Anthus trivialis,Sjouke Scholten,train
1177598,Anthus_trivialis/XC1177598.wav,Anthus trivialis,Walter Wallner,train
1177620,Anthus_trivialis/XC1177620.wav,Anthus trivialis,Gil Lissens,train
1177621,Anthus_trivialis/XC1177621.wav,Anthus trivialis,Gil Lissens,train
27689,Carduelis_carduelis/XC27689.mp3,Carduelis carduelis,Patrik Åberg,train
34678,Carduelis_carduelis/XC34678.mp3,Carduelis carduelis,Ruud van Beusekom,train
77547,Carduelis_carduelis/XC77547.mp3,Carduelis carduelis,Jacques PREVOST,test
112804,Carduelis_carduelis/XC112804.mp3,Carduelis carduelis,Patrik Åberg,val
112805,Carduelis_carduelis/XC112805.mp3,Carduelis carduelis,Patrik Åberg,test
127382,Carduelis_carduelis/XC127382.mp3,Carduelis carduelis,Jarek Matusiak,train
144943,Carduelis_carduelis/XC144943.mp3,Carduelis carduelis,Marco Dragonetti,val
145542,Carduelis_carduelis/XC145542.mp3,Carduelis carduelis,Patrik Åberg,test
152632,Carduelis_carduelis/XC152632.mp3,Carduelis carduelis,Jarek Matusiak,train
152636,Carduelis_carduelis/XC152636.mp3,Carduelis carduelis,Jarek Matusiak,train
152637,Carduelis_carduelis/XC152637.mp3,Carduelis carduelis,Jarek Matusiak,train
281769,Carduelis_carduelis/XC281769.mp3,Carduelis carduelis,Peter Boesman,train
281772,Carduelis_carduelis/XC281772.mp3,Carduelis carduelis,Peter Boesman,train
281773,Carduelis_carduelis/XC281773.mp3,Carduelis carduelis,Peter Boesman,train
292577,Carduelis_carduelis/XC292577.mp3,Carduelis carduelis,Gerard OLIVIER,train
325326,Carduelis_carduelis/XC325326.mp3,Carduelis carduelis,Jarek Matusiak,train
362169,Carduelis_carduelis/XC362169.mp3,Carduelis carduelis,Joost van Bruggen,test
366113,Carduelis_carduelis/XC366113.mp3,Carduelis carduelis,Ashley Fisher,train
374321,Carduelis_carduelis/XC374321.mp3,Carduelis carduelis,Manuel Grosselet,train
375881,Carduelis_carduelis/XC375881.mp3,Carduelis carduelis,Fabrizio Grieco,train
378395,Carduelis_carduelis/XC378395.mp3,Carduelis carduelis,Timo Schnabel,train
378400,Carduelis_carduelis/XC378400.mp3,Carduelis carduelis,Timo Schnabel,train
378401,Carduelis_carduelis/XC378401.mp3,Carduelis carduelis,Timo Schnabel,test
405944,Carduelis_carduelis/XC405944.mp3,Carduelis carduelis,Marco Dragonetti,test
405945,Carduelis_carduelis/XC405945.mp3,Carduelis carduelis,Marco Dragonetti,train
405946,Carduelis_carduelis/XC405946.mp3,Carduelis carduelis,Marco Dragonetti,train
448656,Carduelis_carduelis/XC448656.mp3,Carduelis carduelis,Patrik Åberg,train
461858,Carduelis_carduelis/XC461858.mp3,Carduelis carduelis,Elias A. Ryberg,train
467936,Carduelis_carduelis/XC467936.mp3,Carduelis carduelis,Olivier SWIFT,train
471820,Carduelis_carduelis/XC471820.mp3,Carduelis carduelis,Stanislas Wroza,train
496334,Carduelis_carduelis/XC496334.mp3,Carduelis carduelis,Lars Edenius,train
513545,Carduelis_carduelis/XC513545.mp3,Carduelis carduelis,Sean Ronayne,train
541674,Carduelis_carduelis/XC541674.mp3,Carduelis carduelis,Rick Sharloch,train
542349,Carduelis_carduelis/XC542349.mp3,Carduelis carduelis,Lars Edenius,train
542354,Carduelis_carduelis/XC542354.mp3,Carduelis carduelis,Lars Edenius,train
542355,Carduelis_carduelis/XC542355.mp3,Carduelis carduelis,Lars Edenius,val
547346,Carduelis_carduelis/XC547346.mp3,Carduelis carduelis,Lars Edenius,train
556818,Carduelis_carduelis/XC556818.mp3,Carduelis carduelis,Stanislas Wroza,train
556828,Carduelis_carduelis/XC556828.mp3,Carduelis carduelis,Stanislas Wroza,train
556835,Carduelis_carduelis/XC556835.mp3,Carduelis carduelis,Stanislas Wroza,test
556840,Carduelis_carduelis/XC556840.mp3,Carduelis carduelis,Stanislas Wroza,val
559409,Carduelis_carduelis/XC559409.mp3,Carduelis carduelis,Jarek Matusiak,train
571980,Carduelis_carduelis/XC571980.mp3,Carduelis carduelis,Rick Sharloch,train
584317,Carduelis_carduelis/XC584317.mp3,Carduelis carduelis,Stanislas Wroza,val
596923,Carduelis_carduelis/XC596923.mp3,Carduelis carduelis,Stanislas Wroza,val
608555,Carduelis_carduelis/XC608555.mp3,Carduelis carduelis,Lars Edenius,train
611987,Carduelis_carduelis/XC611987.mp3,Carduelis carduelis,Lars Edenius,train
613703,Carduelis_carduelis/XC613703.mp3,Carduelis carduelis,Lars Edenius,train
614383,Carduelis_carduelis/XC614383.mp3,Carduelis carduelis,Lars Edenius,train
615108,Carduelis_carduelis/XC615108.mp3,Carduelis carduelis,Lars Edenius,train
619922,Carduelis_carduelis/XC619922.mp3,Carduelis carduelis,Lars Edenius,train
619923,Carduelis_carduelis/XC619923.mp3,Carduelis carduelis,Lars Edenius,test
620853,Carduelis_carduelis/XC620853.mp3,Carduelis carduelis,Lars Edenius,val
627912,Carduelis_carduelis/XC627912.mp3,Carduelis carduelis,Lars Edenius,test
639785,Carduelis_carduelis/XC639785.mp3,Carduelis carduelis,Elias A. Ryberg,test
643306,Carduelis_carduelis/XC643306.mp3,Carduelis carduelis,Johan Södercrantz,train
647553,Carduelis_carduelis/XC647553.mp3,Carduelis carduelis,Simon Elliott,train
656496,Carduelis_carduelis/XC656496.mp3,Carduelis carduelis,Uku Paal,train
656498,Carduelis_carduelis/XC656498.mp3,Carduelis carduelis,Uku Paal,train
661073,Carduelis_carduelis/XC661073.mp3,Carduelis carduelis,Susanne Kuijpers,train
663610,Carduelis_carduelis/XC663610.mp3,Carduelis carduelis,Susanne Kuijpers,train
670878,Carduelis_carduelis/XC670878.mp3,Carduelis carduelis,Lars Edenius,train
670879,Carduelis_carduelis/XC670879.mp3,Carduelis carduelis,Lars Edenius,test
683577,Carduelis_carduelis/XC683577.mp3,Carduelis carduelis,Lars Edenius,train
683590,Carduelis_carduelis/XC683590.mp3,Carduelis carduelis,Lars Edenius,val
683799,Carduelis_carduelis/XC683799.mp3,Carduelis carduelis,Lars Edenius,val
684071,Carduelis_carduelis/XC684071.mp3,Carduelis carduelis,Lars Edenius,train
685910,Carduelis_carduelis/XC685910.mp3,Carduelis carduelis,W. Agster,val
690450,Carduelis_carduelis/XC690450.mp3,Carduelis carduelis,Lars Edenius,test
690694,Carduelis_carduelis/XC690694.mp3,Carduelis carduelis,Lars Edenius,val
698214,Carduelis_carduelis/XC698214.mp3,Carduelis carduelis,Lars Edenius,train
700803,Carduelis_carduelis/XC700803.mp3,Carduelis carduelis,Lars Edenius,val
702143,Carduelis_carduelis/XC702143.mp3,Carduelis carduelis,Dominique Guillerme,train
703977,Carduelis_carduelis/XC703977.mp3,Carduelis carduelis,Lars Edenius,train
703979,Carduelis_carduelis/XC703979.mp3,Carduelis carduelis,Lars Edenius,train
712216,Carduelis_carduelis/XC712216.mp3,Carduelis carduelis,Lars Edenius,val
720828,Carduelis_carduelis/XC720828.mp3,Carduelis carduelis,Frantz Barrault,test
723280,Carduelis_carduelis/XC723280.mp3,Carduelis carduelis,PE Svahn,train
747847,Carduelis_carduelis/XC747847.mp3,Carduelis carduelis,Antonio Xeira,train
776847,Carduelis_carduelis/XC776847.mp3,Carduelis carduelis,Stanislas Wroza,train
819266,Carduelis_carduelis/XC819266.mp3,Carduelis carduelis,Alain Malengreau,train
859718,Carduelis_carduelis/XC859718.mp3,Carduelis carduelis,Peter Boesman,train
878546,Carduelis_carduelis/XC878546.wav,Carduelis carduelis,Stuart Barker,train
943251,Carduelis_carduelis/XC943251.mp3,Carduelis carduelis,Jarek Matusiak,val
945796,Carduelis_carduelis/XC945796.mp3,Carduelis carduelis,Ulf Elman,train
1007384,Carduelis_carduelis/XC1007384.mp3,Carduelis carduelis,Francesco Sottile,test
1007386,Carduelis_carduelis/XC1007386.mp3,Carduelis carduelis,Francesco Sottile,train
1029391,Carduelis_carduelis/XC1029391.wav,Carduelis carduelis,João Tomás,train
1052341,Carduelis_carduelis/XC1052341.wav,Carduelis carduelis,Lee Alder,train
1063754,Carduelis_carduelis/XC1063754.wav,Carduelis carduelis,Lee Alder,test
1078548,Carduelis_carduelis/XC1078548.wav,Carduelis carduelis,David Darrell-Lambert,train
1084542,Carduelis_carduelis/XC1084542.wav,Carduelis carduelis,Norman Schiwora,train
1085742,Carduelis_carduelis/XC1085742.mp3,Carduelis carduelis,Olli Väisänen,val
1086424,Carduelis_carduelis/XC1086424.mp3,Carduelis carduelis,Lars Edenius,val
1086820,Carduelis_carduelis/XC1086820.wav,Carduelis carduelis,David Darrell-Lambert,train
1087482,Carduelis_carduelis/XC1087482.wav,Carduelis carduelis,Petter Westberg,train
1088100,Carduelis_carduelis/XC1088100.mp3,Carduelis carduelis,Zsombor Károlyi,train
1089441,Carduelis_carduelis/XC1089441.wav,Carduelis carduelis,Andrew Harrop,val
1089443,Carduelis_carduelis/XC1089443.wav,Carduelis carduelis,Andrew Harrop,train
1090080,Carduelis_carduelis/XC1090080.wav,Carduelis carduelis,Han,train
1092934,Carduelis_carduelis/XC1092934.wav,Carduelis carduelis,Jens Schöller,test
1096241,Carduelis_carduelis/XC1096241.mp3,Carduelis carduelis,Ivan Abramov,train
1097352,Carduelis_carduelis/XC1097352.wav,Carduelis carduelis,Norman Schiwora,test
1097531,Carduelis_carduelis/XC1097531.wav,Carduelis carduelis,Norman Schiwora,train
1100075,Carduelis_carduelis/XC1100075.mp3,Carduelis carduelis,Uku Paal,train
1101554,Carduelis_carduelis/XC1101554.wav,Carduelis carduelis,Arend Wassink,train
1101931,Carduelis_carduelis/XC1101931.mp3,Carduelis carduelis,David Gustafsson,train
1102764,Carduelis_carduelis/XC1102764.wav,Carduelis carduelis,Beatrix Saadi-Varchmin,train
1103876,Carduelis_carduelis/XC1103876.wav,Carduelis carduelis,Petter Westberg,train
1104753,Carduelis_carduelis/XC1104753.wav,Carduelis carduelis,Jens Schöller,train
1105306,Carduelis_carduelis/XC1105306.mp3,Carduelis carduelis,Lucien Hueber,train
1105731,Carduelis_carduelis/XC1105731.wav,Carduelis carduelis,Walter Wallner,train
1107175,Carduelis_carduelis/XC1107175.wav,Carduelis carduelis,Nelson Conceição,test
1107511,Carduelis_carduelis/XC1107511.wav,Carduelis carduelis,Franek Owczarek,train
1107745,Carduelis_carduelis/XC1107745.wav,Carduelis carduelis,David Darrell-Lambert,val
1121203,Carduelis_carduelis/XC1121203.wav,Carduelis carduelis,Petter Westberg,train
1133899,Carduelis_carduelis/XC1133899.wav,Carduelis carduelis,András Schmidt,train
1134336,Carduelis_carduelis/XC1134336.wav,Carduelis carduelis,Philippe_Grange,test
1136651,Carduelis_carduelis/XC1136651.wav,Carduelis carduelis,David Darrell-Lambert,train
1136666,Carduelis_carduelis/XC1136666.wav,Carduelis carduelis,David Darrell-Lambert,train
1137226,Carduelis_carduelis/XC1137226.mp3,Carduelis carduelis,Albert Lastukhin,train
1137227,Carduelis_carduelis/XC1137227.mp3,Carduelis carduelis,Albert Lastukhin,train
1137229,Carduelis_carduelis/XC1137229.mp3,Carduelis carduelis,Albert Lastukhin,test
1138505,Carduelis_carduelis/XC1138505.wav,Carduelis carduelis,Pere Josa,val
1138888,Carduelis_carduelis/XC1138888.wav,Carduelis carduelis,Simon Gillings,train
1139518,Carduelis_carduelis/XC1139518.wav,Carduelis carduelis,Grzegorz Lorek,val
1145022,Carduelis_carduelis/XC1145022.wav,Carduelis carduelis,David Darrell-Lambert,train
1145337,Carduelis_carduelis/XC1145337.mp3,Carduelis carduelis,Francesco Sottile,train
1145343,Carduelis_carduelis/XC1145343.mp3,Carduelis carduelis,Francesco Sottile,train
1145458,Carduelis_carduelis/XC1145458.wav,Carduelis carduelis,David Darrell-Lambert,train
1145841,Carduelis_carduelis/XC1145841.wav,Carduelis carduelis,David Darrell-Lambert,test
1149933,Carduelis_carduelis/XC1149933.wav,Carduelis carduelis,Adrien Peillon,test
1150181,Carduelis_carduelis/XC1150181.mp3,Carduelis carduelis,Louis-Marie Gourmelon,train
1150344,Carduelis_carduelis/XC1150344.mp3,Carduelis carduelis,Uku Paal,train
1150346,Carduelis_carduelis/XC1150346.mp3,Carduelis carduelis,Uku Paal,train
1151834,Carduelis_carduelis/XC1151834.wav,Carduelis carduelis,Manuel Grosselet,train
1153248,Carduelis_carduelis/XC1153248.wav,Carduelis carduelis,Arjun Dutta,train
1155571,Carduelis_carduelis/XC1155571.wav,Carduelis carduelis,Andrew Harrop,train
1156318,Carduelis_carduelis/XC1156318.wav,Carduelis carduelis,Andrew McCafferty,train
1156770,Carduelis_carduelis/XC1156770.wav,Carduelis carduelis,David Darrell-Lambert,val
1158137,Carduelis_carduelis/XC1158137.mp3,Carduelis carduelis,Kelle Moreau,train
1158151,Carduelis_carduelis/XC1158151.mp3,Carduelis carduelis,Kelle Moreau,val
1158153,Carduelis_carduelis/XC1158153.mp3,Carduelis carduelis,Kelle Moreau,test
1158245,Carduelis_carduelis/XC1158245.mp3,Carduelis carduelis,Kelle Moreau,train
1161157,Carduelis_carduelis/XC1161157.wav,Carduelis carduelis,Clement Bruneau,train
1162026,Carduelis_carduelis/XC1162026.wav,Carduelis carduelis,François Guibert,train
1165057,Carduelis_carduelis/XC1165057.wav,Carduelis carduelis,Zsombor Károlyi,train
1173230,Carduelis_carduelis/XC1173230.mp3,Carduelis carduelis,Lars Edenius,train
1175564,Carduelis_carduelis/XC1175564.wav,Carduelis carduelis,Ulf Elman,train
1175783,Carduelis_carduelis/XC1175783.wav,Carduelis carduelis,Jordi Calvet,train
823864,Certhia_brachydactyla/XC823864.mp3,Certhia brachydactyla,Dominique Guillerme,train
832647,Certhia_brachydactyla/XC832647.mp3,Certhia brachydactyla,Jacobo Ramil Millarengo,test
834209,Certhia_brachydactyla/XC834209.wav,Certhia brachydactyla,Jose Ignacio Molina,train
841727,Certhia_brachydactyla/XC841727.mp3,Certhia brachydactyla,Gianluca Congi,test
841729,Certhia_brachydactyla/XC841729.mp3,Certhia brachydactyla,Gianluca Congi,train
846057,Certhia_brachydactyla/XC846057.mp3,Certhia brachydactyla,Thierry THOMAS,val
854852,Certhia_brachydactyla/XC854852.mp3,Certhia brachydactyla,Wim Jacobs,train
854857,Certhia_brachydactyla/XC854857.mp3,Certhia brachydactyla,Wim Jacobs,train
855455,Certhia_brachydactyla/XC855455.mp3,Certhia brachydactyla,Teet Sirotkin,train
855700,Certhia_brachydactyla/XC855700.wav,Certhia brachydactyla,Sven Normant,test
856164,Certhia_brachydactyla/XC856164.mp3,Certhia brachydactyla,FREDERIC Lionel,train
856694,Certhia_brachydactyla/XC856694.mp3,Certhia brachydactyla,FREDERIC Lionel,train
860533,Certhia_brachydactyla/XC860533.wav,Certhia brachydactyla,Sławomir Karpicki,train
863656,Certhia_brachydactyla/XC863656.wav,Certhia brachydactyla,João Ferreira Tomás,train
870997,Certhia_brachydactyla/XC870997.mp3,Certhia brachydactyla,Jorge Leitão,val
870999,Certhia_brachydactyla/XC870999.mp3,Certhia brachydactyla,Jorge Leitão,train
872195,Certhia_brachydactyla/XC872195.wav,Certhia brachydactyla,Johannes Dag Mayer,train
872791,Certhia_brachydactyla/XC872791.wav,Certhia brachydactyla,João Ferreira Tomás,val
877555,Certhia_brachydactyla/XC877555.wav,Certhia brachydactyla,Stephan Risch,train
877796,Certhia_brachydactyla/XC877796.mp3,Certhia brachydactyla,Tomas Berg,val
878584,Certhia_brachydactyla/XC878584.mp3,Certhia brachydactyla,Nicolas Martinez,train
879424,Certhia_brachydactyla/XC879424.mp3,Certhia brachydactyla,FREDERIC Lionel,train
881189,Certhia_brachydactyla/XC881189.mp3,Certhia brachydactyla,Jorge Leitão,train
881635,Certhia_brachydactyla/XC881635.mp3,Certhia brachydactyla,Jorge Leitão,train
883113,Certhia_brachydactyla/XC883113.mp3,Certhia brachydactyla,Jorge Leitão,train
884077,Certhia_brachydactyla/XC884077.wav,Certhia brachydactyla,Martin Billard,train
890454,Certhia_brachydactyla/XC890454.wav,Certhia brachydactyla,João Ferreira Tomás,train
890455,Certhia_brachydactyla/XC890455.wav,Certhia brachydactyla,João Ferreira Tomás,val
892608,Certhia_brachydactyla/XC892608.mp3,Certhia brachydactyla,Olivier SWIFT,test
899288,Certhia_brachydactyla/XC899288.wav,Certhia brachydactyla,David Pennington,train
901018,Certhia_brachydactyla/XC901018.wav,Certhia brachydactyla,Grzegorz Lorek,train
901386,Certhia_brachydactyla/XC901386.mp3,Certhia brachydactyla,Jorge Leitão,train
904776,Certhia_brachydactyla/XC904776.wav,Certhia brachydactyla,Andrés Turrado Ubón,test
908849,Certhia_brachydactyla/XC908849.mp3,Certhia brachydactyla,Latal,test
911864,Certhia_brachydactyla/XC911864.mp3,Certhia brachydactyla,Francesco Sottile,train
917058,Certhia_brachydactyla/XC917058.mp3,Certhia brachydactyla,Thierry THOMAS,train
917703,Certhia_brachydactyla/XC917703.wav,Certhia brachydactyla,Xavier Riera,train
921191,Certhia_brachydactyla/XC921191.wav,Certhia brachydactyla,Esperanza Poveda,train
924652,Certhia_brachydactyla/XC924652.wav,Certhia brachydactyla,Jorge Leitão,train
925199,Certhia_brachydactyla/XC925199.wav,Certhia brachydactyla,Jorge Leitão,val
925364,Certhia_brachydactyla/XC925364.wav,Certhia brachydactyla,Jorge Leitão,val
926942,Certhia_brachydactyla/XC926942.mp3,Certhia brachydactyla,Jack Berteau,train
929056,Certhia_brachydactyla/XC929056.wav,Certhia brachydactyla,Jorge Leitão,val
931857,Certhia_brachydactyla/XC931857.wav,Certhia brachydactyla,Beatrix Saadi-Varchmin,val
932906,Certhia_brachydactyla/XC932906.mp3,Certhia brachydactyla,FREDERIC Lionel,train
933122,Certhia_brachydactyla/XC933122.wav,Certhia brachydactyla,Jorge Leitão,train
934674,Certhia_brachydactyla/XC934674.mp3,Certhia brachydactyla,Gianluca Congi,train
941915,Certhia_brachydactyla/XC941915.mp3,Certhia brachydactyla,FREDERIC Lionel,train
944710,Certhia_brachydactyla/XC944710.wav,Certhia brachydactyla,João Ferreira Tomás,test
954081,Certhia_brachydactyla/XC954081.wav,Certhia brachydactyla,Jorge Leitão,train
956258,Certhia_brachydactyla/XC956258.wav,Certhia brachydactyla,Le Louaver Manuel,train
961218,Certhia_brachydactyla/XC961218.wav,Certhia brachydactyla,Jorge Leitão,train
962293,Certhia_brachydactyla/XC962293.wav,Certhia brachydactyla,Hans Matheve,train
962294,Certhia_brachydactyla/XC962294.wav,Certhia brachydactyla,Hans Matheve,train
964105,Certhia_brachydactyla/XC964105.wav,Certhia brachydactyla,Jorge Safara,train
965100,Certhia_brachydactyla/XC965100.wav,Certhia brachydactyla,Jorge Leitão,train
965101,Certhia_brachydactyla/XC965101.wav,Certhia brachydactyla,Jorge Leitão,train
965182,Certhia_brachydactyla/XC965182.mp3,Certhia brachydactyla,Mats Cornmark,train
972862,Certhia_brachydactyla/XC972862.wav,Certhia brachydactyla,Antonio Xeira,test
973544,Certhia_brachydactyla/XC973544.wav,Certhia brachydactyla,João Ferreira Tomás,train
973570,Certhia_brachydactyla/XC973570.wav,Certhia brachydactyla,João Ferreira Tomás,test
974754,Certhia_brachydactyla/XC974754.wav,Certhia brachydactyla,David Darrell-Lambert,train
975953,Certhia_brachydactyla/XC975953.wav,Certhia brachydactyla,Arjun Dutta,train
977451,Certhia_brachydactyla/XC977451.mp3,Certhia brachydactyla,FREDERIC Lionel,train
977962,Certhia_brachydactyla/XC977962.mp3,Certhia brachydactyla,Jacobo Ramil Millarengo,train
979418,Certhia_brachydactyla/XC979418.mp3,Certhia brachydactyla,Francesco Sottile,train
979419,Certhia_brachydactyla/XC979419.mp3,Certhia brachydactyla,Francesco Sottile,val
979420,Certhia_brachydactyla/XC979420.mp3,Certhia brachydactyla,Francesco Sottile,train
979815,Certhia_brachydactyla/XC979815.wav,Certhia brachydactyla,Petter Westberg,train
988050,Certhia_brachydactyla/XC988050.mp3,Certhia brachydactyla,FRIEDRICH Richard,train
988052,Certhia_brachydactyla/XC988052.mp3,Certhia brachydactyla,FRIEDRICH Richard,test
988075,Certhia_brachydactyla/XC988075.mp3,Certhia brachydactyla,FRIEDRICH Richard,train
988081,Certhia_brachydactyla/XC988081.mp3,Certhia brachydactyla,FRIEDRICH Richard,train
988095,Certhia_brachydactyla/XC988095.mp3,Certhia brachydactyla,FRIEDRICH Richard,train
988230,Certhia_brachydactyla/XC988230.mp3,Certhia brachydactyla,FRIEDRICH Richard,train
988248,Certhia_brachydactyla/XC988248.mp3,Certhia brachydactyla,FRIEDRICH Richard,train
988254,Certhia_brachydactyla/XC988254.mp3,Certhia brachydactyla,FRIEDRICH Richard,test
993556,Certhia_brachydactyla/XC993556.mp3,Certhia brachydactyla,Manusan,train
993561,Certhia_brachydactyla/XC993561.wav,Certhia brachydactyla,Manusan,train
993562,Certhia_brachydactyla/XC993562.wav,Certhia brachydactyla,Manusan,val
994650,Certhia_brachydactyla/XC994650.wav,Certhia brachydactyla,João Ferreira Tomás,train
995570,Certhia_brachydactyla/XC995570.mp3,Certhia brachydactyla,Thierry THOMAS,train
999022,Certhia_brachydactyla/XC999022.mp3,Certhia brachydactyla,Thierry THOMAS,train
999028,Certhia_brachydactyla/XC999028.wav,Certhia brachydactyla,Kristina Panova,train
999036,Certhia_brachydactyla/XC999036.wav,Certhia brachydactyla,Kristina Panova,train
1000772,Certhia_brachydactyla/XC1000772.mp3,Certhia brachydactyla,FRIEDRICH Richard,train
1002949,Certhia_brachydactyla/XC1002949.wav,Certhia brachydactyla,João Ferreira Tomás,train
1003413,Certhia_brachydactyla/XC1003413.mp3,Certhia brachydactyla,Thierry THOMAS,train
1010976,Certhia_brachydactyla/XC1010976.mp3,Certhia brachydactyla,Thierry THOMAS,train
1015472,Certhia_brachydactyla/XC1015472.mp3,Certhia brachydactyla,Romuald Mikusek,test
1015482,Certhia_brachydactyla/XC1015482.mp3,Certhia brachydactyla,Romuald Mikusek,train
1020501,Certhia_brachydactyla/XC1020501.mp3,Certhia brachydactyla,Étienne Leroy,train
1029065,Certhia_brachydactyla/XC1029065.wav,Certhia brachydactyla,Xavier Riera,train
1044156,Certhia_brachydactyla/XC1044156.mp3,Certhia brachydactyla,Adam Gruszczyński,train
1044170,Certhia_brachydactyla/XC1044170.mp3,Certhia brachydactyla,Adam Gruszczyński,train
1046178,Certhia_brachydactyla/XC1046178.mp3,Certhia brachydactyla,Lionel FREDERIC,train
1046205,Certhia_brachydactyla/XC1046205.wav,Certhia brachydactyla,Jorge Leitão,test
1046624,Certhia_brachydactyla/XC1046624.wav,Certhia brachydactyla,Denis Dujardin,train
1048996,Certhia_brachydactyla/XC1048996.mp3,Certhia brachydactyla,Alain Verneau,val
1048998,Certhia_brachydactyla/XC1048998.mp3,Certhia brachydactyla,Alain Verneau,val
1049601,Certhia_brachydactyla/XC1049601.wav,Certhia brachydactyla,Gil Lissens,val
1053236,Certhia_brachydactyla/XC1053236.mp3,Certhia brachydactyla,Denis Dujardin,test
1061118,Certhia_brachydactyla/XC1061118.wav,Certhia brachydactyla,Adrien Peillon,val
1061119,Certhia_brachydactyla/XC1061119.wav,Certhia brachydactyla,Adrien Peillon,test
1061120,Certhia_brachydactyla/XC1061120.wav,Certhia brachydactyla,Adrien Peillon,train
1068696,Certhia_brachydactyla/XC1068696.mp3,Certhia brachydactyla,Francesco Sottile,train
1068697,Certhia_brachydactyla/XC1068697.mp3,Certhia brachydactyla,Francesco Sottile,train
1069562,Certhia_brachydactyla/XC1069562.wav,Certhia brachydactyla,Jorge Leitão,train
1070407,Certhia_brachydactyla/XC1070407.wav,Certhia brachydactyla,David Darrell-Lambert,train
1070409,Certhia_brachydactyla/XC1070409.wav,Certhia brachydactyla,David Darrell-Lambert,train
1073435,Certhia_brachydactyla/XC1073435.wav,Certhia brachydactyla,Adrien Peillon,train
1075779,Certhia_brachydactyla/XC1075779.mp3,Certhia brachydactyla,Marc Anderson,train
1075780,Certhia_brachydactyla/XC1075780.mp3,Certhia brachydactyla,Marc Anderson,train
1075781,Certhia_brachydactyla/XC1075781.mp3,Certhia brachydactyla,Marc Anderson,train
1075783,Certhia_brachydactyla/XC1075783.mp3,Certhia brachydactyla,Marc Anderson,train
1076764,Certhia_brachydactyla/XC1076764.wav,Certhia brachydactyla,Lars Lachmann,train
1076766,Certhia_brachydactyla/XC1076766.wav,Certhia brachydactyla,Lars Lachmann,train
1080310,Certhia_brachydactyla/XC1080310.wav,Certhia brachydactyla,Frank Lambert,val
1083071,Certhia_brachydactyla/XC1083071.mp3,Certhia brachydactyla,Esperanza Poveda,train
1083073,Certhia_brachydactyla/XC1083073.mp3,Certhia brachydactyla,Lars Burnus,train
1083406,Certhia_brachydactyla/XC1083406.wav,Certhia brachydactyla,Xavier Riera,train
1084290,Certhia_brachydactyla/XC1084290.mp3,Certhia brachydactyla,Thierry THOMAS,train
1084796,Certhia_brachydactyla/XC1084796.wav,Certhia brachydactyla,Jorge Leitão,train
1085165,Certhia_brachydactyla/XC1085165.wav,Certhia brachydactyla,Jorge Leitão,train
1085339,Certhia_brachydactyla/XC1085339.wav,Certhia brachydactyla,João Ferreira Tomás,train
1085453,Certhia_brachydactyla/XC1085453.mp3,Certhia brachydactyla,Gianluca Congi,train
1085455,Certhia_brachydactyla/XC1085455.mp3,Certhia brachydactyla,Gianluca Congi,val
1086423,Certhia_brachydactyla/XC1086423.wav,Certhia brachydactyla,João Ferreira Tomás,train
1087139,Certhia_brachydactyla/XC1087139.wav,Certhia brachydactyla,Rafael Costas,train
1089930,Certhia_brachydactyla/XC1089930.wav,Certhia brachydactyla,Grzegorz Michalski,val
1091575,Certhia_brachydactyla/XC1091575.mp3,Certhia brachydactyla,Jonas Bonnedahl,test
1091918,Certhia_brachydactyla/XC1091918.mp3,Certhia brachydactyla,Magnus Hellström,train
1098392,Certhia_brachydactyla/XC1098392.wav,Certhia brachydactyla,Stanislas Wroza,train
1098393,Certhia_brachydactyla/XC1098393.wav,Certhia brachydactyla,Stanislas Wroza,train
1104217,Certhia_brachydactyla/XC1104217.mp3,Certhia brachydactyla,Filippo Ceccolini,test
1104923,Certhia_brachydactyla/XC1104923.mp3,Certhia brachydactyla,Romuald Mikusek,train
1105679,Certhia_brachydactyla/XC1105679.wav,Certhia brachydactyla,Walter Wallner,test
1135540,Certhia_brachydactyla/XC1135540.wav,Certhia brachydactyla,Dussert Gaspard,val
1141684,Certhia_brachydactyla/XC1141684.wav,Certhia brachydactyla,Xavier Riera,test
1141869,Certhia_brachydactyla/XC1141869.mp3,Certhia brachydactyla,Thierry THOMAS,val
1142578,Certhia_brachydactyla/XC1142578.wav,Certhia brachydactyla,Walter Wallner,val
1142586,Certhia_brachydactyla/XC1142586.wav,Certhia brachydactyla,Walter Wallner,train
1143399,Certhia_brachydactyla/XC1143399.wav,Certhia brachydactyla,Jorge Leitão,test
1148675,Certhia_brachydactyla/XC1148675.wav,Certhia brachydactyla,Manuel Grosselet,val
1151917,Certhia_brachydactyla/XC1151917.wav,Certhia brachydactyla,Xavier Riera,train
1152190,Certhia_brachydactyla/XC1152190.wav,Certhia brachydactyla,Manuel Grosselet,train
1152949,Certhia_brachydactyla/XC1152949.wav,Certhia brachydactyla,Christian Kerihuel,val
1157693,Certhia_brachydactyla/XC1157693.wav,Certhia brachydactyla,Krzysztof Deoniziak,test
1158162,Certhia_brachydactyla/XC1158162.mp3,Certhia brachydactyla,Esperanza Poveda,train
1165835,Certhia_brachydactyla/XC1165835.wav,Certhia brachydactyla,Walter Wallner,test
27688,Chloris_chloris/XC27688.mp3,Chloris chloris,Patrik Åberg,val
43773,Chloris_chloris/XC43773.mp3,Chloris chloris,Jarek Matusiak,test
43774,Chloris_chloris/XC43774.mp3,Chloris chloris,Jarek Matusiak,test
43776,Chloris_chloris/XC43776.mp3,Chloris chloris,Jarek Matusiak,train
83297,Chloris_chloris/XC83297.mp3,Chloris chloris,Jelmer Poelstra,val
103775,Chloris_chloris/XC103775.mp3,Chloris chloris,Jarek Matusiak,val
110317,Chloris_chloris/XC110317.mp3,Chloris chloris,Patrik Åberg,train
123585,Chloris_chloris/XC123585.mp3,Chloris chloris,Volker Arnold,train
143274,Chloris_chloris/XC143274.mp3,Chloris chloris,Jordi Calvet,train
167100,Chloris_chloris/XC167100.mp3,Chloris chloris,david m,train
171039,Chloris_chloris/XC171039.mp3,Chloris chloris,Stein Ø. Nilsen,train
172681,Chloris_chloris/XC172681.mp3,Chloris chloris,david m,train
185873,Chloris_chloris/XC185873.mp3,Chloris chloris,david m,train
188940,Chloris_chloris/XC188940.mp3,Chloris chloris,Jarek Matusiak,train
196994,Chloris_chloris/XC196994.mp3,Chloris chloris,Patrik Åberg,test
202315,Chloris_chloris/XC202315.mp3,Chloris chloris,Jarek Matusiak,train
202316,Chloris_chloris/XC202316.mp3,Chloris chloris,Jarek Matusiak,train
202317,Chloris_chloris/XC202317.mp3,Chloris chloris,Jarek Matusiak,train
204522,Chloris_chloris/XC204522.mp3,Chloris chloris,Krzysztof Deoniziak,train
214062,Chloris_chloris/XC214062.mp3,Chloris chloris,Ilkka Heiskanen,val
247467,Chloris_chloris/XC247467.mp3,Chloris chloris,Mikael Litsgård,train
263901,Chloris_chloris/XC263901.mp3,Chloris chloris,Terje Kolaas,train
281764,Chloris_chloris/XC281764.mp3,Chloris chloris,Peter Boesman,train
281766,Chloris_chloris/XC281766.mp3,Chloris chloris,Peter Boesman,train
305073,Chloris_chloris/XC305073.mp3,Chloris chloris,Timo Schnabel,train
305077,Chloris_chloris/XC305077.mp3,Chloris chloris,Timo Schnabel,train
310589,Chloris_chloris/XC310589.mp3,Chloris chloris,Patrik Åberg,train
312832,Chloris_chloris/XC312832.mp3,Chloris chloris,Mikael Litsgård,train
328419,Chloris_chloris/XC328419.mp3,Chloris chloris,Joost van Bruggen,val
381181,Chloris_chloris/XC381181.mp3,Chloris chloris,Olivier SWIFT,val
383652,Chloris_chloris/XC383652.mp3,Chloris chloris,Terje Kolaas,train
448250,Chloris_chloris/XC448250.mp3,Chloris chloris,Patrik Åberg,train
448251,Chloris_chloris/XC448251.mp3,Chloris chloris,Patrik Åberg,train
480383,Chloris_chloris/XC480383.mp3,Chloris chloris,Lukas Thiess,test
492256,Chloris_chloris/XC492256.mp3,Chloris chloris,guus van duin,train
493882,Chloris_chloris/XC493882.mp3,Chloris chloris,Gianluca Congi,train
501210,Chloris_chloris/XC501210.mp3,Chloris chloris,Twan Mols,train
532022,Chloris_chloris/XC532022.mp3,Chloris chloris,Lars Edenius,train
534274,Chloris_chloris/XC534274.mp3,Chloris chloris,Marco Dragonetti,train
538386,Chloris_chloris/XC538386.mp3,Chloris chloris,Lars Edenius,val
548811,Chloris_chloris/XC548811.mp3,Chloris chloris,william,train
592657,Chloris_chloris/XC592657.mp3,Chloris chloris,Jarek Matusiak,train
592658,Chloris_chloris/XC592658.mp3,Chloris chloris,Jarek Matusiak,val
592670,Chloris_chloris/XC592670.mp3,Chloris chloris,Jarek Matusiak,test
592678,Chloris_chloris/XC592678.mp3,Chloris chloris,Jarek Matusiak,train
594683,Chloris_chloris/XC594683.mp3,Chloris chloris,Peter Boesman,train
601908,Chloris_chloris/XC601908.mp3,Chloris chloris,Simon Elliott,val
601912,Chloris_chloris/XC601912.mp3,Chloris chloris,Simon Elliott,train
613596,Chloris_chloris/XC613596.mp3,Chloris chloris,Uku Paal,train
619924,Chloris_chloris/XC619924.mp3,Chloris chloris,Lars Edenius,train
619925,Chloris_chloris/XC619925.mp3,Chloris chloris,Lars Edenius,train
630794,Chloris_chloris/XC630794.mp3,Chloris chloris,Lars Edenius,test
631861,Chloris_chloris/XC631861.mp3,Chloris chloris,Rick Sharloch,val
637117,Chloris_chloris/XC637117.mp3,Chloris chloris,Lars Edenius,val
640094,Chloris_chloris/XC640094.mp3,Chloris chloris,Stanislas Wroza,train
648953,Chloris_chloris/XC648953.mp3,Chloris chloris,Jarek Matusiak,train
657068,Chloris_chloris/XC657068.mp3,Chloris chloris,Lars Edenius,train
699872,Chloris_chloris/XC699872.mp3,Chloris chloris,Lars Edenius,train
703785,Chloris_chloris/XC703785.mp3,Chloris chloris,Lars Edenius,train
704312,Chloris_chloris/XC704312.mp3,Chloris chloris,Lars Edenius,train
707029,Chloris_chloris/XC707029.mp3,Chloris chloris,Lars Edenius,val
707030,Chloris_chloris/XC707030.mp3,Chloris chloris,Lars Edenius,train
707458,Chloris_chloris/XC707458.mp3,Chloris chloris,Lars Edenius,train
737672,Chloris_chloris/XC737672.mp3,Chloris chloris,Temnothorax,val
766555,Chloris_chloris/XC766555.mp3,Chloris chloris,Lars Edenius,train
772904,Chloris_chloris/XC772904.mp3,Chloris chloris,Lars Edenius,train
780470,Chloris_chloris/XC780470.mp3,Chloris chloris,Lars Edenius,train
780471,Chloris_chloris/XC780471.mp3,Chloris chloris,Lars Edenius,val
781985,Chloris_chloris/XC781985.mp3,Chloris chloris,Lars Edenius,train
782521,Chloris_chloris/XC782521.mp3,Chloris chloris,Lars Edenius,test
783622,Chloris_chloris/XC783622.mp3,Chloris chloris,Lars Edenius,train
784695,Chloris_chloris/XC784695.mp3,Chloris chloris,Lars Edenius,train
786984,Chloris_chloris/XC786984.mp3,Chloris chloris,Lars Edenius,test
788216,Chloris_chloris/XC788216.mp3,Chloris chloris,Lars Edenius,test
791040,Chloris_chloris/XC791040.mp3,Chloris chloris,Lars Edenius,train
796134,Chloris_chloris/XC796134.wav,Chloris chloris,Joost van Bruggen,train
898912,Chloris_chloris/XC898912.mp3,Chloris chloris,Nicolas Martinez,train
937275,Chloris_chloris/XC937275.mp3,Chloris chloris,Lars Edenius,val
938477,Chloris_chloris/XC938477.mp3,Chloris chloris,David Nayer,train
943154,Chloris_chloris/XC943154.mp3,Chloris chloris,Ulf Elman,train
956916,Chloris_chloris/XC956916.mp3,Chloris chloris,Jarek Matusiak,val
956917,Chloris_chloris/XC956917.mp3,Chloris chloris,Jarek Matusiak,train
979188,Chloris_chloris/XC979188.mp3,Chloris chloris,FREDERIC Lionel,val
984389,Chloris_chloris/XC984389.wav,Chloris chloris,Jordi Calvet,train
1000084,Chloris_chloris/XC1000084.mp3,Chloris chloris,Dag Österlund,train
1005317,Chloris_chloris/XC1005317.wav,Chloris chloris,Manuel Grosselet,train
1005318,Chloris_chloris/XC1005318.wav,Chloris chloris,Manuel Grosselet,test
1084666,Chloris_chloris/XC1084666.wav,Chloris chloris,Paul Kelly,train
1084757,Chloris_chloris/XC1084757.wav,Chloris chloris,Andrew Harrop,train
1085167,Chloris_chloris/XC1085167.wav,Chloris chloris,Jorge Leitão,train
1087014,Chloris_chloris/XC1087014.wav,Chloris chloris,Jorge Valella,train
1089170,Chloris_chloris/XC1089170.wav,Chloris chloris,David Darrell-Lambert,train
1089171,Chloris_chloris/XC1089171.wav,Chloris chloris,David Darrell-Lambert,train
1091122,Chloris_chloris/XC1091122.mp3,Chloris chloris,Joost van Bruggen,test
1091711,Chloris_chloris/XC1091711.mp3,Chloris chloris,Francesco Sottile,train
1092498,Chloris_chloris/XC1092498.mp3,Chloris chloris,Francesco Sottile,test
1092974,Chloris_chloris/XC1092974.wav,Chloris chloris,Paul Kelly,train
1093155,Chloris_chloris/XC1093155.wav,Chloris chloris,Jens Schöller,val
1093509,Chloris_chloris/XC1093509.wav,Chloris chloris,Andrew McCafferty,train
1093758,Chloris_chloris/XC1093758.wav,Chloris chloris,Hsishu,train
1096164,Chloris_chloris/XC1096164.mp3,Chloris chloris,Thierry THOMAS,train
1097517,Chloris_chloris/XC1097517.wav,Chloris chloris,Norman Schiwora,test
1100251,Chloris_chloris/XC1100251.wav,Chloris chloris,Kalle Nibbenhagen,train
1101816,Chloris_chloris/XC1101816.wav,Chloris chloris,Esperanza Poveda,train
1102697,Chloris_chloris/XC1102697.wav,Chloris chloris,Petter Westberg,train
1102698,Chloris_chloris/XC1102698.wav,Chloris chloris,Petter Westberg,test
1102945,Chloris_chloris/XC1102945.mp3,Chloris chloris,Francesco Sottile,train
1106586,Chloris_chloris/XC1106586.wav,Chloris chloris,João Ferreira Tomás,train
1107179,Chloris_chloris/XC1107179.wav,Chloris chloris,Nelson Conceição,train
1107554,Chloris_chloris/XC1107554.mp3,Chloris chloris,Jacobo Ramil Millarengo,train
1107774,Chloris_chloris/XC1107774.wav,Chloris chloris,David Darrell-Lambert,train
1121704,Chloris_chloris/XC1121704.wav,Chloris chloris,Petter Westberg,test
1133882,Chloris_chloris/XC1133882.wav,Chloris chloris,András Schmidt,val
1133888,Chloris_chloris/XC1133888.wav,Chloris chloris,András Schmidt,train
1136194,Chloris_chloris/XC1136194.wav,Chloris chloris,Frank Holzapfel,train
1137237,Chloris_chloris/XC1137237.mp3,Chloris chloris,Albert Lastukhin,train
1139519,Chloris_chloris/XC1139519.wav,Chloris chloris,Grzegorz Lorek,train
1140170,Chloris_chloris/XC1140170.wav,Chloris chloris,David Darrell-Lambert,train
1146579,Chloris_chloris/XC1146579.wav,Chloris chloris,Andrew Harrop,test
1146966,Chloris_chloris/XC1146966.wav,Chloris chloris,David Darrell-Lambert,val
1146967,Chloris_chloris/XC1146967.wav,Chloris chloris,David Darrell-Lambert,train
1146980,Chloris_chloris/XC1146980.wav,Chloris chloris,David Darrell-Lambert,train
1146981,Chloris_chloris/XC1146981.wav,Chloris chloris,David Darrell-Lambert,test
1149507,Chloris_chloris/XC1149507.wav,Chloris chloris,Clement Bruneau,train
1150192,Chloris_chloris/XC1150192.mp3,Chloris chloris,Louis-Marie Gourmelon,train
1152138,Chloris_chloris/XC1152138.wav,Chloris chloris,Philippe_Grange,test
1152351,Chloris_chloris/XC1152351.wav,Chloris chloris,Philippe_Grange,val
1152352,Chloris_chloris/XC1152352.wav,Chloris chloris,Philippe_Grange,train
1152770,Chloris_chloris/XC1152770.wav,Chloris chloris,Grzegorz Michalski,train
1153111,Chloris_chloris/XC1153111.wav,Chloris chloris,Arjun Dutta,test
1154488,Chloris_chloris/XC1154488.wav,Chloris chloris,David Darrell-Lambert,val
1156204,Chloris_chloris/XC1156204.wav,Chloris chloris,Adrien Peillon,train
1156205,Chloris_chloris/XC1156205.wav,Chloris chloris,Adrien Peillon,train
1156397,Chloris_chloris/XC1156397.mp3,Chloris chloris,SWIFT Olivier,train
1156398,Chloris_chloris/XC1156398.mp3,Chloris chloris,SWIFT Olivier,train
1157258,Chloris_chloris/XC1157258.wav,Chloris chloris,András Schmidt,train
1161149,Chloris_chloris/XC1161149.wav,Chloris chloris,Christian Kerihuel,test
1164335,Chloris_chloris/XC1164335.wav,Chloris chloris,Zsombor Károlyi,train
1167628,Chloris_chloris/XC1167628.wav,Chloris chloris,Stanislas Wroza,train
1167662,Chloris_chloris/XC1167662.wav,Chloris chloris,Stanislas Wroza,train
1168006,Chloris_chloris/XC1168006.wav,Chloris chloris,Stanislas Wroza,train
1168687,Chloris_chloris/XC1168687.wav,Chloris chloris,Stanislas Wroza,train
1168688,Chloris_chloris/XC1168688.wav,Chloris chloris,Stanislas Wroza,train
1168689,Chloris_chloris/XC1168689.wav,Chloris chloris,Stanislas Wroza,val
1168690,Chloris_chloris/XC1168690.wav,Chloris chloris,Stanislas Wroza,train
1168692,Chloris_chloris/XC1168692.wav,Chloris chloris,Stanislas Wroza,train
1168717,Chloris_chloris/XC1168717.wav,Chloris chloris,Stanislas Wroza,train
1169656,Chloris_chloris/XC1169656.wav,Chloris chloris,David Darrell-Lambert,train
1169659,Chloris_chloris/XC1169659.wav,Chloris chloris,David Darrell-Lambert,test
1169685,Chloris_chloris/XC1169685.wav,Chloris chloris,David Darrell-Lambert,test
45060,Corvus_corone/XC45060.mp3,Corvus corone,Matthias Feuersenger,train
54605,Corvus_corone/XC54605.mp3,Corvus corone,Matthias Feuersenger,train
72925,Corvus_corone/XC72925.mp3,Corvus corone,Volker Arnold,val
75066,Corvus_corone/XC75066.mp3,Corvus corone,Volker Arnold,val
90120,Corvus_corone/XC90120.mp3,Corvus corone,Volker Arnold,test
98401,Corvus_corone/XC98401.mp3,Corvus corone,Volker Arnold,train
112373,Corvus_corone/XC112373.mp3,Corvus corone,Matthias Feuersenger,train
121394,Corvus_corone/XC121394.mp3,Corvus corone,Buhl Johannes,test
145642,Corvus_corone/XC145642.mp3,Corvus corone,Patrik Åberg,test
154868,Corvus_corone/XC154868.mp3,Corvus corone,Arend Wassink,train
194504,Corvus_corone/XC194504.mp3,Corvus corone,Herman van der Meer,train
281724,Corvus_corone/XC281724.mp3,Corvus corone,Peter Boesman,train
281728,Corvus_corone/XC281728.mp3,Corvus corone,Peter Boesman,val
376885,Corvus_corone/XC376885.mp3,Corvus corone,Stanislas Wroza,train
381265,Corvus_corone/XC381265.mp3,Corvus corone,Timo Schnabel,train
387923,Corvus_corone/XC387923.mp3,Corvus corone,Joost van Bruggen,train
412443,Corvus_corone/XC412443.mp3,Corvus corone,Marc Anderson,train
448435,Corvus_corone/XC448435.mp3,Corvus corone,Vincent Pourchaire,train
470441,Corvus_corone/XC470441.mp3,Corvus corone,Jérémy Simar,train
483801,Corvus_corone/XC483801.mp3,Corvus corone,Marie-Lan Taÿ Pamart,val
483804,Corvus_corone/XC483804.mp3,Corvus corone,Marie-Lan Taÿ Pamart,train
484366,Corvus_corone/XC484366.mp3,Corvus corone,Marie-Lan Taÿ Pamart,val
484371,Corvus_corone/XC484371.mp3,Corvus corone,Marie-Lan Taÿ Pamart,train
484782,Corvus_corone/XC484782.mp3,Corvus corone,Marie-Lan Taÿ Pamart,train
486520,Corvus_corone/XC486520.mp3,Corvus corone,Stanislas Wroza,train
507919,Corvus_corone/XC507919.mp3,Corvus corone,Marie-Lan Taÿ Pamart,test
509838,Corvus_corone/XC509838.mp3,Corvus corone,Marie-Lan Taÿ Pamart,train
509842,Corvus_corone/XC509842.mp3,Corvus corone,Marie-Lan Taÿ Pamart,val
511133,Corvus_corone/XC511133.mp3,Corvus corone,Marie-Lan Taÿ Pamart,train
511942,Corvus_corone/XC511942.mp3,Corvus corone,Marie-Lan Taÿ Pamart,train
511943,Corvus_corone/XC511943.mp3,Corvus corone,Marie-Lan Taÿ Pamart,train
511944,Corvus_corone/XC511944.mp3,Corvus corone,Marie-Lan Taÿ Pamart,train
516262,Corvus_corone/XC516262.mp3,Corvus corone,Marie-Lan Taÿ Pamart,train
518443,Corvus_corone/XC518443.mp3,Corvus corone,Marie-Lan Taÿ Pamart,train
519538,Corvus_corone/XC519538.mp3,Corvus corone,Marie-Lan Taÿ Pamart,test
522807,Corvus_corone/XC522807.mp3,Corvus corone,Sean Ronayne,test
522851,Corvus_corone/XC522851.mp3,Corvus corone,Sean Ronayne,train
522852,Corvus_corone/XC522852.mp3,Corvus corone,Sean Ronayne,train
530807,Corvus_corone/XC530807.mp3,Corvus corone,Jarek Matusiak,train
533768,Corvus_corone/XC533768.mp3,Corvus corone,Marie-Lan Taÿ Pamart,train
535715,Corvus_corone/XC535715.mp3,Corvus corone,Jarek Matusiak,train
592284,Corvus_corone/XC592284.mp3,Corvus corone,Olivier SWIFT,val
592894,Corvus_corone/XC592894.mp3,Corvus corone,Jack Berteau,train
596508,Corvus_corone/XC596508.mp3,Corvus corone,Simon Elliott,train
596512,Corvus_corone/XC596512.mp3,Corvus corone,Simon Elliott,train
596514,Corvus_corone/XC596514.mp3,Corvus corone,Simon Elliott,val
624228,Corvus_corone/XC624228.mp3,Corvus corone,Andreas Basch,train
627714,Corvus_corone/XC627714.mp3,Corvus corone,Niels Van Doninck,train
630306,Corvus_corone/XC630306.mp3,Corvus corone,Susanne Kuijpers,val
633249,Corvus_corone/XC633249.mp3,Corvus corone,Stanislas Wroza,train
635134,Corvus_corone/XC635134.mp3,Corvus corone,Susanne Kuijpers,val
656245,Corvus_corone/XC656245.mp3,Corvus corone,Bernard Collet,train
660973,Corvus_corone/XC660973.mp3,Corvus corone,Cedric Mroczko,test
670702,Corvus_corone/XC670702.mp3,Corvus corone,Manceau Lionel,test
678776,Corvus_corone/XC678776.mp3,Corvus corone,Ruud,train
741985,Corvus_corone/XC741985.mp3,Corvus corone,guus van duin,train
783785,Corvus_corone/XC783785.mp3,Corvus corone,Bernard Collet,val
807972,Corvus_corone/XC807972.wav,Corvus corone,Martin Billard,val
838953,Corvus_corone/XC838953.wav,Corvus corone,Claudia Wascher,train
838954,Corvus_corone/XC838954.wav,Corvus corone,Claudia Wascher,test
845011,Corvus_corone/XC845011.mp3,Corvus corone,Jorge Leitão,val
856556,Corvus_corone/XC856556.wav,Corvus corone,Martin Billard,train
858015,Corvus_corone/XC858015.wav,Corvus corone,Joshua Chong,test
879586,Corvus_corone/XC879586.mp3,Corvus corone,Susanne Kuijpers,train
943486,Corvus_corone/XC943486.mp3,Corvus corone,Laurens,train
955526,Corvus_corone/XC955526.wav,Corvus corone,João Tomás,train
1006239,Corvus_corone/XC1006239.mp3,Corvus corone,Susanne Kuijpers,train
1039715,Corvus_corone/XC1039715.wav,Corvus corone,Johannes Worona,test
1051719,Corvus_corone/XC1051719.wav,Corvus corone,Johannes Worona,val
1052203,Corvus_corone/XC1052203.wav,Corvus corone,WINDELS Martin,train
1052647,Corvus_corone/XC1052647.wav,Corvus corone,David Bissett,train
1052801,Corvus_corone/XC1052801.wav,Corvus corone,Johannes Worona,train
1052822,Corvus_corone/XC1052822.wav,Corvus corone,Alain Malengreau,train
1053150,Corvus_corone/XC1053150.wav,Corvus corone,Johannes Worona,train
1055475,Corvus_corone/XC1055475.wav,Corvus corone,Stanislas Wroza,train
1059609,Corvus_corone/XC1059609.wav,Corvus corone,Shuangqi Liu,val
1064350,Corvus_corone/XC1064350.wav,Corvus corone,Denis Dujardin,train
1065082,Corvus_corone/XC1065082.mp3,Corvus corone,Paul Driver,train
1065964,Corvus_corone/XC1065964.wav,Corvus corone,Laura Martin,val
1068605,Corvus_corone/XC1068605.wav,Corvus corone,David Darrell-Lambert,test
1070638,Corvus_corone/XC1070638.mp3,Corvus corone,Bram Piot,train
1075465,Corvus_corone/XC1075465.mp3,Corvus corone,Daniel Goris,train
1078370,Corvus_corone/XC1078370.wav,Corvus corone,Morgan Demus,train
1078561,Corvus_corone/XC1078561.wav,Corvus corone,David Darrell-Lambert,train
1078795,Corvus_corone/XC1078795.wav,Corvus corone,Mark Plummer,train
1079008,Corvus_corone/XC1079008.mp3,Corvus corone,Olivier SWIFT,test
1079009,Corvus_corone/XC1079009.mp3,Corvus corone,Olivier SWIFT,train
1079010,Corvus_corone/XC1079010.mp3,Corvus corone,Olivier SWIFT,train
1079011,Corvus_corone/XC1079011.mp3,Corvus corone,Olivier SWIFT,train
1084624,Corvus_corone/XC1084624.wav,Corvus corone,Johannes Worona,test
1084894,Corvus_corone/XC1084894.wav,Corvus corone,David Darrell-Lambert,train
1085944,Corvus_corone/XC1085944.mp3,Corvus corone,Jacobo Ramil Millarengo,test
1086838,Corvus_corone/XC1086838.wav,Corvus corone,David Darrell-Lambert,train
1089322,Corvus_corone/XC1089322.mp3,Corvus corone,Olivier SWIFT,train
1091058,Corvus_corone/XC1091058.wav,Corvus corone,Stef van Zimmeren,test
1092085,Corvus_corone/XC1092085.mp3,Corvus corone,Raphaël Bussière,train
1092086,Corvus_corone/XC1092086.mp3,Corvus corone,Raphaël Bussière,train
1092087,Corvus_corone/XC1092087.mp3,Corvus corone,Raphaël Bussière,val
1092088,Corvus_corone/XC1092088.mp3,Corvus corone,Raphaël Bussière,train
1092089,Corvus_corone/XC1092089.mp3,Corvus corone,Raphaël Bussière,train
1092090,Corvus_corone/XC1092090.mp3,Corvus corone,Raphaël Bussière,train
1092092,Corvus_corone/XC1092092.mp3,Corvus corone,Raphaël Bussière,train
1092093,Corvus_corone/XC1092093.mp3,Corvus corone,Raphaël Bussière,test
1092094,Corvus_corone/XC1092094.mp3,Corvus corone,Raphaël Bussière,train
1092096,Corvus_corone/XC1092096.mp3,Corvus corone,Raphaël Bussière,train
1092097,Corvus_corone/XC1092097.mp3,Corvus corone,Raphaël Bussière,train
1097529,Corvus_corone/XC1097529.wav,Corvus corone,Norman Schiwora,train
1097609,Corvus_corone/XC1097609.wav,Corvus corone,Norman Schiwora,test
1101997,Corvus_corone/XC1101997.mp3,Corvus corone,Kayleigh Lubin,train
1103274,Corvus_corone/XC1103274.wav,Corvus corone,Johannes Worona,train
1120174,Corvus_corone/XC1120174.wav,Corvus corone,David Darrell-Lambert,train
1136077,Corvus_corone/XC1136077.wav,Corvus corone,Jens Schöller,train
1137434,Corvus_corone/XC1137434.mp3,Corvus corone,Ding Li Yong,train
1139346,Corvus_corone/XC1139346.wav,Corvus corone,Clement Bruneau,train
1141920,Corvus_corone/XC1141920.wav,Corvus corone,András Schmidt,train
1148291,Corvus_corone/XC1148291.wav,Corvus corone,Johannes Worona,train
1148376,Corvus_corone/XC1148376.wav,Corvus corone,Johannes Worona,train
1148606,Corvus_corone/XC1148606.wav,Corvus corone,Walter Wallner,val
1148642,Corvus_corone/XC1148642.wav,Corvus corone,Walter Wallner,train
1149139,Corvus_corone/XC1149139.wav,Corvus corone,Johannes Worona,val
1149143,Corvus_corone/XC1149143.wav,Corvus corone,Johannes Worona,test
1151372,Corvus_corone/XC1151372.mp3,Corvus corone,Olivier SWIFT,train
1151416,Corvus_corone/XC1151416.mp3,Corvus corone,Olivier SWIFT,train
1151417,Corvus_corone/XC1151417.mp3,Corvus corone,Olivier SWIFT,train
1151418,Corvus_corone/XC1151418.mp3,Corvus corone,Olivier SWIFT,train
1151519,Corvus_corone/XC1151519.wav,Corvus corone,Johannes Worona,train
1151696,Corvus_corone/XC1151696.mp3,Corvus corone,Tiziano Beretti,train
1152668,Corvus_corone/XC1152668.mp3,Corvus corone,Olivier SWIFT,val
1153053,Corvus_corone/XC1153053.wav,Corvus corone,Arjun Dutta,train
1153369,Corvus_corone/XC1153369.wav,Corvus corone,Manuel Grosselet,train
1155254,Corvus_corone/XC1155254.wav,Corvus corone,Johannes Worona,train
1157468,Corvus_corone/XC1157468.mp3,Corvus corone,Olivier SWIFT,test
1158075,Corvus_corone/XC1158075.wav,Corvus corone,Johannes Dag Mayer,val
1158077,Corvus_corone/XC1158077.wav,Corvus corone,Johannes Dag Mayer,train
1158078,Corvus_corone/XC1158078.wav,Corvus corone,Johannes Dag Mayer,train
1162480,Corvus_corone/XC1162480.mp3,Corvus corone,Sidney Martin,train
1165292,Corvus_corone/XC1165292.wav,Corvus corone,Johannes Worona,train
1166643,Corvus_corone/XC1166643.wav,Corvus corone,Morgan Demus,test
1166953,Corvus_corone/XC1166953.wav,Corvus corone,Johannes Worona,train
1166975,Corvus_corone/XC1166975.wav,Corvus corone,Johannes Worona,train
1166979,Corvus_corone/XC1166979.wav,Corvus corone,Johannes Worona,train
1166984,Corvus_corone/XC1166984.wav,Corvus corone,Johannes Worona,train
1167006,Corvus_corone/XC1167006.wav,Corvus corone,Johannes Worona,train
1167025,Corvus_corone/XC1167025.wav,Corvus corone,Johannes Worona,train
1174168,Corvus_corone/XC1174168.wav,Corvus corone,Frank van der Wielen,test
1176453,Corvus_corone/XC1176453.wav,Corvus corone,Philippe Grange,train
1176589,Corvus_corone/XC1176589.wav,Corvus corone,Philippe Grange,val
1176590,Corvus_corone/XC1176590.wav,Corvus corone,Philippe Grange,train
1176591,Corvus_corone/XC1176591.mp3,Corvus corone,Paul Gosling,test
1177648,Corvus_corone/XC1177648.wav,Corvus corone,Gil Lissens,train
253695,Cyanistes_caeruleus/XC253695.mp3,Cyanistes caeruleus,david m,test
281625,Cyanistes_caeruleus/XC281625.mp3,Cyanistes caeruleus,Peter Boesman,train
281626,Cyanistes_caeruleus/XC281626.mp3,Cyanistes caeruleus,Peter Boesman,val
281629,Cyanistes_caeruleus/XC281629.mp3,Cyanistes caeruleus,Peter Boesman,train
281631,Cyanistes_caeruleus/XC281631.mp3,Cyanistes caeruleus,Peter Boesman,train
281633,Cyanistes_caeruleus/XC281633.mp3,Cyanistes caeruleus,Peter Boesman,val
281634,Cyanistes_caeruleus/XC281634.mp3,Cyanistes caeruleus,Peter Boesman,train
298728,Cyanistes_caeruleus/XC298728.mp3,Cyanistes caeruleus,Manuel Grosselet,train
301970,Cyanistes_caeruleus/XC301970.mp3,Cyanistes caeruleus,Timo Schnabel,train
301975,Cyanistes_caeruleus/XC301975.mp3,Cyanistes caeruleus,Timo Schnabel,train
367096,Cyanistes_caeruleus/XC367096.mp3,Cyanistes caeruleus,Timo Schnabel,train
371489,Cyanistes_caeruleus/XC371489.mp3,Cyanistes caeruleus,Mikael Litsgård,train
372986,Cyanistes_caeruleus/XC372986.mp3,Cyanistes caeruleus,Timo Schnabel,train
372988,Cyanistes_caeruleus/XC372988.mp3,Cyanistes caeruleus,Timo Schnabel,train
383537,Cyanistes_caeruleus/XC383537.mp3,Cyanistes caeruleus,Timo Schnabel,train
384300,Cyanistes_caeruleus/XC384300.mp3,Cyanistes caeruleus,Timo Schnabel,val
384541,Cyanistes_caeruleus/XC384541.mp3,Cyanistes caeruleus,Timo Schnabel,val
384565,Cyanistes_caeruleus/XC384565.mp3,Cyanistes caeruleus,Timo Schnabel,test
384601,Cyanistes_caeruleus/XC384601.mp3,Cyanistes caeruleus,Timo Schnabel,train
384605,Cyanistes_caeruleus/XC384605.mp3,Cyanistes caeruleus,Timo Schnabel,train
394169,Cyanistes_caeruleus/XC394169.mp3,Cyanistes caeruleus,Marco Dragonetti,train
394174,Cyanistes_caeruleus/XC394174.mp3,Cyanistes caeruleus,Marco Dragonetti,train
394177,Cyanistes_caeruleus/XC394177.mp3,Cyanistes caeruleus,Marco Dragonetti,train
401228,Cyanistes_caeruleus/XC401228.mp3,Cyanistes caeruleus,Peter Boesman,test
402058,Cyanistes_caeruleus/XC402058.mp3,Cyanistes caeruleus,Peter Boesman,train
405168,Cyanistes_caeruleus/XC405168.mp3,Cyanistes caeruleus,Jarek Matusiak,train
405169,Cyanistes_caeruleus/XC405169.mp3,Cyanistes caeruleus,Jarek Matusiak,train
409112,Cyanistes_caeruleus/XC409112.mp3,Cyanistes caeruleus,Jordi Calvet,train
409282,Cyanistes_caeruleus/XC409282.mp3,Cyanistes caeruleus,Marc Anderson,test
409283,Cyanistes_caeruleus/XC409283.mp3,Cyanistes caeruleus,Marc Anderson,val
425875,Cyanistes_caeruleus/XC425875.mp3,Cyanistes caeruleus,Terje Kolaas,test
448137,Cyanistes_caeruleus/XC448137.mp3,Cyanistes caeruleus,Patrik Åberg,train
448138,Cyanistes_caeruleus/XC448138.mp3,Cyanistes caeruleus,Patrik Åberg,train
448139,Cyanistes_caeruleus/XC448139.mp3,Cyanistes caeruleus,Patrik Åberg,train
448480,Cyanistes_caeruleus/XC448480.mp3,Cyanistes caeruleus,Jarek Matusiak,val
448696,Cyanistes_caeruleus/XC448696.mp3,Cyanistes caeruleus,Patrik Åberg,train
465515,Cyanistes_caeruleus/XC465515.mp3,Cyanistes caeruleus,Lars Edenius,train
466233,Cyanistes_caeruleus/XC466233.mp3,Cyanistes caeruleus,Michał Jezierski,train
467953,Cyanistes_caeruleus/XC467953.mp3,Cyanistes caeruleus,Olivier SWIFT,val
471867,Cyanistes_caeruleus/XC471867.mp3,Cyanistes caeruleus,Stanislas Wroza,test
512535,Cyanistes_caeruleus/XC512535.mp3,Cyanistes caeruleus,Lars Edenius,train
522390,Cyanistes_caeruleus/XC522390.mp3,Cyanistes caeruleus,Bodo Sonnenburg,train
522391,Cyanistes_caeruleus/XC522391.mp3,Cyanistes caeruleus,Bodo Sonnenburg,train
524574,Cyanistes_caeruleus/XC524574.mp3,Cyanistes caeruleus,Sean Ronayne,train
525916,Cyanistes_caeruleus/XC525916.mp3,Cyanistes caeruleus,Markus Jacobs,test
530815,Cyanistes_caeruleus/XC530815.mp3,Cyanistes caeruleus,Jarek Matusiak,val
530818,Cyanistes_caeruleus/XC530818.mp3,Cyanistes caeruleus,Jarek Matusiak,test
531727,Cyanistes_caeruleus/XC531727.mp3,Cyanistes caeruleus,Lars Edenius,val
532003,Cyanistes_caeruleus/XC532003.mp3,Cyanistes caeruleus,Lars Edenius,val
534112,Cyanistes_caeruleus/XC534112.mp3,Cyanistes caeruleus,Jarek Matusiak,test
536319,Cyanistes_caeruleus/XC536319.mp3,Cyanistes caeruleus,Stanislas Wroza,test
545656,Cyanistes_caeruleus/XC545656.mp3,Cyanistes caeruleus,Albert Noorlander,train
546821,Cyanistes_caeruleus/XC546821.mp3,Cyanistes caeruleus,Peter Boesman,train
549322,Cyanistes_caeruleus/XC549322.mp3,Cyanistes caeruleus,Peter Boesman,train
592530,Cyanistes_caeruleus/XC592530.mp3,Cyanistes caeruleus,Jarek Matusiak,train
592534,Cyanistes_caeruleus/XC592534.mp3,Cyanistes caeruleus,Jarek Matusiak,train
592538,Cyanistes_caeruleus/XC592538.mp3,Cyanistes caeruleus,Jarek Matusiak,train
592540,Cyanistes_caeruleus/XC592540.mp3,Cyanistes caeruleus,Jarek Matusiak,train
602811,Cyanistes_caeruleus/XC602811.mp3,Cyanistes caeruleus,david m,test
607756,Cyanistes_caeruleus/XC607756.mp3,Cyanistes caeruleus,Jarek Matusiak,train
610400,Cyanistes_caeruleus/XC610400.mp3,Cyanistes caeruleus,Beatrix Saadi-Varchmin,train
623137,Cyanistes_caeruleus/XC623137.mp3,Cyanistes caeruleus,"Olivier SWIFT, Hélène CARTAUD",train
623713,Cyanistes_caeruleus/XC623713.mp3,Cyanistes caeruleus,Jarek Matusiak,train
624359,Cyanistes_caeruleus/XC624359.mp3,Cyanistes caeruleus,Elias A. Ryberg,train
626826,Cyanistes_caeruleus/XC626826.mp3,Cyanistes caeruleus,Olivier SWIFT,train
629906,Cyanistes_caeruleus/XC629906.mp3,Cyanistes caeruleus,Anders Westman,train
631511,Cyanistes_caeruleus/XC631511.mp3,Cyanistes caeruleus,Peter Boesman,train
635847,Cyanistes_caeruleus/XC635847.mp3,Cyanistes caeruleus,Uku Paal,train
638874,Cyanistes_caeruleus/XC638874.mp3,Cyanistes caeruleus,Bernard Collet,train
642431,Cyanistes_caeruleus/XC642431.mp3,Cyanistes caeruleus,Albert Noorlander,val
655029,Cyanistes_caeruleus/XC655029.mp3,Cyanistes caeruleus,Andrew McCafferty,train
656654,Cyanistes_caeruleus/XC656654.mp3,Cyanistes caeruleus,Uku Paal,train
694882,Cyanistes_caeruleus/XC694882.mp3,Cyanistes caeruleus,Thomas Bergman,train
696771,Cyanistes_caeruleus/XC696771.mp3,Cyanistes caeruleus,Christian Bøggild,train
697579,Cyanistes_caeruleus/XC697579.mp3,Cyanistes caeruleus,Fernando aranguren jiménez,train
698552,Cyanistes_caeruleus/XC698552.mp3,Cyanistes caeruleus,Dominique Guillerme,train
698553,Cyanistes_caeruleus/XC698553.mp3,Cyanistes caeruleus,Dominique Guillerme,val
698799,Cyanistes_caeruleus/XC698799.mp3,Cyanistes caeruleus,Dominique Guillerme,train
698957,Cyanistes_caeruleus/XC698957.mp3,Cyanistes caeruleus,Dominique Guillerme,test
699849,Cyanistes_caeruleus/XC699849.mp3,Cyanistes caeruleus,Dominique Guillerme,train
699853,Cyanistes_caeruleus/XC699853.mp3,Cyanistes caeruleus,Dominique Guillerme,train
699866,Cyanistes_caeruleus/XC699866.mp3,Cyanistes caeruleus,Lars Edenius,train
699867,Cyanistes_caeruleus/XC699867.mp3,Cyanistes caeruleus,Lars Edenius,test
701214,Cyanistes_caeruleus/XC701214.mp3,Cyanistes caeruleus,Lars Edenius,train
703418,Cyanistes_caeruleus/XC703418.mp3,Cyanistes caeruleus,Lars Edenius,val
705665,Cyanistes_caeruleus/XC705665.mp3,Cyanistes caeruleus,Csont-Kelemen Mátyás,train
708880,Cyanistes_caeruleus/XC708880.mp3,Cyanistes caeruleus,Elias A. Ryberg,train
709326,Cyanistes_caeruleus/XC709326.mp3,Cyanistes caeruleus,Jordi Calvet,val
709331,Cyanistes_caeruleus/XC709331.mp3,Cyanistes caeruleus,Jordi Calvet,train
710105,Cyanistes_caeruleus/XC710105.mp3,Cyanistes caeruleus,Elias A. Ryberg,train
711568,Cyanistes_caeruleus/XC711568.mp3,Cyanistes caeruleus,Cureau Hervé,test
712046,Cyanistes_caeruleus/XC712046.mp3,Cyanistes caeruleus,Joost van Bruggen,train
713500,Cyanistes_caeruleus/XC713500.mp3,Cyanistes caeruleus,Lars Edenius,train
716279,Cyanistes_caeruleus/XC716279.mp3,Cyanistes caeruleus,David Bissett,train
721156,Cyanistes_caeruleus/XC721156.mp3,Cyanistes caeruleus,Jarek Matusiak,train
721166,Cyanistes_caeruleus/XC721166.mp3,Cyanistes caeruleus,Jarek Matusiak,train
721179,Cyanistes_caeruleus/XC721179.mp3,Cyanistes caeruleus,Jarek Matusiak,train
722556,Cyanistes_caeruleus/XC722556.mp3,Cyanistes caeruleus,SonoNatura,val
722939,Cyanistes_caeruleus/XC722939.mp3,Cyanistes caeruleus,Olivier SWIFT,train
727219,Cyanistes_caeruleus/XC727219.mp3,Cyanistes caeruleus,Olivier SWIFT,test
738333,Cyanistes_caeruleus/XC738333.mp3,Cyanistes caeruleus,Csont-Kelemen Mátyás,train
764765,Cyanistes_caeruleus/XC764765.mp3,Cyanistes caeruleus,Sergio Mazzotti,train
776619,Cyanistes_caeruleus/XC776619.mp3,Cyanistes caeruleus,Lars Edenius,train
777203,Cyanistes_caeruleus/XC777203.mp3,Cyanistes caeruleus,Bodo Sonnenburg,train
779745,Cyanistes_caeruleus/XC779745.mp3,Cyanistes caeruleus,Lars Edenius,test
780377,Cyanistes_caeruleus/XC780377.mp3,Cyanistes caeruleus,Lars Edenius,train
780461,Cyanistes_caeruleus/XC780461.mp3,Cyanistes caeruleus,Lars Edenius,train
782705,Cyanistes_caeruleus/XC782705.mp3,Cyanistes caeruleus,Lars Edenius,train
785458,Cyanistes_caeruleus/XC785458.wav,Cyanistes caeruleus,Bodo Sonnenburg,train
788499,Cyanistes_caeruleus/XC788499.mp3,Cyanistes caeruleus,Lars Edenius,test
788773,Cyanistes_caeruleus/XC788773.mp3,Cyanistes caeruleus,Lars Edenius,test
790856,Cyanistes_caeruleus/XC790856.mp3,Cyanistes caeruleus,Lars Edenius,val
796464,Cyanistes_caeruleus/XC796464.wav,Cyanistes caeruleus,Antonio Xeira,train
797283,Cyanistes_caeruleus/XC797283.mp3,Cyanistes caeruleus,Pere Josa,test
802235,Cyanistes_caeruleus/XC802235.mp3,Cyanistes caeruleus,Dominique Guillerme,train
804537,Cyanistes_caeruleus/XC804537.mp3,Cyanistes caeruleus,Gautier Laurent,train
863597,Cyanistes_caeruleus/XC863597.wav,Cyanistes caeruleus,Aitor Zabala,train
864122,Cyanistes_caeruleus/XC864122.mp3,Cyanistes caeruleus,Jacobo Ramil Millarengo,train
871775,Cyanistes_caeruleus/XC871775.mp3,Cyanistes caeruleus,Jacobo Ramil Millarengo,train
872886,Cyanistes_caeruleus/XC872886.mp3,Cyanistes caeruleus,Lars Edenius,test
880622,Cyanistes_caeruleus/XC880622.mp3,Cyanistes caeruleus,Cedric Mroczko,train
892652,Cyanistes_caeruleus/XC892652.mp3,Cyanistes caeruleus,Olivier SWIFT,test
898938,Cyanistes_caeruleus/XC898938.wav,Cyanistes caeruleus,Paul Kelly,train
940958,Cyanistes_caeruleus/XC940958.wav,Cyanistes caeruleus,Georg Amann,train
964467,Cyanistes_caeruleus/XC964467.mp3,Cyanistes caeruleus,Jarek Matusiak,train
964470,Cyanistes_caeruleus/XC964470.mp3,Cyanistes caeruleus,Jarek Matusiak,val
964477,Cyanistes_caeruleus/XC964477.mp3,Cyanistes caeruleus,Jarek Matusiak,train
964480,Cyanistes_caeruleus/XC964480.mp3,Cyanistes caeruleus,Jarek Matusiak,train
964529,Cyanistes_caeruleus/XC964529.wav,Cyanistes caeruleus,Paul Kelly,train
964530,Cyanistes_caeruleus/XC964530.wav,Cyanistes caeruleus,Paul Kelly,val
972599,Cyanistes_caeruleus/XC972599.mp3,Cyanistes caeruleus,Francesco Sottile,train
972604,Cyanistes_caeruleus/XC972604.mp3,Cyanistes caeruleus,Francesco Sottile,train
975495,Cyanistes_caeruleus/XC975495.mp3,Cyanistes caeruleus,Jarek Matusiak,train
983973,Cyanistes_caeruleus/XC983973.mp3,Cyanistes caeruleus,Susanne Kuijpers,val
985196,Cyanistes_caeruleus/XC985196.wav,Cyanistes caeruleus,David Darrell-Lambert,train
987574,Cyanistes_caeruleus/XC987574.mp3,Cyanistes caeruleus,Elias A. Ryberg,train
991723,Cyanistes_caeruleus/XC991723.mp3,Cyanistes caeruleus,Jacobo Ramil Millarengo,train
994559,Cyanistes_caeruleus/XC994559.wav,Cyanistes caeruleus,João Tomás,train
1035544,Cyanistes_caeruleus/XC1035544.mp3,Cyanistes caeruleus,Miika Silfverberg,train
1069868,Cyanistes_caeruleus/XC1069868.mp3,Cyanistes caeruleus,Jacobo Ramil Millarengo,test
1070960,Cyanistes_caeruleus/XC1070960.wav,Cyanistes caeruleus,Paul Kelly,train
1083558,Cyanistes_caeruleus/XC1083558.mp3,Cyanistes caeruleus,Lars Edenius,val
1099214,Cyanistes_caeruleus/XC1099214.mp3,Cyanistes caeruleus,Lennart Jeppsson,train
1102056,Cyanistes_caeruleus/XC1102056.wav,Cyanistes caeruleus,Mats Olsson,train
1103110,Cyanistes_caeruleus/XC1103110.wav,Cyanistes caeruleus,Jens Schöller,val
1105288,Cyanistes_caeruleus/XC1105288.wav,Cyanistes caeruleus,Ecosdelterritorio,train
1128952,Cyanistes_caeruleus/XC1128952.wav,Cyanistes caeruleus,David Darrell-Lambert,train
1129115,Cyanistes_caeruleus/XC1129115.wav,Cyanistes caeruleus,David Darrell-Lambert,val
1152240,Cyanistes_caeruleus/XC1152240.wav,Cyanistes caeruleus,Sunny Tseng,train
1152241,Cyanistes_caeruleus/XC1152241.wav,Cyanistes caeruleus,Sunny Tseng,test
565712,Dendrocopos_major/XC565712.mp3,Dendrocopos major,Magnus Wadstein,train
587090,Dendrocopos_major/XC587090.mp3,Dendrocopos major,Maarten Hotting,train
587951,Dendrocopos_major/XC587951.mp3,Dendrocopos major,Lars Edenius,val
589346,Dendrocopos_major/XC589346.mp3,Dendrocopos major,Frank Holzapfel,test
593983,Dendrocopos_major/XC593983.mp3,Dendrocopos major,Simon Elliott,val
593984,Dendrocopos_major/XC593984.mp3,Dendrocopos major,Simon Elliott,train
593985,Dendrocopos_major/XC593985.mp3,Dendrocopos major,Simon Elliott,train
594543,Dendrocopos_major/XC594543.mp3,Dendrocopos major,Thomas Bergman,train
608683,Dendrocopos_major/XC608683.mp3,Dendrocopos major,Jordi Calvet,val
617504,Dendrocopos_major/XC617504.mp3,Dendrocopos major,Niels Van Doninck,train
622319,Dendrocopos_major/XC622319.mp3,Dendrocopos major,Lars Edenius,train
622683,Dendrocopos_major/XC622683.mp3,Dendrocopos major,Lars Edenius,train
623335,Dendrocopos_major/XC623335.mp3,Dendrocopos major,Lars Edenius,train
625365,Dendrocopos_major/XC625365.mp3,Dendrocopos major,Peter Boesman,train
625371,Dendrocopos_major/XC625371.mp3,Dendrocopos major,Peter Boesman,train
631743,Dendrocopos_major/XC631743.mp3,Dendrocopos major,Niels Van Doninck,train
632470,Dendrocopos_major/XC632470.mp3,Dendrocopos major,Elias A. Ryberg,train
633191,Dendrocopos_major/XC633191.mp3,Dendrocopos major,Stanislas Wroza,train
634576,Dendrocopos_major/XC634576.mp3,Dendrocopos major,Stanislas Wroza,train
635577,Dendrocopos_major/XC635577.mp3,Dendrocopos major,Uku Paal,train
638124,Dendrocopos_major/XC638124.mp3,Dendrocopos major,Hans Norelius,test
640337,Dendrocopos_major/XC640337.mp3,Dendrocopos major,Ed,test
654694,Dendrocopos_major/XC654694.mp3,Dendrocopos major,Paul Bourdin,train
656709,Dendrocopos_major/XC656709.mp3,Dendrocopos major,Domagoj Tomičić,train
657145,Dendrocopos_major/XC657145.mp3,Dendrocopos major,Uku Paal,train
657252,Dendrocopos_major/XC657252.mp3,Dendrocopos major,Lars Edenius,test
681494,Dendrocopos_major/XC681494.mp3,Dendrocopos major,Lars Edenius,train
685764,Dendrocopos_major/XC685764.mp3,Dendrocopos major,Lars Edenius,val
688526,Dendrocopos_major/XC688526.mp3,Dendrocopos major,Lars Edenius,val
688832,Dendrocopos_major/XC688832.mp3,Dendrocopos major,Lars Edenius,train
689431,Dendrocopos_major/XC689431.mp3,Dendrocopos major,Bram Piot,train
692302,Dendrocopos_major/XC692302.mp3,Dendrocopos major,Romuald Mikusek,test
693259,Dendrocopos_major/XC693259.mp3,Dendrocopos major,Thomas Bergman,train
693587,Dendrocopos_major/XC693587.mp3,Dendrocopos major,Jordi Calvet,train
699207,Dendrocopos_major/XC699207.mp3,Dendrocopos major,Dominique Guillerme,train
700048,Dendrocopos_major/XC700048.mp3,Dendrocopos major,Lars Edenius,val
705540,Dendrocopos_major/XC705540.mp3,Dendrocopos major,Csont-Kelemen Mátyás,val
705982,Dendrocopos_major/XC705982.mp3,Dendrocopos major,Susanne Kuijpers,train
708947,Dendrocopos_major/XC708947.mp3,Dendrocopos major,Johan Södercrantz,test
710800,Dendrocopos_major/XC710800.mp3,Dendrocopos major,Lars Edenius,train
710838,Dendrocopos_major/XC710838.mp3,Dendrocopos major,Hannu Varkki,val
714183,Dendrocopos_major/XC714183.mp3,Dendrocopos major,Simon Elliott,train
715375,Dendrocopos_major/XC715375.mp3,Dendrocopos major,Frode Falkenberg,test
718409,Dendrocopos_major/XC718409.mp3,Dendrocopos major,Bo Shunqi,val
723936,Dendrocopos_major/XC723936.mp3,Dendrocopos major,Ireneusz Oleksik,val
733928,Dendrocopos_major/XC733928.mp3,Dendrocopos major,Thomas Bergman,train
742199,Dendrocopos_major/XC742199.mp3,Dendrocopos major,Lars Edenius,train
745626,Dendrocopos_major/XC745626.mp3,Dendrocopos major,Lars Edenius,train
747372,Dendrocopos_major/XC747372.mp3,Dendrocopos major,Agris Celmins,val
747375,Dendrocopos_major/XC747375.mp3,Dendrocopos major,Agris Celmins,train
757743,Dendrocopos_major/XC757743.wav,Dendrocopos major,Anders Westman,train
759512,Dendrocopos_major/XC759512.mp3,Dendrocopos major,Cedric Mroczko,test
759514,Dendrocopos_major/XC759514.mp3,Dendrocopos major,Cedric Mroczko,train
762348,Dendrocopos_major/XC762348.mp3,Dendrocopos major,Ulf Elman,train
762349,Dendrocopos_major/XC762349.mp3,Dendrocopos major,Ulf Elman,val
773420,Dendrocopos_major/XC773420.wav,Dendrocopos major,Jocce Ekstrom,train
781186,Dendrocopos_major/XC781186.wav,Dendrocopos major,François Guibert,train
782756,Dendrocopos_major/XC782756.wav,Dendrocopos major,Alan Dalton,train
783901,Dendrocopos_major/XC783901.mp3,Dendrocopos major,Lars Edenius,train
791041,Dendrocopos_major/XC791041.mp3,Dendrocopos major,Lars Edenius,train
791962,Dendrocopos_major/XC791962.wav,Dendrocopos major,João Tomás,val
791963,Dendrocopos_major/XC791963.wav,Dendrocopos major,João Tomás,val
792746,Dendrocopos_major/XC792746.wav,Dendrocopos major,Simon Elliott,train
794371,Dendrocopos_major/XC794371.wav,Dendrocopos major,Hannu Varkki,train
795228,Dendrocopos_major/XC795228.mp3,Dendrocopos major,Dominique Guillerme,test
799877,Dendrocopos_major/XC799877.mp3,Dendrocopos major,Niels Van Doninck,test
805663,Dendrocopos_major/XC805663.mp3,Dendrocopos major,Romuald Mikusek,train
806888,Dendrocopos_major/XC806888.mp3,Dendrocopos major,Bo Shunqi 薄顺奇,train
808894,Dendrocopos_major/XC808894.mp3,Dendrocopos major,Dominique Guillerme,test
809218,Dendrocopos_major/XC809218.mp3,Dendrocopos major,Jorge Leitão,test
817746,Dendrocopos_major/XC817746.mp3,Dendrocopos major,Lars Edenius,train
818700,Dendrocopos_major/XC818700.mp3,Dendrocopos major,Dominique Guillerme,train
827930,Dendrocopos_major/XC827930.mp3,Dendrocopos major,Lars Edenius,train
839026,Dendrocopos_major/XC839026.wav,Dendrocopos major,Martin Billard,train
839038,Dendrocopos_major/XC839038.wav,Dendrocopos major,Martin Billard,train
841562,Dendrocopos_major/XC841562.mp3,Dendrocopos major,Gianluca Congi,train
841901,Dendrocopos_major/XC841901.mp3,Dendrocopos major,Ulf Elman,val
853723,Dendrocopos_major/XC853723.wav,Dendrocopos major,Martin Billard,train
856557,Dendrocopos_major/XC856557.wav,Dendrocopos major,Martin Billard,train
856886,Dendrocopos_major/XC856886.mp3,Dendrocopos major,Lars Edenius,train
857876,Dendrocopos_major/XC857876.mp3,Dendrocopos major,Lars Edenius,train
864586,Dendrocopos_major/XC864586.mp3,Dendrocopos major,Lars Edenius,train
876854,Dendrocopos_major/XC876854.mp3,Dendrocopos major,Lars Edenius,train
878389,Dendrocopos_major/XC878389.wav,Dendrocopos major,Peter Stronach,train
879473,Dendrocopos_major/XC879473.mp3,Dendrocopos major,Ulf Elman,val
883467,Dendrocopos_major/XC883467.mp3,Dendrocopos major,Lennart Jeppsson,train
891730,Dendrocopos_major/XC891730.mp3,Dendrocopos major,Lars Edenius,train
892411,Dendrocopos_major/XC892411.wav,Dendrocopos major,Peter Stronach,train
900650,Dendrocopos_major/XC900650.mp3,Dendrocopos major,Francesco Barberini,train
911171,Dendrocopos_major/XC911171.mp3,Dendrocopos major,W. Agster,train
912709,Dendrocopos_major/XC912709.mp3,Dendrocopos major,Lars Edenius,train
916797,Dendrocopos_major/XC916797.mp3,Dendrocopos major,Olivier SWIFT,val
926794,Dendrocopos_major/XC926794.wav,Dendrocopos major,Jorge Leitão,val
933417,Dendrocopos_major/XC933417.mp3,Dendrocopos major,Jarek Matusiak,val
943952,Dendrocopos_major/XC943952.wav,Dendrocopos major,Timo Roeke,train
951564,Dendrocopos_major/XC951564.mp3,Dendrocopos major,Jarek Matusiak,train
952225,Dendrocopos_major/XC952225.mp3,Dendrocopos major,Lars Edenius,train
956102,Dendrocopos_major/XC956102.mp3,Dendrocopos major,Jacobo Ramil Millarengo,test
960366,Dendrocopos_major/XC960366.mp3,Dendrocopos major,Lars Edenius,train
961468,Dendrocopos_major/XC961468.mp3,Dendrocopos major,Le Louaver Manuel,train
965749,Dendrocopos_major/XC965749.mp3,Dendrocopos major,Lars Edenius,val
976571,Dendrocopos_major/XC976571.mp3,Dendrocopos major,Lars Edenius,train
979808,Dendrocopos_major/XC979808.wav,Dendrocopos major,Petter Westberg,train
979809,Dendrocopos_major/XC979809.wav,Dendrocopos major,Petter Westberg,test
982353,Dendrocopos_major/XC982353.mp3,Dendrocopos major,Lars Edenius,train
986168,Dendrocopos_major/XC986168.mp3,Dendrocopos major,Lars Edenius,train
1005068,Dendrocopos_major/XC1005068.wav,Dendrocopos major,Дмитрий К,train
1005074,Dendrocopos_major/XC1005074.wav,Dendrocopos major,Richard Brahmstaedt,train
1019733,Dendrocopos_major/XC1019733.mp3,Dendrocopos major,He Wenjin/文进,val
1025975,Dendrocopos_major/XC1025975.wav,Dendrocopos major,SonoNatura,train
1027475,Dendrocopos_major/XC1027475.mp3,Dendrocopos major,Ding Li Yong,train
1028444,Dendrocopos_major/XC1028444.mp3,Dendrocopos major,Richard E. Webster,train
1048380,Dendrocopos_major/XC1048380.mp3,Dendrocopos major,Lars Edenius,train
1050128,Dendrocopos_major/XC1050128.mp3,Dendrocopos major,Rostyslav Romanyshyn,test
1053218,Dendrocopos_major/XC1053218.mp3,Dendrocopos major,Lennart Jeppsson,test
1061126,Dendrocopos_major/XC1061126.wav,Dendrocopos major,David Darrell-Lambert,train
1061151,Dendrocopos_major/XC1061151.wav,Dendrocopos major,David Darrell-Lambert,val
1061167,Dendrocopos_major/XC1061167.wav,Dendrocopos major,David Darrell-Lambert,train
1061170,Dendrocopos_major/XC1061170.wav,Dendrocopos major,David Darrell-Lambert,train
1061195,Dendrocopos_major/XC1061195.wav,Dendrocopos major,David Darrell-Lambert,train
1079360,Dendrocopos_major/XC1079360.mp3,Dendrocopos major,Marc Anderson,train
1079930,Dendrocopos_major/XC1079930.mp3,Dendrocopos major,Marc Anderson,test
1079931,Dendrocopos_major/XC1079931.mp3,Dendrocopos major,Marc Anderson,train
1080799,Dendrocopos_major/XC1080799.mp3,Dendrocopos major,Lars Edenius,train
1083226,Dendrocopos_major/XC1083226.mp3,Dendrocopos major,Eetu Paljakka,train
1087556,Dendrocopos_major/XC1087556.wav,Dendrocopos major,Zsombor Károlyi,train
1088137,Dendrocopos_major/XC1088137.mp3,Dendrocopos major,Lars Edenius,test
1089524,Dendrocopos_major/XC1089524.wav,Dendrocopos major,Ulf Elman,train
1089525,Dendrocopos_major/XC1089525.wav,Dendrocopos major,Ulf Elman,train
1090288,Dendrocopos_major/XC1090288.wav,Dendrocopos major,Hannu Varkki,train
1092576,Dendrocopos_major/XC1092576.mp3,Dendrocopos major,Jacobo Ramil Millarengo,test
1098617,Dendrocopos_major/XC1098617.mp3,Dendrocopos major,AUDEVARD Aurélien,train
1098621,Dendrocopos_major/XC1098621.mp3,Dendrocopos major,AUDEVARD Aurélien,train
1098622,Dendrocopos_major/XC1098622.mp3,Dendrocopos major,AUDEVARD Aurélien,train
1098819,Dendrocopos_major/XC1098819.mp3,Dendrocopos major,Christian Bøggild,train
1105522,Dendrocopos_major/XC1105522.wav,Dendrocopos major,David Darrell-Lambert,val
1106312,Dendrocopos_major/XC1106312.mp3,Dendrocopos major,Jozef van der Heijden,train
1120169,Dendrocopos_major/XC1120169.wav,Dendrocopos major,Petter Westberg,train
1146148,Dendrocopos_major/XC1146148.wav,Dendrocopos major,Manuel Grosselet,train
1146149,Dendrocopos_major/XC1146149.wav,Dendrocopos major,Manuel Grosselet,test
1151050,Dendrocopos_major/XC1151050.wav,Dendrocopos major,João Ferreira Tomás,train
1151067,Dendrocopos_major/XC1151067.wav,Dendrocopos major,João Ferreira Tomás,train
1151734,Dendrocopos_major/XC1151734.wav,Dendrocopos major,Adrien Peillon,train
1151735,Dendrocopos_major/XC1151735.wav,Dendrocopos major,Adrien Peillon,train
1153811,Dendrocopos_major/XC1153811.wav,Dendrocopos major,Walter Wallner,train
1163212,Dendrocopos_major/XC1163212.wav,Dendrocopos major,Walter Wallner,test
1165033,Dendrocopos_major/XC1165033.wav,Dendrocopos major,João Ferreira Tomás,train
1167003,Dendrocopos_major/XC1167003.wav,Dendrocopos major,Johannes Worona,train
1167221,Dendrocopos_major/XC1167221.wav,Dendrocopos major,Stanislas Wroza,test
1175420,Dendrocopos_major/XC1175420.wav,Dendrocopos major,Ulf Elman,train
27579,Emberiza_citrinella/XC27579.mp3,Emberiza citrinella,Patrik Åberg,train
46380,Emberiza_citrinella/XC46380.mp3,Emberiza citrinella,Matthias Feuersenger,train
79058,Emberiza_citrinella/XC79058.mp3,Emberiza citrinella,Volker Arnold,train
100975,Emberiza_citrinella/XC100975.mp3,Emberiza citrinella,Mathias Ritschard,val
101137,Emberiza_citrinella/XC101137.mp3,Emberiza citrinella,Mathias Ritschard,val
105527,Emberiza_citrinella/XC105527.mp3,Emberiza citrinella,Volker Arnold,test
110320,Emberiza_citrinella/XC110320.mp3,Emberiza citrinella,Patrik Åberg,test
140578,Emberiza_citrinella/XC140578.mp3,Emberiza citrinella,Fernand DEROUSSEN,train
144327,Emberiza_citrinella/XC144327.mp3,Emberiza citrinella,Buhl Johannes,test
168017,Emberiza_citrinella/XC168017.mp3,Emberiza citrinella,david m,train
180948,Emberiza_citrinella/XC180948.mp3,Emberiza citrinella,Dawid Jablonski,train
208695,Emberiza_citrinella/XC208695.mp3,Emberiza citrinella,Mikael Litsgård,val
212563,Emberiza_citrinella/XC212563.mp3,Emberiza citrinella,PE Svahn,val
235710,Emberiza_citrinella/XC235710.mp3,Emberiza citrinella,Mikael Litsgård,train
236477,Emberiza_citrinella/XC236477.mp3,Emberiza citrinella,Terje Kolaas,test
240886,Emberiza_citrinella/XC240886.mp3,Emberiza citrinella,Antony Schubert,train
260119,Emberiza_citrinella/XC260119.mp3,Emberiza citrinella,david m,train
281806,Emberiza_citrinella/XC281806.mp3,Emberiza citrinella,Peter Boesman,train
281807,Emberiza_citrinella/XC281807.mp3,Emberiza citrinella,Peter Boesman,train
281810,Emberiza_citrinella/XC281810.mp3,Emberiza citrinella,Peter Boesman,train
281811,Emberiza_citrinella/XC281811.mp3,Emberiza citrinella,Peter Boesman,train
281813,Emberiza_citrinella/XC281813.mp3,Emberiza citrinella,Peter Boesman,train
281814,Emberiza_citrinella/XC281814.mp3,Emberiza citrinella,Peter Boesman,val
291968,Emberiza_citrinella/XC291968.mp3,Emberiza citrinella,Mikael Litsgård,train
313369,Emberiza_citrinella/XC313369.mp3,Emberiza citrinella,Dmitry Kulakov,val
315115,Emberiza_citrinella/XC315115.mp3,Emberiza citrinella,Ad Postma,val
315861,Emberiza_citrinella/XC315861.mp3,Emberiza citrinella,Timo Schnabel,train
324121,Emberiza_citrinella/XC324121.mp3,Emberiza citrinella,Jarek Matusiak,val
326701,Emberiza_citrinella/XC326701.mp3,Emberiza citrinella,Timo Schnabel,train
326702,Emberiza_citrinella/XC326702.mp3,Emberiza citrinella,Timo Schnabel,train
361314,Emberiza_citrinella/XC361314.mp3,Emberiza citrinella,Annette Hamann,train
361919,Emberiza_citrinella/XC361919.mp3,Emberiza citrinella,Elias A. Ryberg,train
365796,Emberiza_citrinella/XC365796.mp3,Emberiza citrinella,Lars Edenius,train
366718,Emberiza_citrinella/XC366718.mp3,Emberiza citrinella,Timo Schnabel,train
366909,Emberiza_citrinella/XC366909.mp3,Emberiza citrinella,Nikolay Sariev,test
372908,Emberiza_citrinella/XC372908.mp3,Emberiza citrinella,Sonnenburg,train
380183,Emberiza_citrinella/XC380183.mp3,Emberiza citrinella,Jerome Fischer,train
402005,Emberiza_citrinella/XC402005.mp3,Emberiza citrinella,Jarek Matusiak,test
405476,Emberiza_citrinella/XC405476.mp3,Emberiza citrinella,Ad Postma,val
415137,Emberiza_citrinella/XC415137.mp3,Emberiza citrinella,Lars Edenius,val
416975,Emberiza_citrinella/XC416975.mp3,Emberiza citrinella,Hans Matheve,train
417763,Emberiza_citrinella/XC417763.mp3,Emberiza citrinella,Jarek Matusiak,train
439517,Emberiza_citrinella/XC439517.mp3,Emberiza citrinella,Alain Verneau,test
442792,Emberiza_citrinella/XC442792.mp3,Emberiza citrinella,W. Agster,train
444019,Emberiza_citrinella/XC444019.mp3,Emberiza citrinella,Karl-Birger Strann,test
462159,Emberiza_citrinella/XC462159.mp3,Emberiza citrinella,Jarek Matusiak,train
462588,Emberiza_citrinella/XC462588.mp3,Emberiza citrinella,Stanislas Wroza,train
463357,Emberiza_citrinella/XC463357.mp3,Emberiza citrinella,Lars Edenius,val
466795,Emberiza_citrinella/XC466795.mp3,Emberiza citrinella,Lars Edenius,train
471509,Emberiza_citrinella/XC471509.mp3,Emberiza citrinella,Stanislas Wroza,train
471512,Emberiza_citrinella/XC471512.mp3,Emberiza citrinella,Stanislas Wroza,train
475297,Emberiza_citrinella/XC475297.mp3,Emberiza citrinella,Jarek Matusiak,test
475303,Emberiza_citrinella/XC475303.mp3,Emberiza citrinella,Jarek Matusiak,train
493314,Emberiza_citrinella/XC493314.mp3,Emberiza citrinella,Jarek Matusiak,train
544996,Emberiza_citrinella/XC544996.mp3,Emberiza citrinella,Markus Jacobs,train
559612,Emberiza_citrinella/XC559612.mp3,Emberiza citrinella,Jarek Matusiak,train
559614,Emberiza_citrinella/XC559614.mp3,Emberiza citrinella,Jarek Matusiak,train
559768,Emberiza_citrinella/XC559768.mp3,Emberiza citrinella,Jarek Matusiak,train
563645,Emberiza_citrinella/XC563645.mp3,Emberiza citrinella,Bodo Sonnenburg,train
567506,Emberiza_citrinella/XC567506.mp3,Emberiza citrinella,Peter Boesman,train
567833,Emberiza_citrinella/XC567833.mp3,Emberiza citrinella,Tanguy Loïs,val
592685,Emberiza_citrinella/XC592685.mp3,Emberiza citrinella,Jarek Matusiak,train
596542,Emberiza_citrinella/XC596542.mp3,Emberiza citrinella,Lars Edenius,val
629083,Emberiza_citrinella/XC629083.mp3,Emberiza citrinella,Domagoj Tomičić,train
629901,Emberiza_citrinella/XC629901.mp3,Emberiza citrinella,Anders Westman,test
631534,Emberiza_citrinella/XC631534.mp3,Emberiza citrinella,Marcin Urbański,train
631988,Emberiza_citrinella/XC631988.mp3,Emberiza citrinella,Lars Edenius,train
633248,Emberiza_citrinella/XC633248.mp3,Emberiza citrinella,Stanislas Wroza,train
635610,Emberiza_citrinella/XC635610.mp3,Emberiza citrinella,Lars Edenius,val
635611,Emberiza_citrinella/XC635611.mp3,Emberiza citrinella,Lars Edenius,val
635612,Emberiza_citrinella/XC635612.mp3,Emberiza citrinella,Lars Edenius,train
637703,Emberiza_citrinella/XC637703.mp3,Emberiza citrinella,Peter Boesman,train
641766,Emberiza_citrinella/XC641766.mp3,Emberiza citrinella,Marcel Gil Velasco,train
641904,Emberiza_citrinella/XC641904.mp3,Emberiza citrinella,Uku Paal,train
655122,Emberiza_citrinella/XC655122.mp3,Emberiza citrinella,david m,train
662899,Emberiza_citrinella/XC662899.mp3,Emberiza citrinella,Lars Edenius,train
687650,Emberiza_citrinella/XC687650.mp3,Emberiza citrinella,Niels Van Doninck,test
697920,Emberiza_citrinella/XC697920.mp3,Emberiza citrinella,Dominique Guillerme,train
700131,Emberiza_citrinella/XC700131.mp3,Emberiza citrinella,Dominique Guillerme,train
703596,Emberiza_citrinella/XC703596.mp3,Emberiza citrinella,Beatrix Saadi-Varchmin,val
703597,Emberiza_citrinella/XC703597.mp3,Emberiza citrinella,Beatrix Saadi-Varchmin,val
711214,Emberiza_citrinella/XC711214.mp3,Emberiza citrinella,Lars Edenius,train
711828,Emberiza_citrinella/XC711828.mp3,Emberiza citrinella,Jacobo Ramil MIllarengo,val
711833,Emberiza_citrinella/XC711833.mp3,Emberiza citrinella,Jacobo Ramil MIllarengo,train
713035,Emberiza_citrinella/XC713035.mp3,Emberiza citrinella,Teet Sirotkin,val
715852,Emberiza_citrinella/XC715852.mp3,Emberiza citrinella,Lars Edenius,train
715853,Emberiza_citrinella/XC715853.mp3,Emberiza citrinella,Lars Edenius,train
715998,Emberiza_citrinella/XC715998.mp3,Emberiza citrinella,Agris Celmins,train
722883,Emberiza_citrinella/XC722883.mp3,Emberiza citrinella,Jarek Matusiak,val
751209,Emberiza_citrinella/XC751209.mp3,Emberiza citrinella,Lars Edenius,train
755103,Emberiza_citrinella/XC755103.mp3,Emberiza citrinella,Mats Olsson,train
759870,Emberiza_citrinella/XC759870.mp3,Emberiza citrinella,Niels Van Doninck,test
759872,Emberiza_citrinella/XC759872.mp3,Emberiza citrinella,Niels Van Doninck,train
770013,Emberiza_citrinella/XC770013.mp3,Emberiza citrinella,Michel Veldt,train
793279,Emberiza_citrinella/XC793279.mp3,Emberiza citrinella,Lars Edenius,train
798299,Emberiza_citrinella/XC798299.wav,Emberiza citrinella,Johannes Dag Mayer,val
814257,Emberiza_citrinella/XC814257.wav,Emberiza citrinella,Anders Westman,train
817771,Emberiza_citrinella/XC817771.mp3,Emberiza citrinella,Dominique Guillerme,test
817772,Emberiza_citrinella/XC817772.mp3,Emberiza citrinella,Dominique Guillerme,test
817773,Emberiza_citrinella/XC817773.mp3,Emberiza citrinella,Dominique Guillerme,train
841213,Emberiza_citrinella/XC841213.wav,Emberiza citrinella,Beatrix Saadi-Varchmin,val
895088,Emberiza_citrinella/XC895088.wav,Emberiza citrinella,Martin Billard,train
901911,Emberiza_citrinella/XC901911.mp3,Emberiza citrinella,Jacobo Ramil Millarengo,train
909945,Emberiza_citrinella/XC909945.mp3,Emberiza citrinella,Uku Paal,train
918129,Emberiza_citrinella/XC918129.mp3,Emberiza citrinella,Jacobo Ramil Millarengo,train
919282,Emberiza_citrinella/XC919282.wav,Emberiza citrinella,Martin Billard,train
919934,Emberiza_citrinella/XC919934.mp3,Emberiza citrinella,Jacobo Ramil Millarengo,train
957093,Emberiza_citrinella/XC957093.mp3,Emberiza citrinella,Jarek Matusiak,test
961587,Emberiza_citrinella/XC961587.wav,Emberiza citrinella,Rafael Costas,train
980764,Emberiza_citrinella/XC980764.mp3,Emberiza citrinella,Thomas Bergman,test
981978,Emberiza_citrinella/XC981978.mp3,Emberiza citrinella,Lars Edenius,train
981979,Emberiza_citrinella/XC981979.mp3,Emberiza citrinella,Lars Edenius,test
983981,Emberiza_citrinella/XC983981.wav,Emberiza citrinella,Cyrille Frey,train
985932,Emberiza_citrinella/XC985932.mp3,Emberiza citrinella,Lars Edenius,test
992385,Emberiza_citrinella/XC992385.mp3,Emberiza citrinella,Tero Linjama,train
1092892,Emberiza_citrinella/XC1092892.wav,Emberiza citrinella,Jens Schöller,val
1096279,Emberiza_citrinella/XC1096279.mp3,Emberiza citrinella,Lars Edenius,test
1107479,Emberiza_citrinella/XC1107479.wav,Emberiza citrinella,Franek Owczarek,train
1133561,Emberiza_citrinella/XC1133561.wav,Emberiza citrinella,Franek Owczarek,train
1135981,Emberiza_citrinella/XC1135981.wav,Emberiza citrinella,David Darrell-Lambert,train
1136376,Emberiza_citrinella/XC1136376.mp3,Emberiza citrinella,Benjamin Manz,train
1141505,Emberiza_citrinella/XC1141505.wav,Emberiza citrinella,Grzegorz Michalski,train
1143014,Emberiza_citrinella/XC1143014.wav,Emberiza citrinella,David Darrell-Lambert,train
1143038,Emberiza_citrinella/XC1143038.wav,Emberiza citrinella,David Darrell-Lambert,train
1143039,Emberiza_citrinella/XC1143039.wav,Emberiza citrinella,David Darrell-Lambert,train
1143166,Emberiza_citrinella/XC1143166.wav,Emberiza citrinella,Jordi Calvet,train
1149833,Emberiza_citrinella/XC1149833.mp3,Emberiza citrinella,Louis-Marie Gourmelon,test
1149836,Emberiza_citrinella/XC1149836.mp3,Emberiza citrinella,Louis-Marie Gourmelon,test
1150998,Emberiza_citrinella/XC1150998.wav,Emberiza citrinella,Clement Bruneau,train
1151250,Emberiza_citrinella/XC1151250.wav,Emberiza citrinella,Paul Kelly,train
1152689,Emberiza_citrinella/XC1152689.wav,Emberiza citrinella,Sunny Tseng,train
1153081,Emberiza_citrinella/XC1153081.wav,Emberiza citrinella,Arjun Dutta,train
1153353,Emberiza_citrinella/XC1153353.wav,Emberiza citrinella,Adrien Peillon,train
1154075,Emberiza_citrinella/XC1154075.wav,Emberiza citrinella,Arjun Dutta,train
1154510,Emberiza_citrinella/XC1154510.wav,Emberiza citrinella,David Darrell-Lambert,train
1154705,Emberiza_citrinella/XC1154705.wav,Emberiza citrinella,Jordi Calvet,train
1154743,Emberiza_citrinella/XC1154743.wav,Emberiza citrinella,Jordi Calvet,test
1154744,Emberiza_citrinella/XC1154744.wav,Emberiza citrinella,Jordi Calvet,train
1156610,Emberiza_citrinella/XC1156610.wav,Emberiza citrinella,David Darrell-Lambert,train
1156611,Emberiza_citrinella/XC1156611.wav,Emberiza citrinella,David Darrell-Lambert,train
1156620,Emberiza_citrinella/XC1156620.wav,Emberiza citrinella,David Darrell-Lambert,train
1156622,Emberiza_citrinella/XC1156622.wav,Emberiza citrinella,David Darrell-Lambert,train
1156624,Emberiza_citrinella/XC1156624.wav,Emberiza citrinella,David Darrell-Lambert,train
1156684,Emberiza_citrinella/XC1156684.mp3,Emberiza citrinella,Bram Piot,train
1157651,Emberiza_citrinella/XC1157651.wav,Emberiza citrinella,João Ferreira Tomás,train
1158049,Emberiza_citrinella/XC1158049.wav,Emberiza citrinella,Johannes Dag Mayer,train
1161901,Emberiza_citrinella/XC1161901.wav,Emberiza citrinella,Claudia Haushalter,train
1161942,Emberiza_citrinella/XC1161942.wav,Emberiza citrinella,Cedric Mroczko,train
1161944,Emberiza_citrinella/XC1161944.wav,Emberiza citrinella,Cedric Mroczko,train
1176676,Emberiza_citrinella/XC1176676.mp3,Emberiza citrinella,Andrew McCafferty,train
685212,Erithacus_rubecula/XC685212.mp3,Erithacus rubecula,Camille Gourmand,train
688119,Erithacus_rubecula/XC688119.mp3,Erithacus rubecula,Susanne Kuijpers,val
692267,Erithacus_rubecula/XC692267.mp3,Erithacus rubecula,Allistair Fresse,train
692835,Erithacus_rubecula/XC692835.mp3,Erithacus rubecula,Lars Edenius,train
696231,Erithacus_rubecula/XC696231.mp3,Erithacus rubecula,Dominique Guillerme,train
696232,Erithacus_rubecula/XC696232.mp3,Erithacus rubecula,Dominique Guillerme,test
696233,Erithacus_rubecula/XC696233.mp3,Erithacus rubecula,Dominique Guillerme,train
700239,Erithacus_rubecula/XC700239.mp3,Erithacus rubecula,Pietro Maiorana,train
700574,Erithacus_rubecula/XC700574.mp3,Erithacus rubecula,SonoNatura,test
704518,Erithacus_rubecula/XC704518.mp3,Erithacus rubecula,Susanne Kuijpers,val
707140,Erithacus_rubecula/XC707140.mp3,Erithacus rubecula,Susanne Kuijpers,train
707744,Erithacus_rubecula/XC707744.mp3,Erithacus rubecula,Susanne Kuijpers,train
707745,Erithacus_rubecula/XC707745.mp3,Erithacus rubecula,Susanne Kuijpers,train
709575,Erithacus_rubecula/XC709575.mp3,Erithacus rubecula,Susanne Kuijpers,train
710137,Erithacus_rubecula/XC710137.mp3,Erithacus rubecula,Susanne Kuijpers,train
715982,Erithacus_rubecula/XC715982.mp3,Erithacus rubecula,Susanne Kuijpers,train
716826,Erithacus_rubecula/XC716826.mp3,Erithacus rubecula,Teet Sirotkin,train
717198,Erithacus_rubecula/XC717198.mp3,Erithacus rubecula,Lars Edenius,train
717200,Erithacus_rubecula/XC717200.mp3,Erithacus rubecula,Lars Edenius,train
721515,Erithacus_rubecula/XC721515.mp3,Erithacus rubecula,Manuel Grosselet,train
721658,Erithacus_rubecula/XC721658.wav,Erithacus rubecula,Glenn Goa,train
721895,Erithacus_rubecula/XC721895.mp3,Erithacus rubecula,SonoNatura,train
721963,Erithacus_rubecula/XC721963.mp3,Erithacus rubecula,Manuel Grosselet,train
722059,Erithacus_rubecula/XC722059.mp3,Erithacus rubecula,Manuel Grosselet,train
725777,Erithacus_rubecula/XC725777.mp3,Erithacus rubecula,Jacobo Ramil MIllarengo,train
733128,Erithacus_rubecula/XC733128.mp3,Erithacus rubecula,Lars Edenius,test
736691,Erithacus_rubecula/XC736691.mp3,Erithacus rubecula,Lars Edenius,test
738926,Erithacus_rubecula/XC738926.mp3,Erithacus rubecula,Lars Edenius,test
740235,Erithacus_rubecula/XC740235.mp3,Erithacus rubecula,Lars Edenius,val
745016,Erithacus_rubecula/XC745016.mp3,Erithacus rubecula,Gianluca Congi,train
748681,Erithacus_rubecula/XC748681.mp3,Erithacus rubecula,Amar Léa,test
749487,Erithacus_rubecula/XC749487.mp3,Erithacus rubecula,Irish Wildlife Sounds,val
749498,Erithacus_rubecula/XC749498.mp3,Erithacus rubecula,Irish Wildlife Sounds,train
749503,Erithacus_rubecula/XC749503.mp3,Erithacus rubecula,Irish Wildlife Sounds,train
756310,Erithacus_rubecula/XC756310.wav,Erithacus rubecula,Paul Kelly,val
757939,Erithacus_rubecula/XC757939.mp3,Erithacus rubecula,W. Agster,train
764053,Erithacus_rubecula/XC764053.mp3,Erithacus rubecula,Jorge Leitão,train
766999,Erithacus_rubecula/XC766999.mp3,Erithacus rubecula,Tom Gale,train
767149,Erithacus_rubecula/XC767149.mp3,Erithacus rubecula,Irish Wildlife Sounds,train
773866,Erithacus_rubecula/XC773866.wav,Erithacus rubecula,Gil Lissens,train
775790,Erithacus_rubecula/XC775790.mp3,Erithacus rubecula,Giuseppe Platania,train
782759,Erithacus_rubecula/XC782759.mp3,Erithacus rubecula,Simone Bocca,val
793422,Erithacus_rubecula/XC793422.mp3,Erithacus rubecula,Nicolas Martinez,train
794172,Erithacus_rubecula/XC794172.mp3,Erithacus rubecula,Ulf Elman,train
794960,Erithacus_rubecula/XC794960.mp3,Erithacus rubecula,Jacobo Ramil Millarengo,train
795457,Erithacus_rubecula/XC795457.mp3,Erithacus rubecula,Lars Jonasson,test
796288,Erithacus_rubecula/XC796288.mp3,Erithacus rubecula,Romuald Mikusek,train
798802,Erithacus_rubecula/XC798802.mp3,Erithacus rubecula,Lars Edenius,train
799029,Erithacus_rubecula/XC799029.mp3,Erithacus rubecula,Lars Edenius,val
800035,Erithacus_rubecula/XC800035.mp3,Erithacus rubecula,Ulf Elman,test
803700,Erithacus_rubecula/XC803700.mp3,Erithacus rubecula,Gianluca Congi,train
805163,Erithacus_rubecula/XC805163.mp3,Erithacus rubecula,Dominique Guillerme,val
809796,Erithacus_rubecula/XC809796.mp3,Erithacus rubecula,Jorge Leitão,test
810603,Erithacus_rubecula/XC810603.mp3,Erithacus rubecula,Dries Van de Loock,train
812816,Erithacus_rubecula/XC812816.mp3,Erithacus rubecula,Thomas Bergman,train
820064,Erithacus_rubecula/XC820064.wav,Erithacus rubecula,Grzegorz Lorek,train
827924,Erithacus_rubecula/XC827924.mp3,Erithacus rubecula,Lars Edenius,train
831474,Erithacus_rubecula/XC831474.mp3,Erithacus rubecula,Mats Rellmar,train
832278,Erithacus_rubecula/XC832278.mp3,Erithacus rubecula,Jorge Leitão,train
832709,Erithacus_rubecula/XC832709.mp3,Erithacus rubecula,Jorge Leitão,train
835145,Erithacus_rubecula/XC835145.mp3,Erithacus rubecula,Jorge Leitão,train
836287,Erithacus_rubecula/XC836287.mp3,Erithacus rubecula,Jorge Leitão,test
840561,Erithacus_rubecula/XC840561.mp3,Erithacus rubecula,Luca Baghino,val
842926,Erithacus_rubecula/XC842926.mp3,Erithacus rubecula,Jorge Leitão,train
842928,Erithacus_rubecula/XC842928.mp3,Erithacus rubecula,Jorge Leitão,train
843129,Erithacus_rubecula/XC843129.wav,Erithacus rubecula,Joost van Bruggen,val
843246,Erithacus_rubecula/XC843246.mp3,Erithacus rubecula,Susanne Kuijpers,train
843247,Erithacus_rubecula/XC843247.mp3,Erithacus rubecula,Susanne Kuijpers,train
843248,Erithacus_rubecula/XC843248.mp3,Erithacus rubecula,Susanne Kuijpers,train
843579,Erithacus_rubecula/XC843579.wav,Erithacus rubecula,Angelo Nitti,val
857687,Erithacus_rubecula/XC857687.wav,Erithacus rubecula,Manuel Grosselet,train
857688,Erithacus_rubecula/XC857688.wav,Erithacus rubecula,Manuel Grosselet,test
857898,Erithacus_rubecula/XC857898.wav,Erithacus rubecula,João Tomás,train
858689,Erithacus_rubecula/XC858689.wav,Erithacus rubecula,Manuel Grosselet,train
858911,Erithacus_rubecula/XC858911.wav,Erithacus rubecula,João Tomás,test
859116,Erithacus_rubecula/XC859116.wav,Erithacus rubecula,Manuel Grosselet,train
859121,Erithacus_rubecula/XC859121.wav,Erithacus rubecula,Manuel Grosselet,train
859419,Erithacus_rubecula/XC859419.wav,Erithacus rubecula,Manuel Grosselet,test
862661,Erithacus_rubecula/XC862661.wav,Erithacus rubecula,Manuel Grosselet,val
864278,Erithacus_rubecula/XC864278.mp3,Erithacus rubecula,Susanne Kuijpers,train
865221,Erithacus_rubecula/XC865221.mp3,Erithacus rubecula,Jean Pierre Sciolla,train
871728,Erithacus_rubecula/XC871728.wav,Erithacus rubecula,Martin Billard,train
871730,Erithacus_rubecula/XC871730.mp3,Erithacus rubecula,Alain Malengreau,test
890327,Erithacus_rubecula/XC890327.mp3,Erithacus rubecula,Olivier SWIFT,test
897049,Erithacus_rubecula/XC897049.mp3,Erithacus rubecula,Lars Edenius,val
897390,Erithacus_rubecula/XC897390.wav,Erithacus rubecula,Paul-Élie Jay,val
906740,Erithacus_rubecula/XC906740.mp3,Erithacus rubecula,Mats Rellmar,train
911117,Erithacus_rubecula/XC911117.mp3,Erithacus rubecula,Molly Bell,train
919240,Erithacus_rubecula/XC919240.mp3,Erithacus rubecula,Anthony McGeehan ,train
927410,Erithacus_rubecula/XC927410.mp3,Erithacus rubecula,Lars Edenius,train
941177,Erithacus_rubecula/XC941177.wav,Erithacus rubecula,Jorge Leitão,train
943953,Erithacus_rubecula/XC943953.wav,Erithacus rubecula,Timo Roeke,train
945925,Erithacus_rubecula/XC945925.wav,Erithacus rubecula,Jorge Leitão,train
954699,Erithacus_rubecula/XC954699.mp3,Erithacus rubecula,Luca Baghino,train
964665,Erithacus_rubecula/XC964665.mp3,Erithacus rubecula,Luca Baghino,train
965086,Erithacus_rubecula/XC965086.mp3,Erithacus rubecula,Evan van Wezel,train
972996,Erithacus_rubecula/XC972996.wav,Erithacus rubecula,Esteban Vilboux,train
973581,Erithacus_rubecula/XC973581.wav,Erithacus rubecula,Esteban Vilboux,train
978117,Erithacus_rubecula/XC978117.wav,Erithacus rubecula,Jorge Leitão,train
982212,Erithacus_rubecula/XC982212.wav,Erithacus rubecula,Abe Bakker,train
982379,Erithacus_rubecula/XC982379.mp3,Erithacus rubecula,Gianluca Congi,train
984806,Erithacus_rubecula/XC984806.wav,Erithacus rubecula,Jorge Leitão,val
986244,Erithacus_rubecula/XC986244.mp3,Erithacus rubecula,Molly Bell,train
996390,Erithacus_rubecula/XC996390.wav,Erithacus rubecula,David Darrell-Lambert,train
998115,Erithacus_rubecula/XC998115.wav,Erithacus rubecula,Gonzalo Peña Sánchez,val
1003729,Erithacus_rubecula/XC1003729.mp3,Erithacus rubecula,Francesco Sottile,train
1004147,Erithacus_rubecula/XC1004147.mp3,Erithacus rubecula,Ruslan Mazuryk,train
1029273,Erithacus_rubecula/XC1029273.wav,Erithacus rubecula,Agris Celmins,val
1029274,Erithacus_rubecula/XC1029274.wav,Erithacus rubecula,Agris Celmins,train
1045399,Erithacus_rubecula/XC1045399.mp3,Erithacus rubecula,Jacobo Ramil Millarengo,train
1045471,Erithacus_rubecula/XC1045471.wav,Erithacus rubecula,David Darrell-Lambert,test
1045694,Erithacus_rubecula/XC1045694.wav,Erithacus rubecula,Stef van Zimmeren,val
1048399,Erithacus_rubecula/XC1048399.wav,Erithacus rubecula,João Tomás,val
1050324,Erithacus_rubecula/XC1050324.mp3,Erithacus rubecula,Bram Piot,train
1055775,Erithacus_rubecula/XC1055775.wav,Erithacus rubecula,Stanislas Wroza,train
1062223,Erithacus_rubecula/XC1062223.mp3,Erithacus rubecula,Francesco Sottile,train
1065556,Erithacus_rubecula/XC1065556.wav,Erithacus rubecula,João Tomás,train
1072480,Erithacus_rubecula/XC1072480.wav,Erithacus rubecula,Pablo Guillemaud,train
1074568,Erithacus_rubecula/XC1074568.wav,Erithacus rubecula,Laura Martin,train
1075203,Erithacus_rubecula/XC1075203.wav,Erithacus rubecula,Pablo Guillemaud,train
1075712,Erithacus_rubecula/XC1075712.mp3,Erithacus rubecula,Marc Anderson,train
1079197,Erithacus_rubecula/XC1079197.mp3,Erithacus rubecula,Marc Anderson,test
1080723,Erithacus_rubecula/XC1080723.wav,Erithacus rubecula,David Darrell-Lambert,train
1080724,Erithacus_rubecula/XC1080724.wav,Erithacus rubecula,David Darrell-Lambert,val
1081075,Erithacus_rubecula/XC1081075.mp3,Erithacus rubecula,Shaun Micklewright,train
1085921,Erithacus_rubecula/XC1085921.wav,Erithacus rubecula,Petter Westberg,test
1088898,Erithacus_rubecula/XC1088898.wav,Erithacus rubecula,Mats Olsson,train
1089325,Erithacus_rubecula/XC1089325.mp3,Erithacus rubecula,Olivier SWIFT,train
1089386,Erithacus_rubecula/XC1089386.mp3,Erithacus rubecula,David Tattersley,train
1092189,Erithacus_rubecula/XC1092189.mp3,Erithacus rubecula,Olivier SWIFT,train
1094683,Erithacus_rubecula/XC1094683.wav,Erithacus rubecula,Cedric Mroczko,val
1096004,Erithacus_rubecula/XC1096004.mp3,Erithacus rubecula,Lars Edenius,train
1099323,Erithacus_rubecula/XC1099323.mp3,Erithacus rubecula,Lars Edenius,train
1104628,Erithacus_rubecula/XC1104628.mp3,Erithacus rubecula,Lars Edenius,train
1105322,Erithacus_rubecula/XC1105322.wav,Erithacus rubecula,Clement Bruneau,train
1105530,Erithacus_rubecula/XC1105530.wav,Erithacus rubecula,David Darrell-Lambert,train
1105531,Erithacus_rubecula/XC1105531.wav,Erithacus rubecula,David Darrell-Lambert,train
1137570,Erithacus_rubecula/XC1137570.wav,Erithacus rubecula,Jorge Leitão,test
1141058,Erithacus_rubecula/XC1141058.wav,Erithacus rubecula,David Darrell-Lambert,val
1141104,Erithacus_rubecula/XC1141104.wav,Erithacus rubecula,David Darrell-Lambert,test
1145251,Erithacus_rubecula/XC1145251.mp3,Erithacus rubecula,Lars Edenius,train
1146152,Erithacus_rubecula/XC1146152.wav,Erithacus rubecula,Manuel Grosselet,test
1152453,Erithacus_rubecula/XC1152453.wav,Erithacus rubecula,Miika Silfverberg,train
1153789,Erithacus_rubecula/XC1153789.wav,Erithacus rubecula,Walter Wallner,train
1156419,Erithacus_rubecula/XC1156419.mp3,Erithacus rubecula,SWIFT Olivier,train
1165259,Erithacus_rubecula/XC1165259.mp3,Erithacus rubecula,Lars Edenius,test
1176509,Erithacus_rubecula/XC1176509.wav,Erithacus rubecula,David Darrell-Lambert,train
1176585,Erithacus_rubecula/XC1176585.mp3,Erithacus rubecula,Paul Gosling,test
1176594,Erithacus_rubecula/XC1176594.wav,Erithacus rubecula,Philippe Grange,train
1176620,Erithacus_rubecula/XC1176620.wav,Erithacus rubecula,Alain De Broyer,train
797952,Fringilla_coelebs/XC797952.wav,Fringilla coelebs,Aitor Zabala,test
797953,Fringilla_coelebs/XC797953.wav,Fringilla coelebs,Aitor Zabala,train
797975,Fringilla_coelebs/XC797975.mp3,Fringilla coelebs,Dominique Guillerme,train
798393,Fringilla_coelebs/XC798393.mp3,Fringilla coelebs,Lars Edenius,train
798533,Fringilla_coelebs/XC798533.mp3,Fringilla coelebs,Lider Sinav,train
798795,Fringilla_coelebs/XC798795.mp3,Fringilla coelebs,Lars Edenius,train
799235,Fringilla_coelebs/XC799235.mp3,Fringilla coelebs,Dominique Guillerme,train
799515,Fringilla_coelebs/XC799515.wav,Fringilla coelebs,Stephan Risch,train
799662,Fringilla_coelebs/XC799662.mp3,Fringilla coelebs,Jacobo Ramil Millarengo,train
800618,Fringilla_coelebs/XC800618.wav,Fringilla coelebs,Stanislas Wroza,test
800705,Fringilla_coelebs/XC800705.mp3,Fringilla coelebs,Susanne Kuijpers,val
804319,Fringilla_coelebs/XC804319.mp3,Fringilla coelebs,Jorge Leitão,train
805111,Fringilla_coelebs/XC805111.mp3,Fringilla coelebs,Jorge Leitão,test
805250,Fringilla_coelebs/XC805250.mp3,Fringilla coelebs,Jorge Leitão,train
805307,Fringilla_coelebs/XC805307.wav,Fringilla coelebs,Lee Alder,train
805310,Fringilla_coelebs/XC805310.wav,Fringilla coelebs,Lee Alder,train
806498,Fringilla_coelebs/XC806498.mp3,Fringilla coelebs,Quentin Guibert,val
807677,Fringilla_coelebs/XC807677.mp3,Fringilla coelebs,Juha Saari,train
809771,Fringilla_coelebs/XC809771.mp3,Fringilla coelebs,Jorge Leitão,train
811783,Fringilla_coelebs/XC811783.mp3,Fringilla coelebs,Jorge Leitão,train
815451,Fringilla_coelebs/XC815451.mp3,Fringilla coelebs,Lars Edenius,test
816459,Fringilla_coelebs/XC816459.mp3,Fringilla coelebs,Francesco Sottile,train
817764,Fringilla_coelebs/XC817764.mp3,Fringilla coelebs,Dominique Guillerme,train
822425,Fringilla_coelebs/XC822425.mp3,Fringilla coelebs,Esperanza Poveda,train
831200,Fringilla_coelebs/XC831200.mp3,Fringilla coelebs,Mats Rellmar,test
839737,Fringilla_coelebs/XC839737.mp3,Fringilla coelebs,Cedric Mroczko,train
842904,Fringilla_coelebs/XC842904.wav,Fringilla coelebs,Paul Kelly,train
859477,Fringilla_coelebs/XC859477.mp3,Fringilla coelebs,Esperanza Poveda,train
870708,Fringilla_coelebs/XC870708.mp3,Fringilla coelebs,Alain Malengreau,train
872076,Fringilla_coelebs/XC872076.mp3,Fringilla coelebs,Alain Malengreau,train
872139,Fringilla_coelebs/XC872139.mp3,Fringilla coelebs,Alain Malengreau,train
877582,Fringilla_coelebs/XC877582.wav,Fringilla coelebs,Martin Billard,test
881150,Fringilla_coelebs/XC881150.wav,Fringilla coelebs,Martin Billard,train
881151,Fringilla_coelebs/XC881151.wav,Fringilla coelebs,Martin Billard,train
881167,Fringilla_coelebs/XC881167.wav,Fringilla coelebs,Martin Billard,test
881173,Fringilla_coelebs/XC881173.wav,Fringilla coelebs,Martin Billard,train
881174,Fringilla_coelebs/XC881174.wav,Fringilla coelebs,Martin Billard,train
881175,Fringilla_coelebs/XC881175.wav,Fringilla coelebs,Martin Billard,train
881176,Fringilla_coelebs/XC881176.wav,Fringilla coelebs,Martin Billard,train
881423,Fringilla_coelebs/XC881423.wav,Fringilla coelebs,João Tomás,train
894448,Fringilla_coelebs/XC894448.wav,Fringilla coelebs,Pere Josa,train
896964,Fringilla_coelebs/XC896964.mp3,Fringilla coelebs,Alain Malengreau,train
897016,Fringilla_coelebs/XC897016.wav,Fringilla coelebs,Martin Billard,val
897229,Fringilla_coelebs/XC897229.wav,Fringilla coelebs,João Tomás,train
897459,Fringilla_coelebs/XC897459.mp3,Fringilla coelebs,Jacobo Ramil Millarengo,train
900966,Fringilla_coelebs/XC900966.mp3,Fringilla coelebs,Valentin Monnoy,train
902794,Fringilla_coelebs/XC902794.mp3,Fringilla coelebs,Olivier SWIFT,train
904600,Fringilla_coelebs/XC904600.wav,Fringilla coelebs,Martin Billard,val
904601,Fringilla_coelebs/XC904601.wav,Fringilla coelebs,Martin Billard,val
906152,Fringilla_coelebs/XC906152.mp3,Fringilla coelebs,Jorge Leitão,test
906522,Fringilla_coelebs/XC906522.mp3,Fringilla coelebs,Olivier SWIFT,val
906523,Fringilla_coelebs/XC906523.mp3,Fringilla coelebs,Olivier SWIFT,test
908632,Fringilla_coelebs/XC908632.wav,Fringilla coelebs,Martin Billard,train
908635,Fringilla_coelebs/XC908635.wav,Fringilla coelebs,Martin Billard,train
909063,Fringilla_coelebs/XC909063.wav,Fringilla coelebs,Jacek Mucha,val
909828,Fringilla_coelebs/XC909828.mp3,Fringilla coelebs,Oscar Gordo,val
910422,Fringilla_coelebs/XC910422.wav,Fringilla coelebs,Paul Kelly,train
912731,Fringilla_coelebs/XC912731.mp3,Fringilla coelebs,Bodo Sonnenburg,train
912812,Fringilla_coelebs/XC912812.mp3,Fringilla coelebs,Jack Berteau,test
917609,Fringilla_coelebs/XC917609.wav,Fringilla coelebs,João Tomás,train
917613,Fringilla_coelebs/XC917613.wav,Fringilla coelebs,João Tomás,train
919273,Fringilla_coelebs/XC919273.wav,Fringilla coelebs,Martin Billard,val
919298,Fringilla_coelebs/XC919298.wav,Fringilla coelebs,Martin Billard,train
933484,Fringilla_coelebs/XC933484.mp3,Fringilla coelebs,Jorge Leitão,train
936719,Fringilla_coelebs/XC936719.wav,Fringilla coelebs,João Tomás,train
938502,Fringilla_coelebs/XC938502.mp3,Fringilla coelebs,Ulf Elman,train
954053,Fringilla_coelebs/XC954053.mp3,Fringilla coelebs,Sonothèque ADVL,test
961538,Fringilla_coelebs/XC961538.wav,Fringilla coelebs,Meena Haribal,train
973552,Fringilla_coelebs/XC973552.wav,Fringilla coelebs,Hannu Varkki,val
974712,Fringilla_coelebs/XC974712.wav,Fringilla coelebs,David Darrell-Lambert,test
974741,Fringilla_coelebs/XC974741.wav,Fringilla coelebs,David Darrell-Lambert,train
976074,Fringilla_coelebs/XC976074.mp3,Fringilla coelebs,Taras Vykhovanets,train
977045,Fringilla_coelebs/XC977045.wav,Fringilla coelebs,Shaun Micklewright,train
982589,Fringilla_coelebs/XC982589.mp3,Fringilla coelebs,Francesco Sottile,train
986921,Fringilla_coelebs/XC986921.mp3,Fringilla coelebs,Lars Edenius,train
987868,Fringilla_coelebs/XC987868.mp3,Fringilla coelebs,Francesco Sottile,test
987869,Fringilla_coelebs/XC987869.mp3,Fringilla coelebs,Francesco Sottile,train
989384,Fringilla_coelebs/XC989384.mp3,Fringilla coelebs,Juha Ojala,train
989776,Fringilla_coelebs/XC989776.mp3,Fringilla coelebs,Jarek Matusiak,train
990268,Fringilla_coelebs/XC990268.mp3,Fringilla coelebs,Francesco Sottile,train
990591,Fringilla_coelebs/XC990591.mp3,Fringilla coelebs,Francesco Sottile,val
992255,Fringilla_coelebs/XC992255.wav,Fringilla coelebs,Aku Kalliomäki,train
992469,Fringilla_coelebs/XC992469.mp3,Fringilla coelebs,Francesco Sottile,train
993952,Fringilla_coelebs/XC993952.mp3,Fringilla coelebs,Olivier SWIFT,train
994718,Fringilla_coelebs/XC994718.wav,Fringilla coelebs,João Tomás,train
998225,Fringilla_coelebs/XC998225.mp3,Fringilla coelebs,Lars Edenius,train
998543,Fringilla_coelebs/XC998543.mp3,Fringilla coelebs,Ulf Elman,train
998550,Fringilla_coelebs/XC998550.mp3,Fringilla coelebs,Garai József,train
1000731,Fringilla_coelebs/XC1000731.mp3,Fringilla coelebs,Taras Vykhovanets,val
1002023,Fringilla_coelebs/XC1002023.mp3,Fringilla coelebs,Olivier SWIFT,train
1007226,Fringilla_coelebs/XC1007226.mp3,Fringilla coelebs,Lionel FREDERIC,train
1010196,Fringilla_coelebs/XC1010196.mp3,Fringilla coelebs,Lars Edenius,train
1011357,Fringilla_coelebs/XC1011357.mp3,Fringilla coelebs,Olivier SWIFT,train
1014595,Fringilla_coelebs/XC1014595.mp3,Fringilla coelebs,mspityu,train
1027808,Fringilla_coelebs/XC1027808.mp3,Fringilla coelebs,Miika Silfverberg,train
1031054,Fringilla_coelebs/XC1031054.wav,Fringilla coelebs,Manuel Grosselet,train
1062222,Fringilla_coelebs/XC1062222.wav,Fringilla coelebs,Mark Plummer,train
1065478,Fringilla_coelebs/XC1065478.wav,Fringilla coelebs,Mark Plummer,val
1073090,Fringilla_coelebs/XC1073090.wav,Fringilla coelebs,Alex Lin-Moore,train
1079231,Fringilla_coelebs/XC1079231.mp3,Fringilla coelebs,Marc Anderson,train
1085461,Fringilla_coelebs/XC1085461.wav,Fringilla coelebs,Timo Roeke,train
1085755,Fringilla_coelebs/XC1085755.mp3,Fringilla coelebs,Lennart Jeppsson,train
1086253,Fringilla_coelebs/XC1086253.wav,Fringilla coelebs,David Darrell-Lambert,train
1086254,Fringilla_coelebs/XC1086254.wav,Fringilla coelebs,David Darrell-Lambert,test
1086448,Fringilla_coelebs/XC1086448.wav,Fringilla coelebs,João Tomás,train
1088506,Fringilla_coelebs/XC1088506.mp3,Fringilla coelebs,Sonothèque ADVL,val
1089320,Fringilla_coelebs/XC1089320.mp3,Fringilla coelebs,Olivier SWIFT,train
1090516,Fringilla_coelebs/XC1090516.wav,Fringilla coelebs,David Darrell-Lambert,train
1090760,Fringilla_coelebs/XC1090760.mp3,Fringilla coelebs,Olivier SWIFT,val
1090869,Fringilla_coelebs/XC1090869.wav,Fringilla coelebs,João Ferreira Tomás,train
1091120,Fringilla_coelebs/XC1091120.mp3,Fringilla coelebs,Joost van Bruggen,train
1091182,Fringilla_coelebs/XC1091182.wav,Fringilla coelebs,João Ferreira Tomás,test
1091209,Fringilla_coelebs/XC1091209.wav,Fringilla coelebs,João Ferreira Tomás,train
1091958,Fringilla_coelebs/XC1091958.wav,Fringilla coelebs,Jens Schöller,train
1092011,Fringilla_coelebs/XC1092011.wav,Fringilla coelebs,Jens Schöller,train
1092449,Fringilla_coelebs/XC1092449.mp3,Fringilla coelebs,Miika Silfverberg,val
1092889,Fringilla_coelebs/XC1092889.wav,Fringilla coelebs,Jens Schöller,train
1093141,Fringilla_coelebs/XC1093141.mp3,Fringilla coelebs,Lars Edenius,train
1095776,Fringilla_coelebs/XC1095776.wav,Fringilla coelebs,Hannu Varkki,test
1097865,Fringilla_coelebs/XC1097865.wav,Fringilla coelebs,Stanislas Wroza,train
1097978,Fringilla_coelebs/XC1097978.wav,Fringilla coelebs,Stanislas Wroza,train
1097979,Fringilla_coelebs/XC1097979.wav,Fringilla coelebs,Stanislas Wroza,test
1097980,Fringilla_coelebs/XC1097980.wav,Fringilla coelebs,Stanislas Wroza,val
1098401,Fringilla_coelebs/XC1098401.wav,Fringilla coelebs,Stanislas Wroza,test
1098402,Fringilla_coelebs/XC1098402.wav,Fringilla coelebs,Stanislas Wroza,val
1098403,Fringilla_coelebs/XC1098403.wav,Fringilla coelebs,Stanislas Wroza,train
1101171,Fringilla_coelebs/XC1101171.mp3,Fringilla coelebs,Lars Edenius,train
1101447,Fringilla_coelebs/XC1101447.wav,Fringilla coelebs,Petter Westberg,train
1105197,Fringilla_coelebs/XC1105197.wav,Fringilla coelebs,João Ferreira Tomás,test
1105911,Fringilla_coelebs/XC1105911.mp3,Fringilla coelebs,Miika Silfverberg,test
1106637,Fringilla_coelebs/XC1106637.wav,Fringilla coelebs,Jens Schöller,train
1107251,Fringilla_coelebs/XC1107251.wav,Fringilla coelebs,João Ferreira Tomás,train
1133887,Fringilla_coelebs/XC1133887.wav,Fringilla coelebs,João Ferreira Tomás,val
1134469,Fringilla_coelebs/XC1134469.wav,Fringilla coelebs,Stanislas Wroza,train
1135135,Fringilla_coelebs/XC1135135.wav,Fringilla coelebs,João Ferreira Tomás,val
1138259,Fringilla_coelebs/XC1138259.wav,Fringilla coelebs,Beatrix Saadi-Varchmin,test
1144825,Fringilla_coelebs/XC1144825.mp3,Fringilla coelebs,SonoNatura,val
1145042,Fringilla_coelebs/XC1145042.mp3,Fringilla coelebs,Johan Lundgren,train
1145351,Fringilla_coelebs/XC1145351.mp3,Fringilla coelebs,Francesco Sottile,train
1145353,Fringilla_coelebs/XC1145353.mp3,Fringilla coelebs,Francesco Sottile,train
1148715,Fringilla_coelebs/XC1148715.wav,Fringilla coelebs,Clement Bruneau,train
1150193,Fringilla_coelebs/XC1150193.mp3,Fringilla coelebs,Louis-Marie Gourmelon,train
1151736,Fringilla_coelebs/XC1151736.wav,Fringilla coelebs,Adrien Peillon,train
1152296,Fringilla_coelebs/XC1152296.wav,Fringilla coelebs,Sunny Tseng,train
1152306,Fringilla_coelebs/XC1152306.wav,Fringilla coelebs,Sunny Tseng,val
1152309,Fringilla_coelebs/XC1152309.wav,Fringilla coelebs,Sunny Tseng,train
1152733,Fringilla_coelebs/XC1152733.wav,Fringilla coelebs,Sunny Tseng,test
1156200,Fringilla_coelebs/XC1156200.wav,Fringilla coelebs,Adrien Peillon,train
1163567,Fringilla_coelebs/XC1163567.mp3,Fringilla coelebs,Taras Vykhovanets,train
1167219,Fringilla_coelebs/XC1167219.wav,Fringilla coelebs,Stanislas Wroza,val
84024,Garrulus_glandarius/XC84024.mp3,Garrulus glandarius,Patrik Åberg,test
110170,Garrulus_glandarius/XC110170.mp3,Garrulus glandarius,Elias A Ryberg,test
112636,Garrulus_glandarius/XC112636.mp3,Garrulus glandarius,Buhl Johannes,train
121678,Garrulus_glandarius/XC121678.mp3,Garrulus glandarius,Jarek Matusiak,train
121679,Garrulus_glandarius/XC121679.mp3,Garrulus glandarius,Jarek Matusiak,test
133694,Garrulus_glandarius/XC133694.mp3,Garrulus glandarius,Buhl Johannes,train
143108,Garrulus_glandarius/XC143108.mp3,Garrulus glandarius,Erik Roels,train
146437,Garrulus_glandarius/XC146437.mp3,Garrulus glandarius,Albert Lastukhin,val
152556,Garrulus_glandarius/XC152556.mp3,Garrulus glandarius,Jarek Matusiak,train
153075,Garrulus_glandarius/XC153075.mp3,Garrulus glandarius,Elias A. Ryberg,train
161533,Garrulus_glandarius/XC161533.mp3,Garrulus glandarius,Fernand Deroussen,train
168268,Garrulus_glandarius/XC168268.mp3,Garrulus glandarius,Jerome Fischer,test
169039,Garrulus_glandarius/XC169039.mp3,Garrulus glandarius,Jarek Matusiak,val
174350,Garrulus_glandarius/XC174350.mp3,Garrulus glandarius,Dawid Jablonski,train
195141,Garrulus_glandarius/XC195141.mp3,Garrulus glandarius,Bart Gras,train
281706,Garrulus_glandarius/XC281706.mp3,Garrulus glandarius,Peter Boesman,train
281707,Garrulus_glandarius/XC281707.mp3,Garrulus glandarius,Peter Boesman,test
283712,Garrulus_glandarius/XC283712.mp3,Garrulus glandarius,maudoc,test
303046,Garrulus_glandarius/XC303046.mp3,Garrulus glandarius,Jerome Fischer,test
307496,Garrulus_glandarius/XC307496.mp3,Garrulus glandarius,KALYAN SINGH SAJWAN,train
308139,Garrulus_glandarius/XC308139.mp3,Garrulus glandarius,Marc Anderson,train
308140,Garrulus_glandarius/XC308140.mp3,Garrulus glandarius,Marc Anderson,val
309583,Garrulus_glandarius/XC309583.mp3,Garrulus glandarius,Jarek Matusiak,train
311026,Garrulus_glandarius/XC311026.mp3,Garrulus glandarius,Jerome Fischer,test
318787,Garrulus_glandarius/XC318787.mp3,Garrulus glandarius,Vincent van der Spek,train
328494,Garrulus_glandarius/XC328494.mp3,Garrulus glandarius,Jordi Calvet,train
336174,Garrulus_glandarius/XC336174.mp3,Garrulus glandarius,Piotr Szczypinski,train
338888,Garrulus_glandarius/XC338888.mp3,Garrulus glandarius,Tom Wulf,train
348286,Garrulus_glandarius/XC348286.mp3,Garrulus glandarius,Tero Linjama,train
348287,Garrulus_glandarius/XC348287.mp3,Garrulus glandarius,Tero Linjama,train
348747,Garrulus_glandarius/XC348747.mp3,Garrulus glandarius,Ulf Elman,train
356333,Garrulus_glandarius/XC356333.mp3,Garrulus glandarius,Marco Dragonetti,train
356336,Garrulus_glandarius/XC356336.mp3,Garrulus glandarius,Marco Dragonetti,train
356339,Garrulus_glandarius/XC356339.mp3,Garrulus glandarius,Marco Dragonetti,train
363222,Garrulus_glandarius/XC363222.mp3,Garrulus glandarius,Jordi Calvet,train
372930,Garrulus_glandarius/XC372930.mp3,Garrulus glandarius,José Carlos Sires,val
380240,Garrulus_glandarius/XC380240.mp3,Garrulus glandarius,Timo Schnabel,train
383990,Garrulus_glandarius/XC383990.mp3,Garrulus glandarius,Lars Edenius,val
383991,Garrulus_glandarius/XC383991.mp3,Garrulus glandarius,Lars Edenius,train
393843,Garrulus_glandarius/XC393843.mp3,Garrulus glandarius,Daniele Baroni,test
394423,Garrulus_glandarius/XC394423.mp3,Garrulus glandarius,Livon,train
397642,Garrulus_glandarius/XC397642.mp3,Garrulus glandarius,Kaspars Funts,train
399685,Garrulus_glandarius/XC399685.mp3,Garrulus glandarius,Timo Schnabel,train
406042,Garrulus_glandarius/XC406042.mp3,Garrulus glandarius,Jarek Matusiak,train
408207,Garrulus_glandarius/XC408207.mp3,Garrulus glandarius,Markku Miettinen,test
438871,Garrulus_glandarius/XC438871.mp3,Garrulus glandarius,Uku Paal,train
459662,Garrulus_glandarius/XC459662.mp3,Garrulus glandarius,Mats Rellmar,train
460049,Garrulus_glandarius/XC460049.mp3,Garrulus glandarius,Mats Rellmar,train
461568,Garrulus_glandarius/XC461568.mp3,Garrulus glandarius,Lars Edenius,train
461570,Garrulus_glandarius/XC461570.mp3,Garrulus glandarius,Lars Edenius,val
472030,Garrulus_glandarius/XC472030.mp3,Garrulus glandarius,Stanislas Wroza,train
482666,Garrulus_glandarius/XC482666.mp3,Garrulus glandarius,Lars Lachmann,train
493170,Garrulus_glandarius/XC493170.mp3,Garrulus glandarius,Bodo Sonnenburg,val
502470,Garrulus_glandarius/XC502470.mp3,Garrulus glandarius,Nelson Conceição,train
522579,Garrulus_glandarius/XC522579.mp3,Garrulus glandarius,Stanislas Wroza,train
532298,Garrulus_glandarius/XC532298.mp3,Garrulus glandarius,Jarek Matusiak,train
534062,Garrulus_glandarius/XC534062.mp3,Garrulus glandarius,Hannu Varkki,train
547772,Garrulus_glandarius/XC547772.mp3,Garrulus glandarius,Andrew Spencer,train
581057,Garrulus_glandarius/XC581057.mp3,Garrulus glandarius,Lars Edenius,train
590940,Garrulus_glandarius/XC590940.mp3,Garrulus glandarius,Jarek Matusiak,train
602107,Garrulus_glandarius/XC602107.mp3,Garrulus glandarius,Bodo Sonnenburg,train
608008,Garrulus_glandarius/XC608008.mp3,Garrulus glandarius,Jarek Matusiak,train
623504,Garrulus_glandarius/XC623504.mp3,Garrulus glandarius,Jarek Matusiak,train
623506,Garrulus_glandarius/XC623506.mp3,Garrulus glandarius,Jarek Matusiak,test
623870,Garrulus_glandarius/XC623870.mp3,Garrulus glandarius,Jarek Matusiak,train
626795,Garrulus_glandarius/XC626795.mp3,Garrulus glandarius,Lars Edenius,train
637410,Garrulus_glandarius/XC637410.mp3,Garrulus glandarius,Stanislas Wroza,test
638731,Garrulus_glandarius/XC638731.mp3,Garrulus glandarius,Marcin Urbański,train
644977,Garrulus_glandarius/XC644977.mp3,Garrulus glandarius,Bernard Collet,train
655527,Garrulus_glandarius/XC655527.mp3,Garrulus glandarius,Lars Edenius,train
658354,Garrulus_glandarius/XC658354.mp3,Garrulus glandarius,Olivier SWIFT,train
663476,Garrulus_glandarius/XC663476.mp3,Garrulus glandarius,Lars Edenius,train
665211,Garrulus_glandarius/XC665211.mp3,Garrulus glandarius,Francesco Sottile,train
667631,Garrulus_glandarius/XC667631.mp3,Garrulus glandarius,Domagoj Tomičić,train
668221,Garrulus_glandarius/XC668221.mp3,Garrulus glandarius,Francesco Sottile,train
671558,Garrulus_glandarius/XC671558.mp3,Garrulus glandarius,Lars Edenius,train
672533,Garrulus_glandarius/XC672533.mp3,Garrulus glandarius,Uku Paal,val
677649,Garrulus_glandarius/XC677649.mp3,Garrulus glandarius,Lars Edenius,train
680440,Garrulus_glandarius/XC680440.mp3,Garrulus glandarius,Lars Edenius,val
680518,Garrulus_glandarius/XC680518.mp3,Garrulus glandarius,Lars Edenius,train
680662,Garrulus_glandarius/XC680662.mp3,Garrulus glandarius,Lars Edenius,train
680663,Garrulus_glandarius/XC680663.mp3,Garrulus glandarius,Lars Edenius,train
683600,Garrulus_glandarius/XC683600.mp3,Garrulus glandarius,Scott Wotherspoon,train
689432,Garrulus_glandarius/XC689432.mp3,Garrulus glandarius,Bram Piot,train
691723,Garrulus_glandarius/XC691723.mp3,Garrulus glandarius,Joost van Bruggen,val
696795,Garrulus_glandarius/XC696795.mp3,Garrulus glandarius,Olivier SWIFT,val
696813,Garrulus_glandarius/XC696813.mp3,Garrulus glandarius,Olivier SWIFT,train
698952,Garrulus_glandarius/XC698952.mp3,Garrulus glandarius,Dominique Guillerme,train
700082,Garrulus_glandarius/XC700082.mp3,Garrulus glandarius,Dominique Guillerme,test
708318,Garrulus_glandarius/XC708318.mp3,Garrulus glandarius,Csont-Kelemen Mátyás,val
721170,Garrulus_glandarius/XC721170.mp3,Garrulus glandarius,Jarek Matusiak,train
721171,Garrulus_glandarius/XC721171.mp3,Garrulus glandarius,Jarek Matusiak,train
721173,Garrulus_glandarius/XC721173.mp3,Garrulus glandarius,Jarek Matusiak,test
721175,Garrulus_glandarius/XC721175.mp3,Garrulus glandarius,Jarek Matusiak,train
736351,Garrulus_glandarius/XC736351.mp3,Garrulus glandarius,Lars Edenius,train
740561,Garrulus_glandarius/XC740561.mp3,Garrulus glandarius,Nelson Conceição,val
742204,Garrulus_glandarius/XC742204.mp3,Garrulus glandarius,Lars Edenius,train
757342,Garrulus_glandarius/XC757342.wav,Garrulus glandarius,Nelson Conceição,train
763802,Garrulus_glandarius/XC763802.mp3,Garrulus glandarius,Lars Edenius,train
767584,Garrulus_glandarius/XC767584.mp3,Garrulus glandarius,Rostyslav Romanyshyn,val
780341,Garrulus_glandarius/XC780341.mp3,Garrulus glandarius,Lars Edenius,train
785650,Garrulus_glandarius/XC785650.mp3,Garrulus glandarius,Jelle Scharringa,val
787883,Garrulus_glandarius/XC787883.mp3,Garrulus glandarius,Dominique Guillerme,train
787886,Garrulus_glandarius/XC787886.mp3,Garrulus glandarius,Dominique Guillerme,train
789418,Garrulus_glandarius/XC789418.mp3,Garrulus glandarius,Lars Edenius,val
793228,Garrulus_glandarius/XC793228.mp3,Garrulus glandarius,Dominique Guillerme,test
793229,Garrulus_glandarius/XC793229.mp3,Garrulus glandarius,Dominique Guillerme,train
793232,Garrulus_glandarius/XC793232.mp3,Garrulus glandarius,Dominique Guillerme,train
828279,Garrulus_glandarius/XC828279.mp3,Garrulus glandarius,Lars Edenius,train
831929,Garrulus_glandarius/XC831929.wav,Garrulus glandarius,Agris Celmins,test
831930,Garrulus_glandarius/XC831930.wav,Garrulus glandarius,Agris Celmins,val
832749,Garrulus_glandarius/XC832749.mp3,Garrulus glandarius,Lars Edenius,train
838272,Garrulus_glandarius/XC838272.mp3,Garrulus glandarius,Lars Edenius,train
839040,Garrulus_glandarius/XC839040.wav,Garrulus glandarius,Martin Billard,train
839042,Garrulus_glandarius/XC839042.wav,Garrulus glandarius,Martin Billard,train
858101,Garrulus_glandarius/XC858101.mp3,Garrulus glandarius,Olivier SWIFT,train
871603,Garrulus_glandarius/XC871603.mp3,Garrulus glandarius,Alain Malengreau,train
884360,Garrulus_glandarius/XC884360.mp3,Garrulus glandarius,Thomas Bergman,train
894405,Garrulus_glandarius/XC894405.wav,Garrulus glandarius,David Bissett,val
902468,Garrulus_glandarius/XC902468.mp3,Garrulus glandarius,Jack Berteau,train
919063,Garrulus_glandarius/XC919063.mp3,Garrulus glandarius,Uku Paal,train
925198,Garrulus_glandarius/XC925198.wav,Garrulus glandarius,Jorge Leitão,train
925285,Garrulus_glandarius/XC925285.mp3,Garrulus glandarius,Lars Edenius,train
927404,Garrulus_glandarius/XC927404.mp3,Garrulus glandarius,Ulf Elman,train
927421,Garrulus_glandarius/XC927421.mp3,Garrulus glandarius,Ulf Elman,train
932631,Garrulus_glandarius/XC932631.wav,Garrulus glandarius,Chi-Hsuan Shao,test
934870,Garrulus_glandarius/XC934870.wav,Garrulus glandarius,Johannes Dag Mayer,val
938020,Garrulus_glandarius/XC938020.mp3,Garrulus glandarius,Francesco Sottile,train
945806,Garrulus_glandarius/XC945806.mp3,Garrulus glandarius,Francesco Sottile,test
959123,Garrulus_glandarius/XC959123.mp3,Garrulus glandarius,Francesco Sottile,train
960497,Garrulus_glandarius/XC960497.mp3,Garrulus glandarius,Henk Schreuders,train
962269,Garrulus_glandarius/XC962269.wav,Garrulus glandarius,Hans Matheve,val
971285,Garrulus_glandarius/XC971285.wav,Garrulus glandarius,Mark Plummer,train
1017972,Garrulus_glandarius/XC1017972.wav,Garrulus glandarius,Jordi Calvet,train
1026967,Garrulus_glandarius/XC1026967.mp3,Garrulus glandarius,Uku Paal,val
1041506,Garrulus_glandarius/XC1041506.mp3,Garrulus glandarius,Lim Ying Hien 林勇贤,train
1049184,Garrulus_glandarius/XC1049184.wav,Garrulus glandarius,João Tomás,test
1060950,Garrulus_glandarius/XC1060950.wav,Garrulus glandarius,Clement Bruneau,train
1063204,Garrulus_glandarius/XC1063204.mp3,Garrulus glandarius,Jacobo Ramil Millarengo,test
1075821,Garrulus_glandarius/XC1075821.mp3,Garrulus glandarius,Marc Anderson,train
1076631,Garrulus_glandarius/XC1076631.mp3,Garrulus glandarius,Filippo Ceccolini,train
1083938,Garrulus_glandarius/XC1083938.wav,Garrulus glandarius,Marketa Rusarova,train
1084324,Garrulus_glandarius/XC1084324.mp3,Garrulus glandarius,Lars Edenius,train
1088903,Garrulus_glandarius/XC1088903.wav,Garrulus glandarius,Mats Olsson,test
1089334,Garrulus_glandarius/XC1089334.mp3,Garrulus glandarius,Olivier SWIFT,val
1101747,Garrulus_glandarius/XC1101747.wav,Garrulus glandarius,Petter Westberg,train
1101750,Garrulus_glandarius/XC1101750.wav,Garrulus glandarius,Petter Westberg,train
1107481,Garrulus_glandarius/XC1107481.wav,Garrulus glandarius,Franek Owczarek,test
1152249,Garrulus_glandarius/XC1152249.wav,Garrulus glandarius,Sunny Tseng,val
1174996,Garrulus_glandarius/XC1174996.wav,Garrulus glandarius,Johannes Worona,train
46803,Hirundo_rustica/XC46803.mp3,Hirundo rustica,Bernabe Lopez-Lanus,train
55088,Hirundo_rustica/XC55088.mp3,Hirundo rustica,GROSSELET Olivier,test
103773,Hirundo_rustica/XC103773.mp3,Hirundo rustica,Jarek Matusiak,train
103853,Hirundo_rustica/XC103853.mp3,Hirundo rustica,Jarek Matusiak,train
107264,Hirundo_rustica/XC107264.mp3,Hirundo rustica,Patrik Åberg,test
144981,Hirundo_rustica/XC144981.mp3,Hirundo rustica,Marco Dragonetti,train
144982,Hirundo_rustica/XC144982.mp3,Hirundo rustica,Marco Dragonetti,train
144983,Hirundo_rustica/XC144983.mp3,Hirundo rustica,Marco Dragonetti,train
156257,Hirundo_rustica/XC156257.mp3,Hirundo rustica,Andre et Odile BOUCHER,train
157316,Hirundo_rustica/XC157316.mp3,Hirundo rustica,david m,train
184539,Hirundo_rustica/XC184539.mp3,Hirundo rustica,david m,train
188601,Hirundo_rustica/XC188601.mp3,Hirundo rustica,Jarek Matusiak,train
281326,Hirundo_rustica/XC281326.mp3,Hirundo rustica,Peter Boesman,train
289357,Hirundo_rustica/XC289357.mp3,Hirundo rustica,Mikael Litsgård,train
320886,Hirundo_rustica/XC320886.mp3,Hirundo rustica,Ad Postma,val
337180,Hirundo_rustica/XC337180.mp3,Hirundo rustica,Mike Dooher,train
339821,Hirundo_rustica/XC339821.mp3,Hirundo rustica,Tom Wulf,train
361739,Hirundo_rustica/XC361739.mp3,Hirundo rustica,José Carlos Sires,train
361744,Hirundo_rustica/XC361744.mp3,Hirundo rustica,José Carlos Sires,train
361746,Hirundo_rustica/XC361746.mp3,Hirundo rustica,José Carlos Sires,train
361815,Hirundo_rustica/XC361815.mp3,Hirundo rustica,José Carlos Sires,train
361817,Hirundo_rustica/XC361817.mp3,Hirundo rustica,José Carlos Sires,train
364681,Hirundo_rustica/XC364681.mp3,Hirundo rustica,Jerome Fischer,train
375583,Hirundo_rustica/XC375583.mp3,Hirundo rustica,Roby,val
378407,Hirundo_rustica/XC378407.mp3,Hirundo rustica,Timo Schnabel,train
378427,Hirundo_rustica/XC378427.mp3,Hirundo rustica,Mikael Litsgård,train
378685,Hirundo_rustica/XC378685.mp3,Hirundo rustica,Xavier Riera,train
381264,Hirundo_rustica/XC381264.mp3,Hirundo rustica,Timo Schnabel,train
385612,Hirundo_rustica/XC385612.mp3,Hirundo rustica,Jordi Calvet,train
387484,Hirundo_rustica/XC387484.mp3,Hirundo rustica,Timo Schnabel,train
443771,Hirundo_rustica/XC443771.mp3,Hirundo rustica,Karl-Birger Strann,train
476498,Hirundo_rustica/XC476498.mp3,Hirundo rustica,David Darrell-Lambert,train
481796,Hirundo_rustica/XC481796.mp3,Hirundo rustica,Joost van Bruggen,train
485917,Hirundo_rustica/XC485917.mp3,Hirundo rustica,Stanislas Wroza,train
486365,Hirundo_rustica/XC486365.mp3,Hirundo rustica,Stanislas Wroza,test
487074,Hirundo_rustica/XC487074.mp3,Hirundo rustica,Bodo Sonnenburg,val
492312,Hirundo_rustica/XC492312.mp3,Hirundo rustica,Lars Edenius,train
496382,Hirundo_rustica/XC496382.mp3,Hirundo rustica,Jack Berteau,train
511682,Hirundo_rustica/XC511682.mp3,Hirundo rustica,Patrik Åberg,val
559606,Hirundo_rustica/XC559606.mp3,Hirundo rustica,Jarek Matusiak,train
574550,Hirundo_rustica/XC574550.mp3,Hirundo rustica,Simon Elliott,train
575746,Hirundo_rustica/XC575746.mp3,Hirundo rustica,Stanislas Wroza,val
598651,Hirundo_rustica/XC598651.mp3,Hirundo rustica,Simon Elliott,train
598655,Hirundo_rustica/XC598655.mp3,Hirundo rustica,Simon Elliott,test
609237,Hirundo_rustica/XC609237.mp3,Hirundo rustica,Jarek Matusiak,train
618215,Hirundo_rustica/XC618215.mp3,Hirundo rustica,david m,train
643586,Hirundo_rustica/XC643586.mp3,Hirundo rustica,Cureau Hervé,train
645358,Hirundo_rustica/XC645358.mp3,Hirundo rustica,Regina Eidner,val
646907,Hirundo_rustica/XC646907.mp3,Hirundo rustica,Michaël Bridoux,train
647324,Hirundo_rustica/XC647324.mp3,Hirundo rustica,Simon Elliott,train
647325,Hirundo_rustica/XC647325.mp3,Hirundo rustica,Simon Elliott,train
647327,Hirundo_rustica/XC647327.mp3,Hirundo rustica,Simon Elliott,train
647519,Hirundo_rustica/XC647519.mp3,Hirundo rustica,Simon Elliott,train
649420,Hirundo_rustica/XC649420.mp3,Hirundo rustica,Simon Elliott,test
649421,Hirundo_rustica/XC649421.mp3,Hirundo rustica,Simon Elliott,val
649964,Hirundo_rustica/XC649964.mp3,Hirundo rustica,Johan Södercrantz,val
651329,Hirundo_rustica/XC651329.mp3,Hirundo rustica,Uku Paal,test
651993,Hirundo_rustica/XC651993.mp3,Hirundo rustica,Uku Paal,train
653437,Hirundo_rustica/XC653437.mp3,Hirundo rustica,Uku Paal,train
653438,Hirundo_rustica/XC653438.mp3,Hirundo rustica,Uku Paal,train
653439,Hirundo_rustica/XC653439.mp3,Hirundo rustica,Uku Paal,train
654464,Hirundo_rustica/XC654464.mp3,Hirundo rustica,Bodo Sonnenburg,train
656533,Hirundo_rustica/XC656533.mp3,Hirundo rustica,Uku Paal,train
657552,Hirundo_rustica/XC657552.mp3,Hirundo rustica,Simon Elliott,test
657553,Hirundo_rustica/XC657553.mp3,Hirundo rustica,Simon Elliott,train
664750,Hirundo_rustica/XC664750.mp3,Hirundo rustica,Susanne Kuijpers,train
664780,Hirundo_rustica/XC664780.mp3,Hirundo rustica,Jarek Matusiak,train
664783,Hirundo_rustica/XC664783.mp3,Hirundo rustica,Jarek Matusiak,train
687539,Hirundo_rustica/XC687539.mp3,Hirundo rustica,Irish Wildlife Sounds,test
704084,Hirundo_rustica/XC704084.mp3,Hirundo rustica,Carlos W.,test
704087,Hirundo_rustica/XC704087.mp3,Hirundo rustica,Carlos W.,train
704089,Hirundo_rustica/XC704089.mp3,Hirundo rustica,Carlos W.,train
704090,Hirundo_rustica/XC704090.mp3,Hirundo rustica,Carlos W.,val
704091,Hirundo_rustica/XC704091.mp3,Hirundo rustica,Carlos W.,val
704104,Hirundo_rustica/XC704104.mp3,Hirundo rustica,Carlos W.,train
704111,Hirundo_rustica/XC704111.mp3,Hirundo rustica,Carlos W.,test
713037,Hirundo_rustica/XC713037.mp3,Hirundo rustica,Lynette Rudman,val
720443,Hirundo_rustica/XC720443.mp3,Hirundo rustica,Bo Shunqi,test
720444,Hirundo_rustica/XC720444.mp3,Hirundo rustica,Bo Shunqi,train
727116,Hirundo_rustica/XC727116.mp3,Hirundo rustica,Lars Edenius,train
730591,Hirundo_rustica/XC730591.mp3,Hirundo rustica,Ray Tsu 诸仁,train
740629,Hirundo_rustica/XC740629.mp3,Hirundo rustica,Lars Edenius,val
753128,Hirundo_rustica/XC753128.mp3,Hirundo rustica,Sunny Tseng,val
753130,Hirundo_rustica/XC753130.mp3,Hirundo rustica,Sunny Tseng,test
769695,Hirundo_rustica/XC769695.mp3,Hirundo rustica,Michel Veldt,val
799514,Hirundo_rustica/XC799514.wav,Hirundo rustica,Stephan Risch,train
805598,Hirundo_rustica/XC805598.mp3,Hirundo rustica,Lars Edenius,test
807259,Hirundo_rustica/XC807259.wav,Hirundo rustica,SonoNatura,train
898815,Hirundo_rustica/XC898815.wav,Hirundo rustica,Beatrix Saadi-Varchmin,train
907019,Hirundo_rustica/XC907019.wav,Hirundo rustica,SonoNatura,train
919197,Hirundo_rustica/XC919197.mp3,Hirundo rustica,Olivier SWIFT,train
922358,Hirundo_rustica/XC922358.wav,Hirundo rustica,Martin Billard,train
922360,Hirundo_rustica/XC922360.wav,Hirundo rustica,Martin Billard,test
922362,Hirundo_rustica/XC922362.wav,Hirundo rustica,Martin Billard,train
922365,Hirundo_rustica/XC922365.wav,Hirundo rustica,Martin Billard,train
922371,Hirundo_rustica/XC922371.mp3,Hirundo rustica,Ed,train
925670,Hirundo_rustica/XC925670.mp3,Hirundo rustica,Ulf Elman,train
926254,Hirundo_rustica/XC926254.mp3,Hirundo rustica,Jarek Matusiak,train
934498,Hirundo_rustica/XC934498.wav,Hirundo rustica,Aku Kalliomäki,train
988212,Hirundo_rustica/XC988212.wav,Hirundo rustica,Esperanza Poveda,val
994575,Hirundo_rustica/XC994575.wav,Hirundo rustica,João Ferreira Tomás,test
994579,Hirundo_rustica/XC994579.wav,Hirundo rustica,João Ferreira Tomás,train
1020499,Hirundo_rustica/XC1020499.wav,Hirundo rustica,Aku Kalliomäki,train
1029079,Hirundo_rustica/XC1029079.mp3,Hirundo rustica,Romuald Mikusek,train
1029121,Hirundo_rustica/XC1029121.mp3,Hirundo rustica,Romuald Mikusek,val
1043387,Hirundo_rustica/XC1043387.wav,Hirundo rustica,Beatrix Saadi-Varchmin,val
1068667,Hirundo_rustica/XC1068667.wav,Hirundo rustica,András Schmidt,val
1068668,Hirundo_rustica/XC1068668.wav,Hirundo rustica,András Schmidt,train
1091716,Hirundo_rustica/XC1091716.mp3,Hirundo rustica,Francesco Sottile,train
1102130,Hirundo_rustica/XC1102130.wav,Hirundo rustica,João Ferreira Tomás,train
1141588,Hirundo_rustica/XC1141588.mp3,Hirundo rustica,Karim Haddad,train
1149071,Hirundo_rustica/XC1149071.mp3,Hirundo rustica,Olivier SWIFT,test
1152832,Hirundo_rustica/XC1152832.wav,Hirundo rustica,Cedric Mroczko,train
1154141,Hirundo_rustica/XC1154141.wav,Hirundo rustica,Arjun Dutta,val
1154581,Hirundo_rustica/XC1154581.wav,Hirundo rustica,Paul Driver,train
1156324,Hirundo_rustica/XC1156324.wav,Hirundo rustica,Andrew McCafferty,train
1156426,Hirundo_rustica/XC1156426.mp3,Hirundo rustica,SWIFT Olivier,train
1157175,Hirundo_rustica/XC1157175.wav,Hirundo rustica,Walter Wallner,train
1157765,Hirundo_rustica/XC1157765.wav,Hirundo rustica,Andrew Harrop,train
1158356,Hirundo_rustica/XC1158356.wav,Hirundo rustica,Colm Philpott,train
1158361,Hirundo_rustica/XC1158361.wav,Hirundo rustica,Colm Philpott,train
1158998,Hirundo_rustica/XC1158998.wav,Hirundo rustica,Nishant Bhagwat,val
1159186,Hirundo_rustica/XC1159186.wav,Hirundo rustica,Nishant Bhagwat,train
1159187,Hirundo_rustica/XC1159187.wav,Hirundo rustica,Nishant Bhagwat,test
1159188,Hirundo_rustica/XC1159188.wav,Hirundo rustica,Nishant Bhagwat,train
1160497,Hirundo_rustica/XC1160497.wav,Hirundo rustica,Nishant Bhagwat,train
1161212,Hirundo_rustica/XC1161212.wav,Hirundo rustica,Dimitri,train
1162400,Hirundo_rustica/XC1162400.mp3,Hirundo rustica,Kelle Moreau,train
1163572,Hirundo_rustica/XC1163572.wav,Hirundo rustica,Walter Wallner,test
1164957,Hirundo_rustica/XC1164957.wav,Hirundo rustica,David Darrell-Lambert,val
1165138,Hirundo_rustica/XC1165138.wav,Hirundo rustica,Zsombor Károlyi,train
1166305,Hirundo_rustica/XC1166305.wav,Hirundo rustica,Colm Philpott,train
1168104,Hirundo_rustica/XC1168104.wav,Hirundo rustica,Stanislas Wroza,test
1169572,Hirundo_rustica/XC1169572.wav,Hirundo rustica,Colm Philpott,train
1169845,Hirundo_rustica/XC1169845.wav,Hirundo rustica,Colm Philpott,train
1169853,Hirundo_rustica/XC1169853.wav,Hirundo rustica,Colm Philpott,train
1169878,Hirundo_rustica/XC1169878.wav,Hirundo rustica,Colm Philpott,train
1169880,Hirundo_rustica/XC1169880.wav,Hirundo rustica,Colm Philpott,train
1169881,Hirundo_rustica/XC1169881.wav,Hirundo rustica,Colm Philpott,train
1169883,Hirundo_rustica/XC1169883.wav,Hirundo rustica,Colm Philpott,train
1169885,Hirundo_rustica/XC1169885.wav,Hirundo rustica,Colm Philpott,val
1169943,Hirundo_rustica/XC1169943.wav,Hirundo rustica,Colm Philpott,val
1169945,Hirundo_rustica/XC1169945.wav,Hirundo rustica,Colm Philpott,test
1172270,Hirundo_rustica/XC1172270.wav,Hirundo rustica,Colm Philpott,test
1172281,Hirundo_rustica/XC1172281.wav,Hirundo rustica,Colm Philpott,train
1172288,Hirundo_rustica/XC1172288.wav,Hirundo rustica,Colm Philpott,train
1172516,Hirundo_rustica/XC1172516.wav,Hirundo rustica,Colm Philpott,train
1172518,Hirundo_rustica/XC1172518.wav,Hirundo rustica,Colm Philpott,train
1173246,Hirundo_rustica/XC1173246.wav,Hirundo rustica,François Guibert,test
1176906,Hirundo_rustica/XC1176906.mp3,Hirundo rustica,Paul Gosling,train
505897,Luscinia_megarhynchos/XC505897.mp3,Luscinia megarhynchos,Stelian Bodnari,val
511188,Luscinia_megarhynchos/XC511188.mp3,Luscinia megarhynchos,Olivier SWIFT,train
511206,Luscinia_megarhynchos/XC511206.mp3,Luscinia megarhynchos,Olivier SWIFT,train
550319,Luscinia_megarhynchos/XC550319.mp3,Luscinia megarhynchos,Stanislas Wroza,train
550320,Luscinia_megarhynchos/XC550320.mp3,Luscinia megarhynchos,Stanislas Wroza,test
551362,Luscinia_megarhynchos/XC551362.mp3,Luscinia megarhynchos,Nelson Conceição,train
551444,Luscinia_megarhynchos/XC551444.mp3,Luscinia megarhynchos,Alwin van Lubeck,train
553247,Luscinia_megarhynchos/XC553247.mp3,Luscinia megarhynchos,Marcel Gil Velasco,train
554176,Luscinia_megarhynchos/XC554176.mp3,Luscinia megarhynchos,Daniel Hinckley,train
560402,Luscinia_megarhynchos/XC560402.mp3,Luscinia megarhynchos,Stanislas Wroza,val
562041,Luscinia_megarhynchos/XC562041.mp3,Luscinia megarhynchos,Jan Zouzalík,train
562914,Luscinia_megarhynchos/XC562914.mp3,Luscinia megarhynchos,Krzysztof Jankowski,test
576926,Luscinia_megarhynchos/XC576926.mp3,Luscinia megarhynchos,Bodo Sonnenburg,val
610072,Luscinia_megarhynchos/XC610072.mp3,Luscinia megarhynchos,Alexis Bukowski,train
636732,Luscinia_megarhynchos/XC636732.mp3,Luscinia megarhynchos,Goffette Etienne,train
642594,Luscinia_megarhynchos/XC642594.mp3,Luscinia megarhynchos,Graham Clarke,train
644045,Luscinia_megarhynchos/XC644045.mp3,Luscinia megarhynchos,Susanne Kuijpers,train
644073,Luscinia_megarhynchos/XC644073.mp3,Luscinia megarhynchos,brickegickel,test
644608,Luscinia_megarhynchos/XC644608.mp3,Luscinia megarhynchos,Lukas Thiess,train
644943,Luscinia_megarhynchos/XC644943.mp3,Luscinia megarhynchos,Olivier SWIFT,train
646475,Luscinia_megarhynchos/XC646475.mp3,Luscinia megarhynchos,Manceau Lionel,train
649209,Luscinia_megarhynchos/XC649209.mp3,Luscinia megarhynchos,Martin Fransson,train
652340,Luscinia_megarhynchos/XC652340.mp3,Luscinia megarhynchos,Dare Šere,train
652510,Luscinia_megarhynchos/XC652510.mp3,Luscinia megarhynchos,Susanne Kuijpers,train
652871,Luscinia_megarhynchos/XC652871.mp3,Luscinia megarhynchos,Yannick Jacob,train
652916,Luscinia_megarhynchos/XC652916.mp3,Luscinia megarhynchos,Tomasz Kułakowski,train
652917,Luscinia_megarhynchos/XC652917.mp3,Luscinia megarhynchos,Tomasz Kułakowski,test
653718,Luscinia_megarhynchos/XC653718.mp3,Luscinia megarhynchos,Peter Boesman,test
654197,Luscinia_megarhynchos/XC654197.mp3,Luscinia megarhynchos,Anita Rakitić,train
654624,Luscinia_megarhynchos/XC654624.mp3,Luscinia megarhynchos,Wessel,train
654625,Luscinia_megarhynchos/XC654625.mp3,Luscinia megarhynchos,Wessel,train
656021,Luscinia_megarhynchos/XC656021.mp3,Luscinia megarhynchos,Bodo Sonnenburg,train
657364,Luscinia_megarhynchos/XC657364.mp3,Luscinia megarhynchos,Domagoj Tomičić,train
668391,Luscinia_megarhynchos/XC668391.mp3,Luscinia megarhynchos,Bodo Sonnenburg,test
669850,Luscinia_megarhynchos/XC669850.mp3,Luscinia megarhynchos,Jarek Matusiak,train
669864,Luscinia_megarhynchos/XC669864.mp3,Luscinia megarhynchos,Jarek Matusiak,val
669869,Luscinia_megarhynchos/XC669869.mp3,Luscinia megarhynchos,Jarek Matusiak,train
669870,Luscinia_megarhynchos/XC669870.mp3,Luscinia megarhynchos,Jarek Matusiak,train
685414,Luscinia_megarhynchos/XC685414.mp3,Luscinia megarhynchos,W. Agster,train
685915,Luscinia_megarhynchos/XC685915.mp3,Luscinia megarhynchos,W. Agster,val
685916,Luscinia_megarhynchos/XC685916.mp3,Luscinia megarhynchos,W. Agster,train
685923,Luscinia_megarhynchos/XC685923.mp3,Luscinia megarhynchos,W. Agster,train
700456,Luscinia_megarhynchos/XC700456.mp3,Luscinia megarhynchos,Dominique Guillerme,test
720005,Luscinia_megarhynchos/XC720005.mp3,Luscinia megarhynchos,Valentin Monnoy,test
720322,Luscinia_megarhynchos/XC720322.mp3,Luscinia megarhynchos,Jarek Matusiak,train
721438,Luscinia_megarhynchos/XC721438.mp3,Luscinia megarhynchos,Lee Dingain,train
722328,Luscinia_megarhynchos/XC722328.mp3,Luscinia megarhynchos,Susanne Kuijpers,val
722540,Luscinia_megarhynchos/XC722540.mp3,Luscinia megarhynchos,Marc Anderson,train
724889,Luscinia_megarhynchos/XC724889.mp3,Luscinia megarhynchos,Filippo Ceccolini,train
725763,Luscinia_megarhynchos/XC725763.mp3,Luscinia megarhynchos,Jacobo Ramil MIllarengo,val
728163,Luscinia_megarhynchos/XC728163.mp3,Luscinia megarhynchos,Stephan Risch,train
728301,Luscinia_megarhynchos/XC728301.mp3,Luscinia megarhynchos,Stephan Risch,train
728873,Luscinia_megarhynchos/XC728873.mp3,Luscinia megarhynchos,Stephan Risch,train
729000,Luscinia_megarhynchos/XC729000.mp3,Luscinia megarhynchos,Susanne Kuijpers,val
729241,Luscinia_megarhynchos/XC729241.mp3,Luscinia megarhynchos,Jarek Matusiak,train
729243,Luscinia_megarhynchos/XC729243.mp3,Luscinia megarhynchos,Jarek Matusiak,val
729244,Luscinia_megarhynchos/XC729244.mp3,Luscinia megarhynchos,Jarek Matusiak,train
736011,Luscinia_megarhynchos/XC736011.mp3,Luscinia megarhynchos,Dominique Guillerme,train
743849,Luscinia_megarhynchos/XC743849.mp3,Luscinia megarhynchos,Jacobo Ramil Millarengo,train
758113,Luscinia_megarhynchos/XC758113.mp3,Luscinia megarhynchos,Allistair Fresse,train
758114,Luscinia_megarhynchos/XC758114.mp3,Luscinia megarhynchos,Allistair Fresse,train
768821,Luscinia_megarhynchos/XC768821.mp3,Luscinia megarhynchos,Michel Veldt,train
770395,Luscinia_megarhynchos/XC770395.mp3,Luscinia megarhynchos,Michel Veldt,train
773582,Luscinia_megarhynchos/XC773582.mp3,Luscinia megarhynchos,Dan Lombard,test
773584,Luscinia_megarhynchos/XC773584.mp3,Luscinia megarhynchos,Dan Lombard,train
790244,Luscinia_megarhynchos/XC790244.mp3,Luscinia megarhynchos,Daniel Barceló,train
792819,Luscinia_megarhynchos/XC792819.mp3,Luscinia megarhynchos,Dominique Guillerme,train
796448,Luscinia_megarhynchos/XC796448.mp3,Luscinia megarhynchos,Jorge Leitão,val
796776,Luscinia_megarhynchos/XC796776.mp3,Luscinia megarhynchos,Susanne Kuijpers,train
796778,Luscinia_megarhynchos/XC796778.mp3,Luscinia megarhynchos,Susanne Kuijpers,val
798972,Luscinia_megarhynchos/XC798972.wav,Luscinia megarhynchos,Pere Josa,test
800482,Luscinia_megarhynchos/XC800482.wav,Luscinia megarhynchos,Stanislas Wroza,train
800483,Luscinia_megarhynchos/XC800483.wav,Luscinia megarhynchos,Stanislas Wroza,train
802815,Luscinia_megarhynchos/XC802815.mp3,Luscinia megarhynchos,Mikhail Nevsky,train
804275,Luscinia_megarhynchos/XC804275.mp3,Luscinia megarhynchos,Susanne Kuijpers,val
804279,Luscinia_megarhynchos/XC804279.mp3,Luscinia megarhynchos,Susanne Kuijpers,val
808781,Luscinia_megarhynchos/XC808781.mp3,Luscinia megarhynchos,Ding Li Yong,train
809350,Luscinia_megarhynchos/XC809350.mp3,Luscinia megarhynchos,Filippo Ceccolini,train
816184,Luscinia_megarhynchos/XC816184.mp3,Luscinia megarhynchos,Bodo Sonnenburg,val
818342,Luscinia_megarhynchos/XC818342.wav,Luscinia megarhynchos,Sonothèque ADVL,train
823914,Luscinia_megarhynchos/XC823914.mp3,Luscinia megarhynchos,Dominique Guillerme,test
826280,Luscinia_megarhynchos/XC826280.mp3,Luscinia megarhynchos,Francesco Barberini,train
828784,Luscinia_megarhynchos/XC828784.wav,Luscinia megarhynchos,Stanislas Wroza,test
828786,Luscinia_megarhynchos/XC828786.wav,Luscinia megarhynchos,Stanislas Wroza,val
840374,Luscinia_megarhynchos/XC840374.wav,Luscinia megarhynchos,Frank A. Roos,train
840431,Luscinia_megarhynchos/XC840431.mp3,Luscinia megarhynchos,Rob van Bemmelen,val
852183,Luscinia_megarhynchos/XC852183.mp3,Luscinia megarhynchos,Rob van Bemmelen,train
862823,Luscinia_megarhynchos/XC862823.mp3,Luscinia megarhynchos,Olivier SWIFT,train
898276,Luscinia_megarhynchos/XC898276.mp3,Luscinia megarhynchos,observer,val
899011,Luscinia_megarhynchos/XC899011.mp3,Luscinia megarhynchos,Olivier SWIFT,train
899327,Luscinia_megarhynchos/XC899327.mp3,Luscinia megarhynchos,Filippo Ceccolini,train
899806,Luscinia_megarhynchos/XC899806.mp3,Luscinia megarhynchos,Jorge Leitão,train
899809,Luscinia_megarhynchos/XC899809.mp3,Luscinia megarhynchos,Jorge Leitão,train
900952,Luscinia_megarhynchos/XC900952.wav,Luscinia megarhynchos,Martin Billard,val
900953,Luscinia_megarhynchos/XC900953.wav,Luscinia megarhynchos,Martin Billard,train
901015,Luscinia_megarhynchos/XC901015.wav,Luscinia megarhynchos,Grzegorz Lorek,train
906045,Luscinia_megarhynchos/XC906045.wav,Luscinia megarhynchos,Jonatan den Haan,train
911334,Luscinia_megarhynchos/XC911334.mp3,Luscinia megarhynchos,W. Agster,train
911335,Luscinia_megarhynchos/XC911335.mp3,Luscinia megarhynchos,W. Agster,train
911336,Luscinia_megarhynchos/XC911336.mp3,Luscinia megarhynchos,W. Agster,test
911816,Luscinia_megarhynchos/XC911816.wav,Luscinia megarhynchos,Jacek Mucha,train
911982,Luscinia_megarhynchos/XC911982.wav,Luscinia megarhynchos,Stephan Risch,train
912882,Luscinia_megarhynchos/XC912882.mp3,Luscinia megarhynchos,Romuald Mikusek,test
920637,Luscinia_megarhynchos/XC920637.wav,Luscinia megarhynchos,Jorge Leitão,test
923985,Luscinia_megarhynchos/XC923985.mp3,Luscinia megarhynchos,Ding Li Yong,test
924025,Luscinia_megarhynchos/XC924025.mp3,Luscinia megarhynchos,Ding Li Yong,train
985862,Luscinia_megarhynchos/XC985862.wav,Luscinia megarhynchos,David Darrell-Lambert,test
985863,Luscinia_megarhynchos/XC985863.wav,Luscinia megarhynchos,David Darrell-Lambert,test
989027,Luscinia_megarhynchos/XC989027.wav,Luscinia megarhynchos,Jorge Leitão,train
989033,Luscinia_megarhynchos/XC989033.wav,Luscinia megarhynchos,Jorge Leitão,train
989762,Luscinia_megarhynchos/XC989762.mp3,Luscinia megarhynchos,Jarek Matusiak,train
990574,Luscinia_megarhynchos/XC990574.wav,Luscinia megarhynchos,Manuel Oudard,train
991281,Luscinia_megarhynchos/XC991281.wav,Luscinia megarhynchos,Jorge Leitão,train
991934,Luscinia_megarhynchos/XC991934.mp3,Luscinia megarhynchos,Olivier SWIFT,test
992436,Luscinia_megarhynchos/XC992436.mp3,Luscinia megarhynchos,Olivier SWIFT,test
992438,Luscinia_megarhynchos/XC992438.mp3,Luscinia megarhynchos,Olivier SWIFT,train
994919,Luscinia_megarhynchos/XC994919.wav,Luscinia megarhynchos,David Pennington,train
996929,Luscinia_megarhynchos/XC996929.wav,Luscinia megarhynchos,Ding Li Yong,train
998552,Luscinia_megarhynchos/XC998552.mp3,Luscinia megarhynchos,Garai József,train
1001465,Luscinia_megarhynchos/XC1001465.mp3,Luscinia megarhynchos,Imre Székely,train
1004601,Luscinia_megarhynchos/XC1004601.mp3,Luscinia megarhynchos,Mats Rellmar,train
1004602,Luscinia_megarhynchos/XC1004602.mp3,Luscinia megarhynchos,Mats Rellmar,train
1007119,Luscinia_megarhynchos/XC1007119.wav,Luscinia megarhynchos,Jorge Leitão,train
1011871,Luscinia_megarhynchos/XC1011871.mp3,Luscinia megarhynchos,Francesco Sottile,train
1011872,Luscinia_megarhynchos/XC1011872.mp3,Luscinia megarhynchos,Francesco Sottile,train
1017973,Luscinia_megarhynchos/XC1017973.wav,Luscinia megarhynchos,Jordi Calvet,test
1031814,Luscinia_megarhynchos/XC1031814.wav,Luscinia megarhynchos,David Darrell-Lambert,train
1040913,Luscinia_megarhynchos/XC1040913.wav,Luscinia megarhynchos,João Tomás,train
1056079,Luscinia_megarhynchos/XC1056079.mp3,Luscinia megarhynchos,Denis Dujardin,val
1058837,Luscinia_megarhynchos/XC1058837.wav,Luscinia megarhynchos,Lionel Triboulin,test
1070151,Luscinia_megarhynchos/XC1070151.wav,Luscinia megarhynchos,András Schmidt,train
1071632,Luscinia_megarhynchos/XC1071632.mp3,Luscinia megarhynchos,AUDEVARD Aurélien,train
1091760,Luscinia_megarhynchos/XC1091760.wav,Luscinia megarhynchos,Abdessamad Ennoury,train
1099301,Luscinia_megarhynchos/XC1099301.wav,Luscinia megarhynchos,Philippe_Grange,train
1104710,Luscinia_megarhynchos/XC1104710.wav,Luscinia megarhynchos,Jens Schöller,train
1104713,Luscinia_megarhynchos/XC1104713.wav,Luscinia megarhynchos,Jens Schöller,test
1104715,Luscinia_megarhynchos/XC1104715.wav,Luscinia megarhynchos,Jens Schöller,val
1104917,Luscinia_megarhynchos/XC1104917.mp3,Luscinia megarhynchos,Romuald Mikusek,train
1136058,Luscinia_megarhynchos/XC1136058.mp3,Luscinia megarhynchos,Paul van Nuys,train
1137392,Luscinia_megarhynchos/XC1137392.wav,Luscinia megarhynchos,Jorge Leitão,train
1137394,Luscinia_megarhynchos/XC1137394.wav,Luscinia megarhynchos,Jorge Leitão,train
1139821,Luscinia_megarhynchos/XC1139821.wav,Luscinia megarhynchos,Walter Wallner,val
1139975,Luscinia_megarhynchos/XC1139975.wav,Luscinia megarhynchos,David Darrell-Lambert,val
1141464,Luscinia_megarhynchos/XC1141464.wav,Luscinia megarhynchos,Pablo Guillemaud,train
1141465,Luscinia_megarhynchos/XC1141465.wav,Luscinia megarhynchos,Pablo Guillemaud,train
1142090,Luscinia_megarhynchos/XC1142090.wav,Luscinia megarhynchos,Clement Bruneau,train
1151832,Luscinia_megarhynchos/XC1151832.wav,Luscinia megarhynchos,Manuel Grosselet,train
1156443,Luscinia_megarhynchos/XC1156443.mp3,Luscinia megarhynchos,SWIFT Olivier,train
1165114,Luscinia_megarhynchos/XC1165114.wav,Luscinia megarhynchos,Zsombor Károlyi,train
1167044,Luscinia_megarhynchos/XC1167044.wav,Luscinia megarhynchos,Meena Haribal,train
27021,Motacilla_alba/XC27021.mp3,Motacilla alba,Patrik Åberg,val
27022,Motacilla_alba/XC27022.mp3,Motacilla alba,Patrik Åberg,train
36755,Motacilla_alba/XC36755.mp3,Motacilla alba,Tomas Belka,train
45001,Motacilla_alba/XC45001.mp3,Motacilla alba,Jarek Matusiak,train
67298,Motacilla_alba/XC67298.mp3,Motacilla alba,Patrik Åberg,train
76319,Motacilla_alba/XC76319.mp3,Motacilla alba,Ingar Bringsvor,train
83295,Motacilla_alba/XC83295.mp3,Motacilla alba,Jelmer Poelstra,train
83968,Motacilla_alba/XC83968.mp3,Motacilla alba,Patrik Åberg,test
100626,Motacilla_alba/XC100626.mp3,Motacilla alba,Rudo Jureček,train
105521,Motacilla_alba/XC105521.mp3,Motacilla alba,Volker Arnold,train
123690,Motacilla_alba/XC123690.mp3,Motacilla alba,maudoc,train
140581,Motacilla_alba/XC140581.mp3,Motacilla alba,Fernand DEROUSSEN,train
152631,Motacilla_alba/XC152631.mp3,Motacilla alba,Jarek Matusiak,train
162571,Motacilla_alba/XC162571.mp3,Motacilla alba,Patrick Franke,train
175847,Motacilla_alba/XC175847.mp3,Motacilla alba,Lars Buckx,val
213371,Motacilla_alba/XC213371.mp3,Motacilla alba,Ilkka Heiskanen,val
218151,Motacilla_alba/XC218151.mp3,Motacilla alba,Sonnenburg,train
246013,Motacilla_alba/XC246013.mp3,Motacilla alba,Jarek Matusiak,train
246014,Motacilla_alba/XC246014.mp3,Motacilla alba,Jarek Matusiak,train
272320,Motacilla_alba/XC272320.mp3,Motacilla alba,Albert Lastukhin,train
281367,Motacilla_alba/XC281367.mp3,Motacilla alba,Peter Boesman,test
281368,Motacilla_alba/XC281368.mp3,Motacilla alba,Peter Boesman,train
281369,Motacilla_alba/XC281369.mp3,Motacilla alba,Peter Boesman,train
289135,Motacilla_alba/XC289135.mp3,Motacilla alba,Mikael Litsgård,test
332116,Motacilla_alba/XC332116.mp3,Motacilla alba,Timo Schnabel,train
345893,Motacilla_alba/XC345893.mp3,Motacilla alba,Tero Linjama,train
368553,Motacilla_alba/XC368553.mp3,Motacilla alba,Stein Ø. Nilsen,test
383646,Motacilla_alba/XC383646.mp3,Motacilla alba,Terje Kolaas,val
388710,Motacilla_alba/XC388710.mp3,Motacilla alba,Joost van Bruggen,val
394297,Motacilla_alba/XC394297.mp3,Motacilla alba,Livon,train
405296,Motacilla_alba/XC405296.mp3,Motacilla alba,Patrik Åberg,val
465382,Motacilla_alba/XC465382.mp3,Motacilla alba,Elias A. Ryberg,train
485710,Motacilla_alba/XC485710.mp3,Motacilla alba,Stanislas Wroza,val
487300,Motacilla_alba/XC487300.mp3,Motacilla alba,Stanislas Wroza,test
487978,Motacilla_alba/XC487978.mp3,Motacilla alba,Stanislas Wroza,train
489227,Motacilla_alba/XC489227.mp3,Motacilla alba,Geoffrey Monchaux,test
495675,Motacilla_alba/XC495675.mp3,Motacilla alba,Lars Edenius,train
506183,Motacilla_alba/XC506183.mp3,Motacilla alba,Amar-Singh HSS,val
554015,Motacilla_alba/XC554015.mp3,Motacilla alba,Jarek Matusiak,val
554016,Motacilla_alba/XC554016.mp3,Motacilla alba,Jarek Matusiak,train
554018,Motacilla_alba/XC554018.mp3,Motacilla alba,Jarek Matusiak,train
554020,Motacilla_alba/XC554020.mp3,Motacilla alba,Jarek Matusiak,train
554025,Motacilla_alba/XC554025.mp3,Motacilla alba,Jarek Matusiak,train
561025,Motacilla_alba/XC561025.mp3,Motacilla alba,Dick de Vos,test
584630,Motacilla_alba/XC584630.mp3,Motacilla alba,Uku Paal,test
596083,Motacilla_alba/XC596083.mp3,Motacilla alba,Simon Elliott,train
596085,Motacilla_alba/XC596085.mp3,Motacilla alba,Simon Elliott,train
596086,Motacilla_alba/XC596086.mp3,Motacilla alba,Simon Elliott,train
606935,Motacilla_alba/XC606935.mp3,Motacilla alba,Jarek Matusiak,train
606944,Motacilla_alba/XC606944.mp3,Motacilla alba,Jarek Matusiak,test
608762,Motacilla_alba/XC608762.mp3,Motacilla alba,Jarek Matusiak,train
609238,Motacilla_alba/XC609238.mp3,Motacilla alba,Jarek Matusiak,train
632990,Motacilla_alba/XC632990.mp3,Motacilla alba,Markus Jacobs,train
644775,Motacilla_alba/XC644775.mp3,Motacilla alba,Thomas Bergman,train
653244,Motacilla_alba/XC653244.mp3,Motacilla alba,Uku Paal,train
656636,Motacilla_alba/XC656636.mp3,Motacilla alba,Uku Paal,train
656712,Motacilla_alba/XC656712.mp3,Motacilla alba,Uku Paal,train
656713,Motacilla_alba/XC656713.mp3,Motacilla alba,Uku Paal,train
657435,Motacilla_alba/XC657435.mp3,Motacilla alba,Susanne Kuijpers,train
659807,Motacilla_alba/XC659807.mp3,Motacilla alba,Micha Luhn,train
664681,Motacilla_alba/XC664681.mp3,Motacilla alba,Leander Khil,val
671384,Motacilla_alba/XC671384.mp3,Motacilla alba,Lars Edenius,val
671385,Motacilla_alba/XC671385.mp3,Motacilla alba,Lars Edenius,val
688060,Motacilla_alba/XC688060.mp3,Motacilla alba,Niels Van Doninck,val
719638,Motacilla_alba/XC719638.mp3,Motacilla alba,Uku Paal,train
731463,Motacilla_alba/XC731463.mp3,Motacilla alba,Geoff Carey,train
731464,Motacilla_alba/XC731464.mp3,Motacilla alba,Geoff Carey,test
758197,Motacilla_alba/XC758197.mp3,Motacilla alba,W. Agster,train
765218,Motacilla_alba/XC765218.mp3,Motacilla alba,Stanislas Wroza,val
765220,Motacilla_alba/XC765220.mp3,Motacilla alba,Stanislas Wroza,train
765221,Motacilla_alba/XC765221.mp3,Motacilla alba,Stanislas Wroza,train
773143,Motacilla_alba/XC773143.mp3,Motacilla alba,Mats Rellmar,train
794697,Motacilla_alba/XC794697.mp3,Motacilla alba,Lars Edenius,train
795253,Motacilla_alba/XC795253.mp3,Motacilla alba,Lars Edenius,train
799205,Motacilla_alba/XC799205.mp3,Motacilla alba,Francesco Sottile,train
808862,Motacilla_alba/XC808862.mp3,Motacilla alba,Lars Edenius,train
813162,Motacilla_alba/XC813162.mp3,Motacilla alba,Lars Edenius,train
813506,Motacilla_alba/XC813506.mp3,Motacilla alba,Peter Boesman,train
842823,Motacilla_alba/XC842823.mp3,Motacilla alba,Bo Shunqi 薄顺奇,train
892021,Motacilla_alba/XC892021.mp3,Motacilla alba,Bo Shunqi薄顺奇,train
923532,Motacilla_alba/XC923532.mp3,Motacilla alba,Lennart Jeppsson,test
925672,Motacilla_alba/XC925672.mp3,Motacilla alba,Ulf Elman,train
941738,Motacilla_alba/XC941738.mp3,Motacilla alba,Ulf Elman,train
941739,Motacilla_alba/XC941739.mp3,Motacilla alba,Ulf Elman,train
953710,Motacilla_alba/XC953710.wav,Motacilla alba,João Tomás,train
979151,Motacilla_alba/XC979151.wav,Motacilla alba,Lucas-Chen,test
1052680,Motacilla_alba/XC1052680.wav,Motacilla alba,Christian Kerihuel,train
1063932,Motacilla_alba/XC1063932.wav,Motacilla alba,João Tomás,train
1082608,Motacilla_alba/XC1082608.mp3,Motacilla alba,Olivier SWIFT,train
1082706,Motacilla_alba/XC1082706.wav,Motacilla alba,David Darrell-Lambert,val
1082834,Motacilla_alba/XC1082834.mp3,Motacilla alba,Olivier SWIFT,train
1082835,Motacilla_alba/XC1082835.mp3,Motacilla alba,Olivier SWIFT,train
1082836,Motacilla_alba/XC1082836.mp3,Motacilla alba,Olivier SWIFT,val
1083491,Motacilla_alba/XC1083491.wav,Motacilla alba,David Darrell-Lambert,test
1083492,Motacilla_alba/XC1083492.wav,Motacilla alba,David Darrell-Lambert,train
1083493,Motacilla_alba/XC1083493.wav,Motacilla alba,David Darrell-Lambert,train
1083495,Motacilla_alba/XC1083495.wav,Motacilla alba,David Darrell-Lambert,train
1083496,Motacilla_alba/XC1083496.wav,Motacilla alba,David Darrell-Lambert,train
1083522,Motacilla_alba/XC1083522.wav,Motacilla alba,David Darrell-Lambert,test
1083523,Motacilla_alba/XC1083523.wav,Motacilla alba,David Darrell-Lambert,train
1083524,Motacilla_alba/XC1083524.wav,Motacilla alba,David Darrell-Lambert,train
1083526,Motacilla_alba/XC1083526.wav,Motacilla alba,David Darrell-Lambert,train
1083527,Motacilla_alba/XC1083527.wav,Motacilla alba,David Darrell-Lambert,train
1084077,Motacilla_alba/XC1084077.wav,Motacilla alba,David Darrell-Lambert,test
1087888,Motacilla_alba/XC1087888.mp3,Motacilla alba,Lim Ying Hien 林勇贤,train
1088591,Motacilla_alba/XC1088591.wav,Motacilla alba,Petter Westberg,train
1088592,Motacilla_alba/XC1088592.wav,Motacilla alba,Petter Westberg,train
1088594,Motacilla_alba/XC1088594.wav,Motacilla alba,Petter Westberg,train
1090268,Motacilla_alba/XC1090268.mp3,Motacilla alba,Johan Nilsson,train
1094457,Motacilla_alba/XC1094457.wav,Motacilla alba,David Darrell-Lambert,test
1097373,Motacilla_alba/XC1097373.wav,Motacilla alba,Norman Schiwora,test
1098452,Motacilla_alba/XC1098452.wav,Motacilla alba,Stanislas Wroza,train
1098726,Motacilla_alba/XC1098726.mp3,Motacilla alba,Bo Shunqi 薄顺奇,train
1098727,Motacilla_alba/XC1098727.mp3,Motacilla alba,Bo Shunqi 薄顺奇,train
1100607,Motacilla_alba/XC1100607.mp3,Motacilla alba,Sonothèque ADVL,train
1102017,Motacilla_alba/XC1102017.mp3,Motacilla alba,Kayleigh Lubin,test
1103851,Motacilla_alba/XC1103851.wav,Motacilla alba,Petter Westberg,test
1104431,Motacilla_alba/XC1104431.mp3,Motacilla alba,Miika Silfverberg,val
1105950,Motacilla_alba/XC1105950.mp3,Motacilla alba,Ian Roberts,test
1106664,Motacilla_alba/XC1106664.wav,Motacilla alba,Mark Plummer,train
1107877,Motacilla_alba/XC1107877.mp3,Motacilla alba,Tom Cooney,train
1134242,Motacilla_alba/XC1134242.wav,Motacilla alba,Jue Lei,val
1136246,Motacilla_alba/XC1136246.mp3,Motacilla alba,Sonothèque ADVL,train
1137610,Motacilla_alba/XC1137610.wav,Motacilla alba,Simon Gillings,train
1137921,Motacilla_alba/XC1137921.mp3,Motacilla alba,Albert Lastukhin,train
1138855,Motacilla_alba/XC1138855.wav,Motacilla alba,Simon Gillings,test
1139450,Motacilla_alba/XC1139450.mp3,Motacilla alba,Ding Li Yong,val
1139520,Motacilla_alba/XC1139520.wav,Motacilla alba,Grzegorz Lorek,train
1142443,Motacilla_alba/XC1142443.wav,Motacilla alba,Grzegorz Michalski,train
1142757,Motacilla_alba/XC1142757.wav,Motacilla alba,Walter Wallner,train
1145477,Motacilla_alba/XC1145477.wav,Motacilla alba,David Darrell-Lambert,train
1147061,Motacilla_alba/XC1147061.wav,Motacilla alba,Cedric Mroczko,train
1148653,Motacilla_alba/XC1148653.wav,Motacilla alba,Manuel Grosselet,train
1152224,Motacilla_alba/XC1152224.wav,Motacilla alba,Andrew Harrop,train
1154501,Motacilla_alba/XC1154501.wav,Motacilla alba,David Darrell-Lambert,train
1154834,Motacilla_alba/XC1154834.wav,Motacilla alba,Working group for animal ecology and planning Ltd.,train
1156682,Motacilla_alba/XC1156682.mp3,Motacilla alba,Bram Piot,train
1158806,Motacilla_alba/XC1158806.wav,Motacilla alba,Nishant Bhagwat,train
1159184,Motacilla_alba/XC1159184.wav,Motacilla alba,Nishant Bhagwat,train
1161169,Motacilla_alba/XC1161169.wav,Motacilla alba,Clement Bruneau,val
1162286,Motacilla_alba/XC1162286.wav,Motacilla alba,Arjun Dutta,val
1166448,Motacilla_alba/XC1166448.mp3,Motacilla alba,Paul Gosling,train
1167185,Motacilla_alba/XC1167185.wav,Motacilla alba,Stanislas Wroza,val
1167200,Motacilla_alba/XC1167200.wav,Motacilla alba,Stanislas Wroza,train
1167644,Motacilla_alba/XC1167644.wav,Motacilla alba,Stanislas Wroza,train
1167654,Motacilla_alba/XC1167654.wav,Motacilla alba,Stanislas Wroza,train
1167691,Motacilla_alba/XC1167691.wav,Motacilla alba,Stanislas Wroza,test
1167745,Motacilla_alba/XC1167745.wav,Motacilla alba,Stanislas Wroza,val
1170154,Motacilla_alba/XC1170154.mp3,Motacilla alba,András Schmidt,train
1176583,Motacilla_alba/XC1176583.mp3,Motacilla alba,András Schmidt,train
718046,Parus_major/XC718046.mp3,Parus major,Manuel Grosselet,val
718274,Parus_major/XC718274.mp3,Parus major,"Manuel Grosselet, Olivier Swift",train
719660,Parus_major/XC719660.mp3,Parus major,Uku Paal,train
720292,Parus_major/XC720292.mp3,Parus major,Uku Paal,train
720773,Parus_major/XC720773.mp3,Parus major,David Bissett,train
724068,Parus_major/XC724068.mp3,Parus major,Olivier SWIFT,val
729993,Parus_major/XC729993.mp3,Parus major,Bodo Sonnenburg,train
741377,Parus_major/XC741377.mp3,Parus major,Stephan Risch,val
754950,Parus_major/XC754950.mp3,Parus major,Lars Edenius,test
756695,Parus_major/XC756695.mp3,Parus major,Lars Edenius,test
761132,Parus_major/XC761132.mp3,Parus major,Lars Edenius,train
766588,Parus_major/XC766588.mp3,Parus major,Ulf Elman,train
767786,Parus_major/XC767786.mp3,Parus major,Dominique Guillerme,test
778405,Parus_major/XC778405.mp3,Parus major,Dominique Guillerme,train
780064,Parus_major/XC780064.mp3,Parus major,Martin Fransson,val
780462,Parus_major/XC780462.mp3,Parus major,Lars Edenius,train
780463,Parus_major/XC780463.mp3,Parus major,Lars Edenius,test
782691,Parus_major/XC782691.mp3,Parus major,Dominique Guillerme,train
782692,Parus_major/XC782692.mp3,Parus major,Dominique Guillerme,train
783621,Parus_major/XC783621.mp3,Parus major,Lars Edenius,train
783633,Parus_major/XC783633.mp3,Parus major,Bodo Sonnenburg,test
788731,Parus_major/XC788731.wav,Parus major,Dean McDonnell,val
789414,Parus_major/XC789414.mp3,Parus major,Lars Edenius,test
789415,Parus_major/XC789415.mp3,Parus major,Lars Edenius,val
789416,Parus_major/XC789416.mp3,Parus major,Lars Edenius,train
790451,Parus_major/XC790451.mp3,Parus major,Lars Edenius,train
791289,Parus_major/XC791289.mp3,Parus major,Sreekumar Chirukandoth,train
792183,Parus_major/XC792183.mp3,Parus major,Lars Edenius,train
792451,Parus_major/XC792451.wav,Parus major,Xavier Riera,train
793539,Parus_major/XC793539.mp3,Parus major,Sean Morris,train
795227,Parus_major/XC795227.mp3,Parus major,Dominique Guillerme,train
795763,Parus_major/XC795763.wav,Parus major,Stanislas Wroza,train
798515,Parus_major/XC798515.mp3,Parus major,Thomas Bergman,train
798517,Parus_major/XC798517.mp3,Parus major,Jorge Leitão,train
798922,Parus_major/XC798922.mp3,Parus major,Thomas Bergman,train
799282,Parus_major/XC799282.mp3,Parus major,Dominique Guillerme,train
800916,Parus_major/XC800916.wav,Parus major,Daniele Baroni,train
804299,Parus_major/XC804299.mp3,Parus major,Dominique Guillerme,train
804462,Parus_major/XC804462.mp3,Parus major,Bo Shunqi 薄顺奇,train
806433,Parus_major/XC806433.mp3,Parus major,Francesco Barberini,train
806892,Parus_major/XC806892.mp3,Parus major,Bo Shunqi 薄顺奇,train
810060,Parus_major/XC810060.mp3,Parus major,Jorge Leitão,train
813556,Parus_major/XC813556.mp3,Parus major,Peter Boesman,train
813557,Parus_major/XC813557.mp3,Parus major,Peter Boesman,train
814261,Parus_major/XC814261.wav,Parus major,Anders Westman,train
814262,Parus_major/XC814262.wav,Parus major,Anders Westman,train
823016,Parus_major/XC823016.mp3,Parus major,Dominique Guillerme,train
832368,Parus_major/XC832368.wav,Parus major,Martin Billard,val
833617,Parus_major/XC833617.wav,Parus major,Agris Celmins,train
833622,Parus_major/XC833622.wav,Parus major,Agris Celmins,train
838178,Parus_major/XC838178.wav,Parus major,Martin Billard,train
843484,Parus_major/XC843484.wav,Parus major,Joost van Bruggen,train
843489,Parus_major/XC843489.wav,Parus major,Joost van Bruggen,val
845019,Parus_major/XC845019.mp3,Parus major,Jorge Leitão,train
845912,Parus_major/XC845912.mp3,Parus major,Jorge Leitão,test
853713,Parus_major/XC853713.wav,Parus major,Martin Billard,train
862138,Parus_major/XC862138.wav,Parus major,François Guibert,val
865913,Parus_major/XC865913.mp3,Parus major,Jacobo Ramil Millarengo,test
870733,Parus_major/XC870733.mp3,Parus major,Alain Malengreau,test
871383,Parus_major/XC871383.wav,Parus major,Xavier Riera,train
871607,Parus_major/XC871607.mp3,Parus major,Alain Malengreau,train
874098,Parus_major/XC874098.mp3,Parus major,Jacobo Ramil Millarengo,test
878089,Parus_major/XC878089.mp3,Parus major,Lars Edenius,val
879197,Parus_major/XC879197.mp3,Parus major,Olivier SWIFT,train
879198,Parus_major/XC879198.mp3,Parus major,Olivier SWIFT,train
879379,Parus_major/XC879379.mp3,Parus major,Jarek Matusiak,train
879770,Parus_major/XC879770.mp3,Parus major,Uku Paal,train
879815,Parus_major/XC879815.mp3,Parus major,Lars Edenius,train
879816,Parus_major/XC879816.mp3,Parus major,Lars Edenius,val
883597,Parus_major/XC883597.wav,Parus major,SonoNatura,train
895153,Parus_major/XC895153.mp3,Parus major,Stuart Fisher,train
899545,Parus_major/XC899545.wav,Parus major,Beatrix Saadi-Varchmin,test
905525,Parus_major/XC905525.mp3,Parus major,Olivier SWIFT,test
917135,Parus_major/XC917135.mp3,Parus major,Jorge Leitão,train
922369,Parus_major/XC922369.wav,Parus major,Hannu Varkki,val
922370,Parus_major/XC922370.wav,Parus major,Hannu Varkki,train
924149,Parus_major/XC924149.wav,Parus major,Grzegorz Lorek,train
925094,Parus_major/XC925094.mp3,Parus major,Bo Shunqi 薄顺奇,train
925095,Parus_major/XC925095.mp3,Parus major,Bo Shunqi 薄顺奇,train
929206,Parus_major/XC929206.mp3,Parus major,Uku Paal,train
939098,Parus_major/XC939098.mp3,Parus major,Elias A. Ryberg,val
955699,Parus_major/XC955699.wav,Parus major,Jorge Leitão,train
956876,Parus_major/XC956876.mp3,Parus major,Jarek Matusiak,test
956880,Parus_major/XC956880.mp3,Parus major,Jarek Matusiak,train
956887,Parus_major/XC956887.mp3,Parus major,Jarek Matusiak,train
956889,Parus_major/XC956889.mp3,Parus major,Jarek Matusiak,val
956913,Parus_major/XC956913.mp3,Parus major,Jarek Matusiak,train
962161,Parus_major/XC962161.wav,Parus major,Jorge Leitão,train
962211,Parus_major/XC962211.mp3,Parus major,Jacobo Ramil Millarengo,train
962275,Parus_major/XC962275.wav,Parus major,Hans Matheve,train
964295,Parus_major/XC964295.mp3,Parus major,Jarek Matusiak,test
964319,Parus_major/XC964319.mp3,Parus major,Jarek Matusiak,train
972649,Parus_major/XC972649.mp3,Parus major,Francesco Sottile,train
975084,Parus_major/XC975084.mp3,Parus major,Lennart Jeppsson,train
975502,Parus_major/XC975502.mp3,Parus major,Jarek Matusiak,train
978868,Parus_major/XC978868.mp3,Parus major,Elias A. Ryberg,val
983069,Parus_major/XC983069.mp3,Parus major,Abe Bakker,train
983564,Parus_major/XC983564.wav,Parus major,Théo Treels,train
985185,Parus_major/XC985185.wav,Parus major,David Darrell-Lambert,train
985820,Parus_major/XC985820.wav,Parus major,Abe Bakker,val
986235,Parus_major/XC986235.wav,Parus major,András Schmidt,val
986668,Parus_major/XC986668.mp3,Parus major,Jacobo Ramil Millarengo,train
987453,Parus_major/XC987453.mp3,Parus major,Jacobo Ramil Millarengo,train
987454,Parus_major/XC987454.mp3,Parus major,Jacobo Ramil Millarengo,val
987878,Parus_major/XC987878.mp3,Parus major,Francesco Sottile,train
989898,Parus_major/XC989898.wav,Parus major,Noé Ferrari,train
990594,Parus_major/XC990594.mp3,Parus major,Francesco Sottile,val
990596,Parus_major/XC990596.mp3,Parus major,Francesco Sottile,test
992471,Parus_major/XC992471.mp3,Parus major,Francesco Sottile,val
994570,Parus_major/XC994570.wav,Parus major,João Tomás,train
995195,Parus_major/XC995195.wav,Parus major,Jorge Leitão,train
1009333,Parus_major/XC1009333.wav,Parus major,Jorge Leitão,train
1031069,Parus_major/XC1031069.mp3,Parus major,Miika Silfverberg,train
1031070,Parus_major/XC1031070.mp3,Parus major,Miika Silfverberg,train
1041642,Parus_major/XC1041642.wav,Parus major,Jorge Leitão,train
1048483,Parus_major/XC1048483.mp3,Parus major,Miika Silfverberg,train
1049551,Parus_major/XC1049551.wav,Parus major,Beatrix Saadi-Varchmin,train
1072009,Parus_major/XC1072009.wav,Parus major,András Schmidt,train
1079215,Parus_major/XC1079215.mp3,Parus major,Marc Anderson,test
1079218,Parus_major/XC1079218.mp3,Parus major,Marc Anderson,test
1082599,Parus_major/XC1082599.mp3,Parus major,Lennart Jeppsson,train
1082760,Parus_major/XC1082760.mp3,Parus major,Olivier SWIFT,train
1084325,Parus_major/XC1084325.wav,Parus major,wu555,val
1087530,Parus_major/XC1087530.wav,Parus major,Ulf Elman,train
1087531,Parus_major/XC1087531.wav,Parus major,Ulf Elman,train
1087991,Parus_major/XC1087991.mp3,Parus major,Christian Bøggild,test
1088818,Parus_major/XC1088818.mp3,Parus major,Miika Silfverberg,train
1088904,Parus_major/XC1088904.wav,Parus major,Mats Olsson,train
1091255,Parus_major/XC1091255.mp3,Parus major,Christian Bøggild,train
1092231,Parus_major/XC1092231.mp3,Parus major,"Olivier SWIFT, Hélène CARTAUD",train
1092333,Parus_major/XC1092333.mp3,Parus major,Francesco Sottile,test
1092854,Parus_major/XC1092854.wav,Parus major,Paul Kelly,train
1094420,Parus_major/XC1094420.wav,Parus major,Paul Kelly,train
1100198,Parus_major/XC1100198.mp3,Parus major,Jack Berteau,train
1101435,Parus_major/XC1101435.wav,Parus major,Petter Westberg,train
1103687,Parus_major/XC1103687.mp3,Parus major,Dag Österlund,train
1104350,Parus_major/XC1104350.mp3,Parus major,Lars Edenius,val
1137640,Parus_major/XC1137640.wav,Parus major,Simon Gillings,train
1137711,Parus_major/XC1137711.wav,Parus major,Dimitri,test
1141773,Parus_major/XC1141773.mp3,Parus major,Elias A. Ryberg,train
1151595,Parus_major/XC1151595.wav,Parus major,Sunny Tseng,test
1152300,Parus_major/XC1152300.wav,Parus major,Sunny Tseng,train
1152620,Parus_major/XC1152620.wav,Parus major,Sunny Tseng,val
1163562,Parus_major/XC1163562.mp3,Parus major,Taras Vykhovanets,train
1167062,Parus_major/XC1167062.wav,Parus major,Meena Haribal,train
1167063,Parus_major/XC1167063.wav,Parus major,Meena Haribal,test
1167209,Parus_major/XC1167209.wav,Parus major,Stanislas Wroza,train
1167212,Parus_major/XC1167212.wav,Parus major,Stanislas Wroza,train
1167218,Parus_major/XC1167218.wav,Parus major,Stanislas Wroza,train
1167229,Parus_major/XC1167229.wav,Parus major,Stanislas Wroza,train
576358,Passer_domesticus/XC576358.mp3,Passer domesticus,Manuel Grosselet,train
578626,Passer_domesticus/XC578626.mp3,Passer domesticus,Joost van Bruggen,train
590872,Passer_domesticus/XC590872.mp3,Passer domesticus,Dare Šere,train
591496,Passer_domesticus/XC591496.mp3,Passer domesticus,Jarek Matusiak,train
618128,Passer_domesticus/XC618128.mp3,Passer domesticus,Manuel Grosselet,train
618857,Passer_domesticus/XC618857.mp3,Passer domesticus,Hans Matheve,train
621521,Passer_domesticus/XC621521.mp3,Passer domesticus,Tanguy Loïs,test
627130,Passer_domesticus/XC627130.mp3,Passer domesticus,Ken Behrens,test
630304,Passer_domesticus/XC630304.mp3,Passer domesticus,Susanne Kuijpers,val
631407,Passer_domesticus/XC631407.mp3,Passer domesticus,Rostyslav Romanyshyn,train
632102,Passer_domesticus/XC632102.mp3,Passer domesticus,Martinez Nicolas,train
634437,Passer_domesticus/XC634437.mp3,Passer domesticus,Karol Łanocha,test
635445,Passer_domesticus/XC635445.mp3,Passer domesticus,Susanne Kuijpers,test
636256,Passer_domesticus/XC636256.mp3,Passer domesticus,Thomas Ryder Payne,train
636549,Passer_domesticus/XC636549.mp3,Passer domesticus,Thomas Ryder Payne,train
639076,Passer_domesticus/XC639076.mp3,Passer domesticus,Marcin Urbański,test
640223,Passer_domesticus/XC640223.mp3,Passer domesticus,Susanne Kuijpers,train
642162,Passer_domesticus/XC642162.mp3,Passer domesticus,Antony Schubert,val
642972,Passer_domesticus/XC642972.mp3,Passer domesticus,Marcel Gil Velasco,train
645075,Passer_domesticus/XC645075.mp3,Passer domesticus,Olivier SWIFT,val
648931,Passer_domesticus/XC648931.mp3,Passer domesticus,Jarek Matusiak,val
648941,Passer_domesticus/XC648941.mp3,Passer domesticus,Jarek Matusiak,train
648947,Passer_domesticus/XC648947.mp3,Passer domesticus,Jarek Matusiak,val
649118,Passer_domesticus/XC649118.mp3,Passer domesticus,Scott Olmstead,train
649695,Passer_domesticus/XC649695.mp3,Passer domesticus,Karol Łanocha,test
658831,Passer_domesticus/XC658831.mp3,Passer domesticus,Leander Khil,train
659761,Passer_domesticus/XC659761.mp3,Passer domesticus,Olivier SWIFT,train
659845,Passer_domesticus/XC659845.mp3,Passer domesticus,Olivier SWIFT,val
663188,Passer_domesticus/XC663188.mp3,Passer domesticus,Ireneusz Oleksik,train
665040,Passer_domesticus/XC665040.mp3,Passer domesticus,Ireneusz Oleksik,train
666487,Passer_domesticus/XC666487.mp3,Passer domesticus,Jordi Calvet,train
676664,Passer_domesticus/XC676664.mp3,Passer domesticus,Tony Archer,train
680573,Passer_domesticus/XC680573.mp3,Passer domesticus,Joost van Bruggen,train
687529,Passer_domesticus/XC687529.mp3,Passer domesticus,Irish Wildlife Sounds,train
691724,Passer_domesticus/XC691724.mp3,Passer domesticus,Joost van Bruggen,train
697951,Passer_domesticus/XC697951.mp3,Passer domesticus,Olivier SWIFT,train
704628,Passer_domesticus/XC704628.mp3,Passer domesticus,Tony Archer,train
707891,Passer_domesticus/XC707891.mp3,Passer domesticus,Richard E. Webster,train
709860,Passer_domesticus/XC709860.mp3,Passer domesticus,Susanne Kuijpers,test
718727,Passer_domesticus/XC718727.mp3,Passer domesticus,Uku Paal,test
720636,Passer_domesticus/XC720636.mp3,Passer domesticus,Allistair Fresse,test
722453,Passer_domesticus/XC722453.mp3,Passer domesticus,A. Dreißigacker,train
727621,Passer_domesticus/XC727621.mp3,Passer domesticus,Nelson Conceição,train
728160,Passer_domesticus/XC728160.mp3,Passer domesticus,Stephan Risch,train
729006,Passer_domesticus/XC729006.mp3,Passer domesticus,JL Guerra,train
733549,Passer_domesticus/XC733549.mp3,Passer domesticus,Antonio Xeira,val
733550,Passer_domesticus/XC733550.mp3,Passer domesticus,Antonio Xeira,test
741178,Passer_domesticus/XC741178.mp3,Passer domesticus,Jorge Leitão,val
744180,Passer_domesticus/XC744180.mp3,Passer domesticus,Romuald Mikusek,train
752631,Passer_domesticus/XC752631.mp3,Passer domesticus,Jorge Leitão,train
753077,Passer_domesticus/XC753077.mp3,Passer domesticus,Jorge Leitão,train
753973,Passer_domesticus/XC753973.mp3,Passer domesticus,Agris Celmins,train
753974,Passer_domesticus/XC753974.mp3,Passer domesticus,Agris Celmins,train
771710,Passer_domesticus/XC771710.wav,Passer domesticus,Stanley Baldauf,train
775840,Passer_domesticus/XC775840.wav,Passer domesticus,Dean McDonnell,test
780889,Passer_domesticus/XC780889.mp3,Passer domesticus,Jorge Leitão,train
781605,Passer_domesticus/XC781605.mp3,Passer domesticus,Peter Boesman,test
788182,Passer_domesticus/XC788182.mp3,Passer domesticus,Jelle Scharringa,val
788183,Passer_domesticus/XC788183.mp3,Passer domesticus,Jelle Scharringa,val
791243,Passer_domesticus/XC791243.wav,Passer domesticus,Johannes Dag Mayer,train
791782,Passer_domesticus/XC791782.mp3,Passer domesticus,Ian Roberts,train
791783,Passer_domesticus/XC791783.mp3,Passer domesticus,Ian Roberts,train
804801,Passer_domesticus/XC804801.mp3,Passer domesticus,Uku Paal,train
804802,Passer_domesticus/XC804802.mp3,Passer domesticus,Uku Paal,train
806713,Passer_domesticus/XC806713.mp3,Passer domesticus,Manuel Grosselet,train
806714,Passer_domesticus/XC806714.mp3,Passer domesticus,Manuel Grosselet,val
806716,Passer_domesticus/XC806716.mp3,Passer domesticus,Manuel Grosselet,train
812395,Passer_domesticus/XC812395.mp3,Passer domesticus,Jorge Leitão,train
818666,Passer_domesticus/XC818666.mp3,Passer domesticus,Jorge Leitão,train
819683,Passer_domesticus/XC819683.wav,Passer domesticus,Sonothèque ADVL,test
820872,Passer_domesticus/XC820872.wav,Passer domesticus,Johannes Worona,train
835058,Passer_domesticus/XC835058.mp3,Passer domesticus,Esperanza Poveda,val
835068,Passer_domesticus/XC835068.mp3,Passer domesticus,Esperanza Poveda,train
837455,Passer_domesticus/XC837455.mp3,Passer domesticus,Jorge Leitão,train
841356,Passer_domesticus/XC841356.mp3,Passer domesticus,Jack Berteau,train
842414,Passer_domesticus/XC842414.mp3,Passer domesticus,FREDERIC Lionel,train
843477,Passer_domesticus/XC843477.wav,Passer domesticus,Joost van Bruggen,train
872123,Passer_domesticus/XC872123.mp3,Passer domesticus,Scott Olmstead,test
879927,Passer_domesticus/XC879927.wav,Passer domesticus,Paul Kelly,val
881740,Passer_domesticus/XC881740.mp3,Passer domesticus,Olivier SWIFT,train
881741,Passer_domesticus/XC881741.mp3,Passer domesticus,Olivier SWIFT,train
882124,Passer_domesticus/XC882124.mp3,Passer domesticus,Christian Kerihuel,val
896492,Passer_domesticus/XC896492.wav,Passer domesticus,Martin Billard,train
896493,Passer_domesticus/XC896493.wav,Passer domesticus,Martin Billard,val
897743,Passer_domesticus/XC897743.wav,Passer domesticus,Paul Kelly,train
901049,Passer_domesticus/XC901049.mp3,Passer domesticus,Geoff Carey,val
901050,Passer_domesticus/XC901050.mp3,Passer domesticus,Geoff Carey,test
901051,Passer_domesticus/XC901051.mp3,Passer domesticus,Geoff Carey,val
901052,Passer_domesticus/XC901052.mp3,Passer domesticus,Geoff Carey,val
901059,Passer_domesticus/XC901059.mp3,Passer domesticus,Geoff Carey,train
906529,Passer_domesticus/XC906529.mp3,Passer domesticus,Olivier SWIFT,train
908354,Passer_domesticus/XC908354.mp3,Passer domesticus,"Olivier SWIFT, Hélène CARTAUD",train
908403,Passer_domesticus/XC908403.mp3,Passer domesticus,Thomas Ryder Payne,train
913337,Passer_domesticus/XC913337.wav,Passer domesticus,Martin Billard,train
913338,Passer_domesticus/XC913338.wav,Passer domesticus,Martin Billard,val
913339,Passer_domesticus/XC913339.wav,Passer domesticus,Martin Billard,train
922542,Passer_domesticus/XC922542.mp3,Passer domesticus,Francesco Sottile,train
926983,Passer_domesticus/XC926983.mp3,Passer domesticus,Jack Berteau,train
926985,Passer_domesticus/XC926985.mp3,Passer domesticus,Jack Berteau,train
926987,Passer_domesticus/XC926987.mp3,Passer domesticus,Jack Berteau,test
949510,Passer_domesticus/XC949510.wav,Passer domesticus,João Tomás,train
949511,Passer_domesticus/XC949511.wav,Passer domesticus,João Tomás,test
949513,Passer_domesticus/XC949513.wav,Passer domesticus,João Tomás,val
953713,Passer_domesticus/XC953713.wav,Passer domesticus,João Tomás,train
973866,Passer_domesticus/XC973866.wav,Passer domesticus,Pere Josa,train
975549,Passer_domesticus/XC975549.mp3,Passer domesticus,Leonardo Ordóñez-Delgado,train
977863,Passer_domesticus/XC977863.wav,Passer domesticus,Paul Kelly,train
980255,Passer_domesticus/XC980255.wav,Passer domesticus,Beatrix Saadi-Varchmin,train
995205,Passer_domesticus/XC995205.mp3,Passer domesticus,Molly Bell,train
996904,Passer_domesticus/XC996904.wav,Passer domesticus,Johannes Worona,train
996905,Passer_domesticus/XC996905.wav,Passer domesticus,Johannes Worona,train
997014,Passer_domesticus/XC997014.wav,Passer domesticus,João Tomás,train
997054,Passer_domesticus/XC997054.wav,Passer domesticus,João Tomás,test
997055,Passer_domesticus/XC997055.wav,Passer domesticus,João Tomás,train
1006294,Passer_domesticus/XC1006294.mp3,Passer domesticus,Ulf Elman,test
1006295,Passer_domesticus/XC1006295.mp3,Passer domesticus,Ulf Elman,val
1006302,Passer_domesticus/XC1006302.wav,Passer domesticus,Paul Kelly,train
1062518,Passer_domesticus/XC1062518.wav,Passer domesticus,János Schadl,train
1068482,Passer_domesticus/XC1068482.wav,Passer domesticus,András Schmidt,train
1076087,Passer_domesticus/XC1076087.wav,Passer domesticus,Lars Lachmann,train
1082700,Passer_domesticus/XC1082700.wav,Passer domesticus,David Darrell-Lambert,train
1082701,Passer_domesticus/XC1082701.wav,Passer domesticus,David Darrell-Lambert,train
1082761,Passer_domesticus/XC1082761.mp3,Passer domesticus,Olivier SWIFT,test
1085988,Passer_domesticus/XC1085988.wav,Passer domesticus,Johannes Worona,train
1088279,Passer_domesticus/XC1088279.wav,Passer domesticus,Manuel Grosselet,train
1088280,Passer_domesticus/XC1088280.wav,Passer domesticus,Manuel Grosselet,val
1089317,Passer_domesticus/XC1089317.mp3,Passer domesticus,Olivier SWIFT,train
1092250,Passer_domesticus/XC1092250.mp3,Passer domesticus,"Olivier SWIFT, Hélène CARTAUD",train
1092252,Passer_domesticus/XC1092252.mp3,Passer domesticus,"Olivier SWIFT, Hélène CARTAUD",train
1103781,Passer_domesticus/XC1103781.wav,Passer domesticus,David Darrell-Lambert,train
1104607,Passer_domesticus/XC1104607.wav,Passer domesticus,Philippe_Grange,train
1136052,Passer_domesticus/XC1136052.wav,Passer domesticus,Frank Holzapfel,train
1136480,Passer_domesticus/XC1136480.mp3,Passer domesticus,Thierry THOMAS,train
1138674,Passer_domesticus/XC1138674.mp3,Passer domesticus,Olivier SWIFT,train
1145202,Passer_domesticus/XC1145202.wav,Passer domesticus,Philippe_Grange,val
1145322,Passer_domesticus/XC1145322.wav,Passer domesticus,Philippe_Grange,train
1145371,Passer_domesticus/XC1145371.wav,Passer domesticus,Philippe_Grange,train
1152144,Passer_domesticus/XC1152144.wav,Passer domesticus,Philippe_Grange,train
1152146,Passer_domesticus/XC1152146.wav,Passer domesticus,Philippe_Grange,train
1176511,Passer_domesticus/XC1176511.wav,Passer domesticus,Philippe Grange,train
1176515,Passer_domesticus/XC1176515.wav,Passer domesticus,Philippe Grange,train
1176518,Passer_domesticus/XC1176518.wav,Passer domesticus,Philippe Grange,train
1176521,Passer_domesticus/XC1176521.wav,Passer domesticus,Philippe Grange,test
1176567,Passer_domesticus/XC1176567.wav,Passer domesticus,Philippe Grange,train
1176571,Passer_domesticus/XC1176571.wav,Passer domesticus,Philippe Grange,train
1176572,Passer_domesticus/XC1176572.wav,Passer domesticus,Philippe Grange,test
1176575,Passer_domesticus/XC1176575.wav,Passer domesticus,Philippe Grange,train
1176576,Passer_domesticus/XC1176576.wav,Passer domesticus,Philippe Grange,train
1176622,Passer_domesticus/XC1176622.wav,Passer domesticus,Philippe Grange,train
1176624,Passer_domesticus/XC1176624.wav,Passer domesticus,Philippe Grange,train
551249,Phylloscopus_collybita/XC551249.mp3,Phylloscopus collybita,Lars Edenius,train
551320,Phylloscopus_collybita/XC551320.mp3,Phylloscopus collybita,Jarek Matusiak,train
557934,Phylloscopus_collybita/XC557934.mp3,Phylloscopus collybita,Ulf Elman,train
566729,Phylloscopus_collybita/XC566729.mp3,Phylloscopus collybita,Mr Mark Shorten,test
566818,Phylloscopus_collybita/XC566818.mp3,Phylloscopus collybita,Alain Malengreau,train
569340,Phylloscopus_collybita/XC569340.mp3,Phylloscopus collybita,Tanguy Loïs,train
576513,Phylloscopus_collybita/XC576513.mp3,Phylloscopus collybita,Bodo Sonnenburg,train
581926,Phylloscopus_collybita/XC581926.mp3,Phylloscopus collybita,Alain Malengreau,train
581927,Phylloscopus_collybita/XC581927.mp3,Phylloscopus collybita,Alain Malengreau,train
588203,Phylloscopus_collybita/XC588203.mp3,Phylloscopus collybita,Bodo Sonnenburg,train
589489,Phylloscopus_collybita/XC589489.mp3,Phylloscopus collybita,Thomas Bergman,test
598215,Phylloscopus_collybita/XC598215.mp3,Phylloscopus collybita,Romuald Mikusek,train
598311,Phylloscopus_collybita/XC598311.mp3,Phylloscopus collybita,Romuald Mikusek,test
598312,Phylloscopus_collybita/XC598312.mp3,Phylloscopus collybita,Romuald Mikusek,train
608206,Phylloscopus_collybita/XC608206.mp3,Phylloscopus collybita,Jarek Matusiak,train
620514,Phylloscopus_collybita/XC620514.mp3,Phylloscopus collybita,Thomas Bergman,train
626689,Phylloscopus_collybita/XC626689.mp3,Phylloscopus collybita,Marcel Gil Velasco,val
630178,Phylloscopus_collybita/XC630178.mp3,Phylloscopus collybita,Marcin Urbański,train
634414,Phylloscopus_collybita/XC634414.mp3,Phylloscopus collybita,Peter Boesman,test
635138,Phylloscopus_collybita/XC635138.mp3,Phylloscopus collybita,Susanne Kuijpers,train
635624,Phylloscopus_collybita/XC635624.mp3,Phylloscopus collybita,Bernard Collet,train
637717,Phylloscopus_collybita/XC637717.mp3,Phylloscopus collybita,Peter Boesman,train
637718,Phylloscopus_collybita/XC637718.mp3,Phylloscopus collybita,Peter Boesman,train
637719,Phylloscopus_collybita/XC637719.mp3,Phylloscopus collybita,Peter Boesman,train
639396,Phylloscopus_collybita/XC639396.mp3,Phylloscopus collybita,Elias A. Ryberg,test
639411,Phylloscopus_collybita/XC639411.mp3,Phylloscopus collybita,Elias A. Ryberg,test
640205,Phylloscopus_collybita/XC640205.mp3,Phylloscopus collybita,Albert Noorlander,train
640888,Phylloscopus_collybita/XC640888.mp3,Phylloscopus collybita,Susanne Kuijpers,train
642764,Phylloscopus_collybita/XC642764.mp3,Phylloscopus collybita,Peter Boesman,train
643725,Phylloscopus_collybita/XC643725.mp3,Phylloscopus collybita,"Olivier SWIFT, Arzhvaël JEUSSET",train
646211,Phylloscopus_collybita/XC646211.mp3,Phylloscopus collybita,Peter Boesman,test
651377,Phylloscopus_collybita/XC651377.mp3,Phylloscopus collybita,Aaron Dreißigacker,test
656913,Phylloscopus_collybita/XC656913.mp3,Phylloscopus collybita,Hans Matheve,train
657008,Phylloscopus_collybita/XC657008.mp3,Phylloscopus collybita,Kjell Wallin,train
657723,Phylloscopus_collybita/XC657723.mp3,Phylloscopus collybita,Christian Bøggild,val
664445,Phylloscopus_collybita/XC664445.mp3,Phylloscopus collybita,Yannick Jacob,train
666837,Phylloscopus_collybita/XC666837.mp3,Phylloscopus collybita,Irish Wildlife Sounds,train
672806,Phylloscopus_collybita/XC672806.mp3,Phylloscopus collybita,Lars Edenius,train
679560,Phylloscopus_collybita/XC679560.mp3,Phylloscopus collybita,Lars Edenius,train
682984,Phylloscopus_collybita/XC682984.mp3,Phylloscopus collybita,Uku Paal,test
684578,Phylloscopus_collybita/XC684578.mp3,Phylloscopus collybita,W. Agster,val
685920,Phylloscopus_collybita/XC685920.mp3,Phylloscopus collybita,W. Agster,train
686855,Phylloscopus_collybita/XC686855.mp3,Phylloscopus collybita,Niels Van Doninck,train
688966,Phylloscopus_collybita/XC688966.mp3,Phylloscopus collybita,W. Agster,train
689712,Phylloscopus_collybita/XC689712.mp3,Phylloscopus collybita,Michał Polakowski,train
692351,Phylloscopus_collybita/XC692351.mp3,Phylloscopus collybita,Stanislas Wroza,train
693995,Phylloscopus_collybita/XC693995.mp3,Phylloscopus collybita,Agris Celmins,train
696329,Phylloscopus_collybita/XC696329.mp3,Phylloscopus collybita,Dominique Guillerme,test
699408,Phylloscopus_collybita/XC699408.mp3,Phylloscopus collybita,Dominique Guillerme,val
701963,Phylloscopus_collybita/XC701963.mp3,Phylloscopus collybita,Dominique Guillerme,train
709618,Phylloscopus_collybita/XC709618.mp3,Phylloscopus collybita,SonoNatura,train
711232,Phylloscopus_collybita/XC711232.mp3,Phylloscopus collybita,Albert Noorlander,train
711569,Phylloscopus_collybita/XC711569.mp3,Phylloscopus collybita,Cureau Hervé,val
713348,Phylloscopus_collybita/XC713348.mp3,Phylloscopus collybita,SonoNatura,train
716796,Phylloscopus_collybita/XC716796.mp3,Phylloscopus collybita,Manuel Grosselet,train
718643,Phylloscopus_collybita/XC718643.mp3,Phylloscopus collybita,Uku Paal,train
722496,Phylloscopus_collybita/XC722496.mp3,Phylloscopus collybita,SonoNatura,val
725015,Phylloscopus_collybita/XC725015.mp3,Phylloscopus collybita,Lars Edenius,val
742200,Phylloscopus_collybita/XC742200.mp3,Phylloscopus collybita,Lars Edenius,train
745003,Phylloscopus_collybita/XC745003.mp3,Phylloscopus collybita,Gianluca Congi,train
746804,Phylloscopus_collybita/XC746804.mp3,Phylloscopus collybita,Bodo Sonnenburg,train
750898,Phylloscopus_collybita/XC750898.mp3,Phylloscopus collybita,Geoff Carey,train
751194,Phylloscopus_collybita/XC751194.mp3,Phylloscopus collybita,Lars Edenius,val
753497,Phylloscopus_collybita/XC753497.mp3,Phylloscopus collybita,Lars Edenius,train
757857,Phylloscopus_collybita/XC757857.mp3,Phylloscopus collybita,Allistair Fresse,train
763966,Phylloscopus_collybita/XC763966.mp3,Phylloscopus collybita,Ulf Elman,train
769986,Phylloscopus_collybita/XC769986.mp3,Phylloscopus collybita,Michel Veldt,train
780204,Phylloscopus_collybita/XC780204.mp3,Phylloscopus collybita,Giuseppe Platania,train
792090,Phylloscopus_collybita/XC792090.mp3,Phylloscopus collybita,Lars Edenius,val
793603,Phylloscopus_collybita/XC793603.wav,Phylloscopus collybita,Johannes Dag Mayer,train
794154,Phylloscopus_collybita/XC794154.mp3,Phylloscopus collybita,Susanne Kuijpers,test
795697,Phylloscopus_collybita/XC795697.mp3,Phylloscopus collybita,Bodo Sonnenburg,train
795700,Phylloscopus_collybita/XC795700.wav,Phylloscopus collybita,Alan Dalton,train
796231,Phylloscopus_collybita/XC796231.mp3,Phylloscopus collybita,Lars Edenius,train
796635,Phylloscopus_collybita/XC796635.mp3,Phylloscopus collybita,Niels Van Doninck,train
798262,Phylloscopus_collybita/XC798262.mp3,Phylloscopus collybita,Lars Edenius,train
798557,Phylloscopus_collybita/XC798557.mp3,Phylloscopus collybita,Lars Edenius,train
799031,Phylloscopus_collybita/XC799031.mp3,Phylloscopus collybita,Lars Edenius,train
800944,Phylloscopus_collybita/XC800944.mp3,Phylloscopus collybita,Lars Edenius,val
805160,Phylloscopus_collybita/XC805160.mp3,Phylloscopus collybita,Lars Edenius,test
807054,Phylloscopus_collybita/XC807054.mp3,Phylloscopus collybita,Dominique Guillerme,train
810330,Phylloscopus_collybita/XC810330.mp3,Phylloscopus collybita,Dries Van de Loock,train
815981,Phylloscopus_collybita/XC815981.mp3,Phylloscopus collybita,Lars Edenius,val
816614,Phylloscopus_collybita/XC816614.mp3,Phylloscopus collybita,Lars Edenius,train
817425,Phylloscopus_collybita/XC817425.mp3,Phylloscopus collybita,Bram Piot,train
817741,Phylloscopus_collybita/XC817741.mp3,Phylloscopus collybita,Lars Edenius,train
817745,Phylloscopus_collybita/XC817745.mp3,Phylloscopus collybita,Lars Edenius,val
817755,Phylloscopus_collybita/XC817755.mp3,Phylloscopus collybita,Lars Edenius,train
823017,Phylloscopus_collybita/XC823017.mp3,Phylloscopus collybita,Dominique Guillerme,train
841247,Phylloscopus_collybita/XC841247.mp3,Phylloscopus collybita,Ulf Elman,train
841905,Phylloscopus_collybita/XC841905.mp3,Phylloscopus collybita,Ulf Elman,train
854805,Phylloscopus_collybita/XC854805.mp3,Phylloscopus collybita,FREDERIC Lionel,train
855120,Phylloscopus_collybita/XC855120.wav,Phylloscopus collybita,Vilhelm Fagerström,train
861648,Phylloscopus_collybita/XC861648.mp3,Phylloscopus collybita,Giuseppe Platania,test
879588,Phylloscopus_collybita/XC879588.mp3,Phylloscopus collybita,Susanne Kuijpers,train
884599,Phylloscopus_collybita/XC884599.wav,Phylloscopus collybita,David Bissett,test
892660,Phylloscopus_collybita/XC892660.mp3,Phylloscopus collybita,Olivier SWIFT,test
895095,Phylloscopus_collybita/XC895095.wav,Phylloscopus collybita,Martin Billard,val
899014,Phylloscopus_collybita/XC899014.mp3,Phylloscopus collybita,Olivier SWIFT,train
899015,Phylloscopus_collybita/XC899015.mp3,Phylloscopus collybita,Olivier SWIFT,train
899022,Phylloscopus_collybita/XC899022.mp3,Phylloscopus collybita,Olivier SWIFT,train
900489,Phylloscopus_collybita/XC900489.mp3,Phylloscopus collybita,Lars Edenius,val
900490,Phylloscopus_collybita/XC900490.mp3,Phylloscopus collybita,Lars Edenius,train
900492,Phylloscopus_collybita/XC900492.mp3,Phylloscopus collybita,Lars Edenius,train
903749,Phylloscopus_collybita/XC903749.mp3,Phylloscopus collybita,Lars Edenius,train
904320,Phylloscopus_collybita/XC904320.wav,Phylloscopus collybita,Martin Billard,train
908594,Phylloscopus_collybita/XC908594.wav,Phylloscopus collybita,Martin Billard,train
921071,Phylloscopus_collybita/XC921071.mp3,Phylloscopus collybita,Lars Edenius,train
926126,Phylloscopus_collybita/XC926126.mp3,Phylloscopus collybita,Lars Edenius,train
929852,Phylloscopus_collybita/XC929852.mp3,Phylloscopus collybita,Bram Piot,train
930154,Phylloscopus_collybita/XC930154.mp3,Phylloscopus collybita,Lars Edenius,train
931891,Phylloscopus_collybita/XC931891.mp3,Phylloscopus collybita,Dag Österlund,train
931943,Phylloscopus_collybita/XC931943.wav,Phylloscopus collybita,Stanislas Wroza,test
932113,Phylloscopus_collybita/XC932113.mp3,Phylloscopus collybita,Lars Edenius,test
932767,Phylloscopus_collybita/XC932767.mp3,Phylloscopus collybita,Marcus Östman,val
933324,Phylloscopus_collybita/XC933324.wav,Phylloscopus collybita,Martin Billard,val
942689,Phylloscopus_collybita/XC942689.mp3,Phylloscopus collybita,Joachim Pintens,train
978524,Phylloscopus_collybita/XC978524.mp3,Phylloscopus collybita,Vincent Pourchaire,val
982596,Phylloscopus_collybita/XC982596.mp3,Phylloscopus collybita,Francesco Sottile,train
982605,Phylloscopus_collybita/XC982605.mp3,Phylloscopus collybita,Francesco Sottile,train
988039,Phylloscopus_collybita/XC988039.wav,Phylloscopus collybita,Arend Wassink,train
989756,Phylloscopus_collybita/XC989756.mp3,Phylloscopus collybita,Jarek Matusiak,val
991171,Phylloscopus_collybita/XC991171.mp3,Phylloscopus collybita,Olivier SWIFT,train
991172,Phylloscopus_collybita/XC991172.mp3,Phylloscopus collybita,Olivier SWIFT,train
992402,Phylloscopus_collybita/XC992402.mp3,Phylloscopus collybita,"Olivier SWIFT, Hélène CARTAUD",train
993931,Phylloscopus_collybita/XC993931.mp3,Phylloscopus collybita,Taras Vykhovanets,train
994607,Phylloscopus_collybita/XC994607.wav,Phylloscopus collybita,João Tomás,test
1010669,Phylloscopus_collybita/XC1010669.mp3,Phylloscopus collybita,Lars Edenius,train
1031004,Phylloscopus_collybita/XC1031004.wav,Phylloscopus collybita,Jorge Leitão,train
1033984,Phylloscopus_collybita/XC1033984.wav,Phylloscopus collybita,Leons Mathew Abraham,train
1035832,Phylloscopus_collybita/XC1035832.mp3,Phylloscopus collybita,Miika Silfverberg,test
1048070,Phylloscopus_collybita/XC1048070.mp3,Phylloscopus collybita,Thierry THOMAS,train
1053323,Phylloscopus_collybita/XC1053323.mp3,Phylloscopus collybita,Jacobo Ramil Millarengo,train
1055979,Phylloscopus_collybita/XC1055979.wav,Phylloscopus collybita,João Tomás,test
1071008,Phylloscopus_collybita/XC1071008.mp3,Phylloscopus collybita,Jacobo Ramil Millarengo,train
1082802,Phylloscopus_collybita/XC1082802.mp3,Phylloscopus collybita,Olivier SWIFT,train
1084521,Phylloscopus_collybita/XC1084521.wav,Phylloscopus collybita,João Tomás,test
1085465,Phylloscopus_collybita/XC1085465.mp3,Phylloscopus collybita,Timo Roeke,train
1090502,Phylloscopus_collybita/XC1090502.wav,Phylloscopus collybita,David Darrell-Lambert,train
1092391,Phylloscopus_collybita/XC1092391.wav,Phylloscopus collybita,Kalle Nibbenhagen,train
1097613,Phylloscopus_collybita/XC1097613.wav,Phylloscopus collybita,João Ferreira Tomás,val
1101445,Phylloscopus_collybita/XC1101445.wav,Phylloscopus collybita,Petter Westberg,train
1103429,Phylloscopus_collybita/XC1103429.wav,Phylloscopus collybita,Jens Schöller,val
1140291,Phylloscopus_collybita/XC1140291.wav,Phylloscopus collybita,Walter Wallner,val
1146924,Phylloscopus_collybita/XC1146924.wav,Phylloscopus collybita,Manuel Grosselet,train
1148639,Phylloscopus_collybita/XC1148639.wav,Phylloscopus collybita,Manuel Grosselet,val
1151363,Phylloscopus_collybita/XC1151363.mp3,Phylloscopus collybita,Lars Edenius,test
1155136,Phylloscopus_collybita/XC1155136.wav,Phylloscopus collybita,Manuel Grosselet,test
1155140,Phylloscopus_collybita/XC1155140.wav,Phylloscopus collybita,Manuel Grosselet - Olivier Swift,train
1163262,Phylloscopus_collybita/XC1163262.mp3,Phylloscopus collybita,Lars Edenius,train
112399,Pica_pica/XC112399.mp3,Pica pica,Jarek Matusiak,val
118509,Pica_pica/XC118509.mp3,Pica pica,Marco Dragonetti,train
144944,Pica_pica/XC144944.mp3,Pica pica,Marco Dragonetti,train
148889,Pica_pica/XC148889.mp3,Pica pica,Stein Ø. Nilsen,train
150099,Pica_pica/XC150099.mp3,Pica pica,Arend Wassink,train
153820,Pica_pica/XC153820.mp3,Pica pica,Fernand DEROUSSEN,test
160899,Pica_pica/XC160899.mp3,Pica pica,Marco Dragonetti,train
162527,Pica_pica/XC162527.mp3,Pica pica,Patrick Franke,train
183410,Pica_pica/XC183410.mp3,Pica pica,Marc Anderson,test
183412,Pica_pica/XC183412.mp3,Pica pica,Marc Anderson,test
197165,Pica_pica/XC197165.mp3,Pica pica,Patrik Åberg,train
209296,Pica_pica/XC209296.mp3,Pica pica,Stein Ø. Nilsen,train
213777,Pica_pica/XC213777.mp3,Pica pica,Jarek Matusiak,train
252628,Pica_pica/XC252628.mp3,Pica pica,Matthias Feuersenger,train
281710,Pica_pica/XC281710.mp3,Pica pica,Peter Boesman,train
291815,Pica_pica/XC291815.mp3,Pica pica,José Carlos Sires,train
320837,Pica_pica/XC320837.mp3,Pica pica,Timo Schnabel,test
320861,Pica_pica/XC320861.mp3,Pica pica,Timo Schnabel,test
341355,Pica_pica/XC341355.mp3,Pica pica,Joost van Bruggen,train
344219,Pica_pica/XC344219.mp3,Pica pica,Olivier SWIFT,test
348293,Pica_pica/XC348293.mp3,Pica pica,Tero Linjama,val
356847,Pica_pica/XC356847.mp3,Pica pica,Jack Berteau,test
371950,Pica_pica/XC371950.mp3,Pica pica,Lars Edenius,train
373849,Pica_pica/XC373849.mp3,Pica pica,Manuel Grosselet,train
375021,Pica_pica/XC375021.mp3,Pica pica,Albert Lastukhin,train
379844,Pica_pica/XC379844.mp3,Pica pica,Marco Dragonetti,train
381815,Pica_pica/XC381815.mp3,Pica pica,Jerome Fischer,train
382729,Pica_pica/XC382729.mp3,Pica pica,Lars Edenius,train
408488,Pica_pica/XC408488.mp3,Pica pica,Guido O. Keijl,train
436997,Pica_pica/XC436997.mp3,Pica pica,Aladdin,train
451066,Pica_pica/XC451066.mp3,Pica pica,Elias A. Ryberg,train
451095,Pica_pica/XC451095.mp3,Pica pica,Elias A. Ryberg,val
451138,Pica_pica/XC451138.mp3,Pica pica,Elias A. Ryberg,val
452123,Pica_pica/XC452123.mp3,Pica pica,Elias A. Ryberg,train
452544,Pica_pica/XC452544.mp3,Pica pica,Elias A. Ryberg,train
457593,Pica_pica/XC457593.mp3,Pica pica,Lars Edenius,train
465502,Pica_pica/XC465502.mp3,Pica pica,Stein Ø. Nilsen,train
473317,Pica_pica/XC473317.mp3,Pica pica,Alain Verneau,train
484010,Pica_pica/XC484010.mp3,Pica pica,Jérémy Simar,train
508640,Pica_pica/XC508640.mp3,Pica pica,Lars Edenius,train
521613,Pica_pica/XC521613.mp3,Pica pica,Sean Ronayne,train
522195,Pica_pica/XC522195.mp3,Pica pica,Stanislas Wroza,val
530391,Pica_pica/XC530391.mp3,Pica pica,Lars Edenius,train
532224,Pica_pica/XC532224.mp3,Pica pica,Fernand Deroussen,train
539263,Pica_pica/XC539263.mp3,Pica pica,Jordi Calvet,train
539791,Pica_pica/XC539791.mp3,Pica pica,Lars Edenius,train
545632,Pica_pica/XC545632.mp3,Pica pica,Sławomir Karpicki-Ignatowski,train
547844,Pica_pica/XC547844.mp3,Pica pica,Andrew Spencer,test
547845,Pica_pica/XC547845.mp3,Pica pica,Andrew Spencer,val
552044,Pica_pica/XC552044.mp3,Pica pica,Lars Edenius,test
568124,Pica_pica/XC568124.mp3,Pica pica,Lars Edenius,test
569552,Pica_pica/XC569552.mp3,Pica pica,Olivier SWIFT,test
592289,Pica_pica/XC592289.mp3,Pica pica,Olivier SWIFT,train
592290,Pica_pica/XC592290.mp3,Pica pica,Olivier SWIFT,train
599983,Pica_pica/XC599983.mp3,Pica pica,Simon Elliott,test
606312,Pica_pica/XC606312.mp3,Pica pica,Niels Van Doninck,train
606313,Pica_pica/XC606313.mp3,Pica pica,Niels Van Doninck,train
606314,Pica_pica/XC606314.mp3,Pica pica,Niels Van Doninck,train
606315,Pica_pica/XC606315.mp3,Pica pica,Niels Van Doninck,train
606316,Pica_pica/XC606316.mp3,Pica pica,Niels Van Doninck,train
619726,Pica_pica/XC619726.mp3,Pica pica,Lars Edenius,train
619921,Pica_pica/XC619921.mp3,Pica pica,Lars Edenius,train
620515,Pica_pica/XC620515.mp3,Pica pica,Jarek Matusiak,val
620519,Pica_pica/XC620519.mp3,Pica pica,Jarek Matusiak,train
620522,Pica_pica/XC620522.mp3,Pica pica,Jarek Matusiak,train
620524,Pica_pica/XC620524.mp3,Pica pica,Jarek Matusiak,test
625139,Pica_pica/XC625139.mp3,Pica pica,Susanne Kuijpers,train
630301,Pica_pica/XC630301.mp3,Pica pica,Susanne Kuijpers,test
635435,Pica_pica/XC635435.mp3,Pica pica,Susanne Kuijpers,val
653267,Pica_pica/XC653267.mp3,Pica pica,Agris Celmins,train
654549,Pica_pica/XC654549.mp3,Pica pica,Susanne Kuijpers,train
667559,Pica_pica/XC667559.mp3,Pica pica,Frode Falkenberg,train
683576,Pica_pica/XC683576.mp3,Pica pica,Lars Edenius,train
685095,Pica_pica/XC685095.mp3,Pica pica,Lars Edenius,train
692609,Pica_pica/XC692609.mp3,Pica pica,Nicolas Martinez,train
706330,Pica_pica/XC706330.mp3,Pica pica,Susanne Kuijpers,train
707823,Pica_pica/XC707823.mp3,Pica pica,Hannu Varkki,train
728984,Pica_pica/XC728984.mp3,Pica pica,Olivier SWIFT,val
733992,Pica_pica/XC733992.mp3,Pica pica,Hannu Varkki,test
737126,Pica_pica/XC737126.mp3,Pica pica,Johannes Worona,test
738655,Pica_pica/XC738655.mp3,Pica pica,Johannes Worona,train
748434,Pica_pica/XC748434.mp3,Pica pica,Johannes Worona,val
749486,Pica_pica/XC749486.mp3,Pica pica,Irish Wildlife Sounds,train
772759,Pica_pica/XC772759.wav,Pica pica,Jocce Ekstrom,train
784206,Pica_pica/XC784206.wav,Pica pica,Alan Dalton,train
787102,Pica_pica/XC787102.mp3,Pica pica,Susanne Kuijpers,val
793066,Pica_pica/XC793066.wav,Pica pica,Stanislas Wroza,train
795789,Pica_pica/XC795789.wav,Pica pica,Stanislas Wroza,test
802328,Pica_pica/XC802328.mp3,Pica pica,Susanne Kuijpers,train
805776,Pica_pica/XC805776.wav,Pica pica,Joost van Bruggen,train
809073,Pica_pica/XC809073.wav,Pica pica,Martin Billard,train
809554,Pica_pica/XC809554.wav,Pica pica,Johannes Worona,val
814637,Pica_pica/XC814637.mp3,Pica pica,Uku Paal,train
828802,Pica_pica/XC828802.mp3,Pica pica,Bodo Sonnenburg,train
838032,Pica_pica/XC838032.wav,Pica pica,Johannes Dag Mayer,train
838989,Pica_pica/XC838989.wav,Pica pica,Grégoire Chauvot,train
841414,Pica_pica/XC841414.wav,Pica pica,Johannes Dag Mayer,train
855426,Pica_pica/XC855426.mp3,Pica pica,Wim Jacobs,train
855677,Pica_pica/XC855677.mp3,Pica pica,Wim Jacobs,train
858300,Pica_pica/XC858300.wav,Pica pica,Manuel Grosselet,train
861760,Pica_pica/XC861760.wav,Pica pica,David Bissett,train
863515,Pica_pica/XC863515.wav,Pica pica,Paul Kelly,val
879895,Pica_pica/XC879895.mp3,Pica pica,Susanne Kuijpers,val
911116,Pica_pica/XC911116.mp3,Pica pica,Molly Bell,train
915604,Pica_pica/XC915604.wav,Pica pica,Karim Haddad,train
915675,Pica_pica/XC915675.wav,Pica pica,Frank Holzapfel,train
926708,Pica_pica/XC926708.wav,Pica pica,Johannes Worona,train
930593,Pica_pica/XC930593.mp3,Pica pica,Esperanza Poveda,val
932925,Pica_pica/XC932925.wav,Pica pica,Johannes Dag Mayer,train
938109,Pica_pica/XC938109.wav,Pica pica,João Tomás,train
938125,Pica_pica/XC938125.wav,Pica pica,João Tomás,train
947563,Pica_pica/XC947563.mp3,Pica pica,Joost van Bruggen,train
952664,Pica_pica/XC952664.wav,Pica pica,Johannes Worona,train
955958,Pica_pica/XC955958.wav,Pica pica,Mark Plummer,val
959547,Pica_pica/XC959547.wav,Pica pica,David Darrell-Lambert,train
974516,Pica_pica/XC974516.wav,Pica pica,Johannes Worona,test
987312,Pica_pica/XC987312.wav,Pica pica,SonoNatura,train
988192,Pica_pica/XC988192.mp3,Pica pica,Catalin Ionescu,train
999017,Pica_pica/XC999017.wav,Pica pica,David Bissett,train
999018,Pica_pica/XC999018.wav,Pica pica,David Bissett,train
1005027,Pica_pica/XC1005027.wav,Pica pica,Manuel Grosselet,train
1031048,Pica_pica/XC1031048.wav,Pica pica,Manuel Grosselet,train
1034267,Pica_pica/XC1034267.wav,Pica pica,Frank Holzapfel,train
1039731,Pica_pica/XC1039731.wav,Pica pica,Johannes Worona,val
1042768,Pica_pica/XC1042768.wav,Pica pica,Sonothèque ADVL,train
1059919,Pica_pica/XC1059919.wav,Pica pica,Mark Plummer,train
1070764,Pica_pica/XC1070764.mp3,Pica pica,Jelle Scharringa,train
1071574,Pica_pica/XC1071574.mp3,Pica pica,Esperanza Poveda,val
1084550,Pica_pica/XC1084550.wav,Pica pica,Johannes Worona,train
1096517,Pica_pica/XC1096517.wav,Pica pica,Johannes Worona,val
1134917,Pica_pica/XC1134917.wav,Pica pica,Stanislas Wroza,val
1137426,Pica_pica/XC1137426.mp3,Pica pica,Ding Li Yong,train
1148526,Pica_pica/XC1148526.wav,Pica pica,Philippe_Grange,val
1155355,Pica_pica/XC1155355.wav,Pica pica,András Schmidt,train
1166966,Pica_pica/XC1166966.wav,Pica pica,Johannes Worona,train
1166968,Pica_pica/XC1166968.wav,Pica pica,Johannes Worona,test
1166969,Pica_pica/XC1166969.wav,Pica pica,Johannes Worona,train
1166973,Pica_pica/XC1166973.wav,Pica pica,Johannes Worona,test
1167007,Pica_pica/XC1167007.wav,Pica pica,Johannes Worona,train
1167350,Pica_pica/XC1167350.wav,Pica pica,Stanislas Wroza,test
1167351,Pica_pica/XC1167351.wav,Pica pica,Stanislas Wroza,val
1167363,Pica_pica/XC1167363.wav,Pica pica,Stanislas Wroza,train
1169779,Pica_pica/XC1169779.mp3,Pica pica,Esperanza Poveda,test
1170034,Pica_pica/XC1170034.mp3,Pica pica,Taras Vykhovanets,test
1170153,Pica_pica/XC1170153.mp3,Pica pica,András Schmidt,train
1175687,Pica_pica/XC1175687.wav,Pica pica,Clément Bruneau,train
1175997,Pica_pica/XC1175997.mp3,Pica pica,Sonothèque ADVL,train
1176239,Pica_pica/XC1176239.mp3,Pica pica,András Schmidt,train
1176538,Pica_pica/XC1176538.mp3,Pica pica,András Schmidt,train
1176691,Pica_pica/XC1176691.wav,Pica pica,Johannes Worona,train
40842,Picus_viridis/XC40842.mp3,Picus viridis,Jarek Matusiak,test
64714,Picus_viridis/XC64714.mp3,Picus viridis,Patrik Åberg,val
64715,Picus_viridis/XC64715.mp3,Picus viridis,Patrik Åberg,train
118060,Picus_viridis/XC118060.mp3,Picus viridis,Buhl Johannes,train
120127,Picus_viridis/XC120127.mp3,Picus viridis,Jarek Matusiak,train
130654,Picus_viridis/XC130654.mp3,Picus viridis,maudoc,train
148646,Picus_viridis/XC148646.mp3,Picus viridis,Jarek Matusiak,train
149912,Picus_viridis/XC149912.mp3,Picus viridis,Elias A. Ryberg,test
150367,Picus_viridis/XC150367.mp3,Picus viridis,Elias A. Ryberg,train
150368,Picus_viridis/XC150368.mp3,Picus viridis,Elias A. Ryberg,train
151255,Picus_viridis/XC151255.mp3,Picus viridis,Elias A. Ryberg,train
152229,Picus_viridis/XC152229.mp3,Picus viridis,Elias A. Ryberg,train
153131,Picus_viridis/XC153131.mp3,Picus viridis,Patrik Åberg,train
168569,Picus_viridis/XC168569.mp3,Picus viridis,Herman van der Meer,train
168571,Picus_viridis/XC168571.mp3,Picus viridis,Herman van der Meer,train
176278,Picus_viridis/XC176278.mp3,Picus viridis,Dawid Jablonski,train
237245,Picus_viridis/XC237245.mp3,Picus viridis,Terje Kolaas,test
281264,Picus_viridis/XC281264.mp3,Picus viridis,Peter Boesman,test
281269,Picus_viridis/XC281269.mp3,Picus viridis,Peter Boesman,train
298593,Picus_viridis/XC298593.mp3,Picus viridis,Timo Schnabel,train
310591,Picus_viridis/XC310591.mp3,Picus viridis,Patrik Åberg,val
310596,Picus_viridis/XC310596.mp3,Picus viridis,Patrik Åberg,val
324357,Picus_viridis/XC324357.mp3,Picus viridis,Terje Kolaas,train
324358,Picus_viridis/XC324358.mp3,Picus viridis,Terje Kolaas,train
343374,Picus_viridis/XC343374.mp3,Picus viridis,Patrik Åberg,train
357706,Picus_viridis/XC357706.mp3,Picus viridis,Sonnenburg,train
363304,Picus_viridis/XC363304.mp3,Picus viridis,Timo Schnabel,train
370696,Picus_viridis/XC370696.mp3,Picus viridis,brickegickel,train
405040,Picus_viridis/XC405040.mp3,Picus viridis,Jarek Matusiak,train
425163,Picus_viridis/XC425163.mp3,Picus viridis,Sonnenburg,val
439451,Picus_viridis/XC439451.mp3,Picus viridis,Elias A. Ryberg,train
439977,Picus_viridis/XC439977.mp3,Picus viridis,Elias A. Ryberg,train
439978,Picus_viridis/XC439978.mp3,Picus viridis,Elias A. Ryberg,val
442293,Picus_viridis/XC442293.mp3,Picus viridis,Michele Viganò,train
448252,Picus_viridis/XC448252.mp3,Picus viridis,Patrik Åberg,train
501199,Picus_viridis/XC501199.mp3,Picus viridis,Twan Mols,train
517420,Picus_viridis/XC517420.mp3,Picus viridis,Thomas Bergman,train
525877,Picus_viridis/XC525877.mp3,Picus viridis,Bodo Sonnenburg,train
531131,Picus_viridis/XC531131.mp3,Picus viridis,Bodo Sonnenburg,train
536030,Picus_viridis/XC536030.mp3,Picus viridis,Jarek Matusiak,train
541035,Picus_viridis/XC541035.mp3,Picus viridis,W. Agster,train
541583,Picus_viridis/XC541583.mp3,Picus viridis,Stanislas Wroza,train
544416,Picus_viridis/XC544416.mp3,Picus viridis,Jarek Matusiak,train
586259,Picus_viridis/XC586259.mp3,Picus viridis,W. Agster,train
590265,Picus_viridis/XC590265.mp3,Picus viridis,Jarek Matusiak,val
590269,Picus_viridis/XC590269.mp3,Picus viridis,Jarek Matusiak,val
621898,Picus_viridis/XC621898.mp3,Picus viridis,Twan Mols,test
625305,Picus_viridis/XC625305.mp3,Picus viridis,Bodo Sonnenburg,train
631059,Picus_viridis/XC631059.mp3,Picus viridis,Timo Roeke,val
636551,Picus_viridis/XC636551.mp3,Picus viridis,Christian Bøggild,test
667556,Picus_viridis/XC667556.mp3,Picus viridis,Frode Falkenberg,train
679391,Picus_viridis/XC679391.mp3,Picus viridis,Lisette,test
695137,Picus_viridis/XC695137.mp3,Picus viridis,Dominique Guillerme,train
731999,Picus_viridis/XC731999.mp3,Picus viridis,Marc Anderson,train
745427,Picus_viridis/XC745427.mp3,Picus viridis,Lars Edenius,val
748998,Picus_viridis/XC748998.mp3,Picus viridis,Cedric Mroczko,train
833650,Picus_viridis/XC833650.mp3,Picus viridis,Alain Malengreau,val
837414,Picus_viridis/XC837414.mp3,Picus viridis,Jack Berteau,train
844169,Picus_viridis/XC844169.mp3,Picus viridis,FREDERIC Lionel,train
844211,Picus_viridis/XC844211.mp3,Picus viridis,Thierry THOMAS,train
882026,Picus_viridis/XC882026.mp3,Picus viridis,Jean Pierre Sciolla,train
913320,Picus_viridis/XC913320.wav,Picus viridis,Martin Billard,train
923260,Picus_viridis/XC923260.mp3,Picus viridis,Ulf Elman,val
927450,Picus_viridis/XC927450.wav,Picus viridis,Martin Billard,train
928593,Picus_viridis/XC928593.mp3,Picus viridis,Ulf Elman,train
938504,Picus_viridis/XC938504.mp3,Picus viridis,Ulf Elman,train
947568,Picus_viridis/XC947568.mp3,Picus viridis,Joost van Bruggen,train
951565,Picus_viridis/XC951565.mp3,Picus viridis,Jarek Matusiak,test
976079,Picus_viridis/XC976079.wav,Picus viridis,Hans Matheve,train
976587,Picus_viridis/XC976587.wav,Picus viridis,Anders Westman,train
1060343,Picus_viridis/XC1060343.wav,Picus viridis,David Darrell-Lambert,train
1060344,Picus_viridis/XC1060344.wav,Picus viridis,David Darrell-Lambert,val
1060347,Picus_viridis/XC1060347.wav,Picus viridis,David Darrell-Lambert,train
1060941,Picus_viridis/XC1060941.wav,Picus viridis,David Darrell-Lambert,train
1060943,Picus_viridis/XC1060943.wav,Picus viridis,David Darrell-Lambert,train
1060944,Picus_viridis/XC1060944.wav,Picus viridis,David Darrell-Lambert,train
1060945,Picus_viridis/XC1060945.wav,Picus viridis,David Darrell-Lambert,test
1060946,Picus_viridis/XC1060946.wav,Picus viridis,David Darrell-Lambert,test
1060947,Picus_viridis/XC1060947.wav,Picus viridis,David Darrell-Lambert,val
1065012,Picus_viridis/XC1065012.mp3,Picus viridis,Filippo Ceccolini,train
1072393,Picus_viridis/XC1072393.wav,Picus viridis,Lionel FREDERIC,train
1073087,Picus_viridis/XC1073087.wav,Picus viridis,Alex Lin-Moore,test
1075357,Picus_viridis/XC1075357.wav,Picus viridis,Denis Dujardin,train
1075720,Picus_viridis/XC1075720.wav,Picus viridis,Lars Lachmann,train
1080922,Picus_viridis/XC1080922.wav,Picus viridis,WINDELS Martin,train
1082067,Picus_viridis/XC1082067.wav,Picus viridis,Tiziano Beretti,train
1082812,Picus_viridis/XC1082812.mp3,Picus viridis,Olivier SWIFT,test
1082813,Picus_viridis/XC1082813.mp3,Picus viridis,Olivier SWIFT,test
1084520,Picus_viridis/XC1084520.wav,Picus viridis,Norman Schiwora,train
1085580,Picus_viridis/XC1085580.wav,Picus viridis,Petter Westberg,test
1086337,Picus_viridis/XC1086337.wav,Picus viridis,Mark Plummer,val
1086852,Picus_viridis/XC1086852.wav,Picus viridis,Mark Plummer,train
1087944,Picus_viridis/XC1087944.mp3,Picus viridis,Thierry THOMAS,val
1090609,Picus_viridis/XC1090609.wav,Picus viridis,Morgan Demus,test
1091310,Picus_viridis/XC1091310.mp3,Picus viridis,Daniel Hedenbo,train
1091803,Picus_viridis/XC1091803.wav,Picus viridis,Tiziano Beretti,train
1093544,Picus_viridis/XC1093544.wav,Picus viridis,Clement Bruneau,test
1096730,Picus_viridis/XC1096730.wav,Picus viridis,Norman Schiwora,train
1096744,Picus_viridis/XC1096744.wav,Picus viridis,Norman Schiwora,train
1097054,Picus_viridis/XC1097054.wav,Picus viridis,Norman Schiwora,val
1097055,Picus_viridis/XC1097055.wav,Picus viridis,Norman Schiwora,train
1097101,Picus_viridis/XC1097101.wav,Picus viridis,Norman Schiwora,test
1097294,Picus_viridis/XC1097294.wav,Picus viridis,Norman Schiwora,train
1097383,Picus_viridis/XC1097383.wav,Picus viridis,Norman Schiwora,train
1098619,Picus_viridis/XC1098619.wav,Picus viridis,Dimitri,train
1101840,Picus_viridis/XC1101840.wav,Picus viridis,Paul Driver,train
1103664,Picus_viridis/XC1103664.wav,Picus viridis,Dimitri,test
1104368,Picus_viridis/XC1104368.wav,Picus viridis,Cedric Mroczko,train
1104377,Picus_viridis/XC1104377.mp3,Picus viridis,Romuald Mikusek,val
1104385,Picus_viridis/XC1104385.wav,Picus viridis,Cedric Mroczko,train
1104391,Picus_viridis/XC1104391.wav,Picus viridis,Cedric Mroczko,val
1105027,Picus_viridis/XC1105027.wav,Picus viridis,Cedric Mroczko,train
1105464,Picus_viridis/XC1105464.wav,Picus viridis,Cedric Mroczko,train
1105674,Picus_viridis/XC1105674.wav,Picus viridis,Walter Wallner,test
1105944,Picus_viridis/XC1105944.mp3,Picus viridis,Ian Roberts,val
1106057,Picus_viridis/XC1106057.wav,Picus viridis,Cedric Mroczko,test
1106292,Picus_viridis/XC1106292.wav,Picus viridis,Cedric Mroczko,train
1107139,Picus_viridis/XC1107139.wav,Picus viridis,Christian Kerihuel,train
1120063,Picus_viridis/XC1120063.wav,Picus viridis,Walter Wallner,train
1120179,Picus_viridis/XC1120179.wav,Picus viridis,David Darrell-Lambert,train
1120181,Picus_viridis/XC1120181.wav,Picus viridis,David Darrell-Lambert,train
1133242,Picus_viridis/XC1133242.wav,Picus viridis,Walter Wallner,test
1135312,Picus_viridis/XC1135312.wav,Picus viridis,Simon Gillings,val
1139426,Picus_viridis/XC1139426.wav,Picus viridis,Walter Wallner,train
1142001,Picus_viridis/XC1142001.wav,Picus viridis,Grzegorz Lorek,train
1142772,Picus_viridis/XC1142772.wav,Picus viridis,Grzegorz Lorek,train
1144821,Picus_viridis/XC1144821.wav,Picus viridis,Walter Wallner,test
1152745,Picus_viridis/XC1152745.wav,Picus viridis,Cedric Mroczko,train
1152894,Picus_viridis/XC1152894.wav,Picus viridis,Cedric Mroczko,val
1153069,Picus_viridis/XC1153069.wav,Picus viridis,Arjun Dutta,train
1153070,Picus_viridis/XC1153070.wav,Picus viridis,Arjun Dutta,train
1153153,Picus_viridis/XC1153153.wav,Picus viridis,Cedric Mroczko,train
1153613,Picus_viridis/XC1153613.mp3,Picus viridis,Magnus Hallgren,train
1153833,Picus_viridis/XC1153833.wav,Picus viridis,Walter Wallner,test
1153850,Picus_viridis/XC1153850.wav,Picus viridis,Lionel FREDERIC,train
1154095,Picus_viridis/XC1154095.wav,Picus viridis,Arjun Dutta,train
1154512,Picus_viridis/XC1154512.wav,Picus viridis,VitoniX,train
1156683,Picus_viridis/XC1156683.wav,Picus viridis,Morgan Demus,train
1157537,Picus_viridis/XC1157537.wav,Picus viridis,Morgan Demus,train
1161197,Picus_viridis/XC1161197.wav,Picus viridis,Clement Bruneau,train
1161216,Picus_viridis/XC1161216.mp3,Picus viridis,Bram Piot,train
1162647,Picus_viridis/XC1162647.mp3,Picus viridis,Sidney Martin,val
1162858,Picus_viridis/XC1162858.mp3,Picus viridis,Sidney Martin,train
1163604,Picus_viridis/XC1163604.wav,Picus viridis,Dimitri,train
1164331,Picus_viridis/XC1164331.wav,Picus viridis,Zsombor Károlyi,train
1164332,Picus_viridis/XC1164332.wav,Picus viridis,Zsombor Károlyi,train
1166192,Picus_viridis/XC1166192.wav,Picus viridis,François Guibert,train
1166195,Picus_viridis/XC1166195.wav,Picus viridis,Ulf Elman,train
1166196,Picus_viridis/XC1166196.wav,Picus viridis,Ulf Elman,train
1176682,Picus_viridis/XC1176682.wav,Picus viridis,François Guibert,train
41262,Regulus_regulus/XC41262.mp3,Regulus regulus,Jarek Matusiak,test
44357,Regulus_regulus/XC44357.mp3,Regulus regulus,Jarek Matusiak,train
111779,Regulus_regulus/XC111779.mp3,Regulus regulus,Jarek Matusiak,train
129192,Regulus_regulus/XC129192.mp3,Regulus regulus,Jarek Matusiak,train
132585,Regulus_regulus/XC132585.mp3,Regulus regulus,Jarek Matusiak,train
142806,Regulus_regulus/XC142806.mp3,Regulus regulus,Erik Roels,train
145664,Regulus_regulus/XC145664.mp3,Regulus regulus,Elias A. Ryberg,val
151105,Regulus_regulus/XC151105.mp3,Regulus regulus,Jarek Matusiak,test
270193,Regulus_regulus/XC270193.mp3,Regulus regulus,Peter Boesman,train
281600,Regulus_regulus/XC281600.mp3,Regulus regulus,Peter Boesman,train
281606,Regulus_regulus/XC281606.mp3,Regulus regulus,Peter Boesman,test
324755,Regulus_regulus/XC324755.mp3,Regulus regulus,Terje Kolaas,val
347420,Regulus_regulus/XC347420.mp3,Regulus regulus,Tero Linjama,train
349529,Regulus_regulus/XC349529.mp3,Regulus regulus,Jarek Matusiak,train
349530,Regulus_regulus/XC349530.mp3,Regulus regulus,Jarek Matusiak,train
353829,Regulus_regulus/XC353829.mp3,Regulus regulus,Hans Matheve,train
363758,Regulus_regulus/XC363758.mp3,Regulus regulus,AFR,train
383570,Regulus_regulus/XC383570.mp3,Regulus regulus,Terje Kolaas,train
384549,Regulus_regulus/XC384549.mp3,Regulus regulus,Timo Schnabel,train
401910,Regulus_regulus/XC401910.mp3,Regulus regulus,Karl-Birger Strann,test
520603,Regulus_regulus/XC520603.mp3,Regulus regulus,Tanguy Loïs,train
533551,Regulus_regulus/XC533551.mp3,Regulus regulus,Fernand Deroussen,train
581898,Regulus_regulus/XC581898.mp3,Regulus regulus,Lars Edenius,train
597010,Regulus_regulus/XC597010.mp3,Regulus regulus,Stanislas Wroza,train
607965,Regulus_regulus/XC607965.mp3,Regulus regulus,Jarek Matusiak,test
637099,Regulus_regulus/XC637099.mp3,Regulus regulus,Marcin Urbański,test
671503,Regulus_regulus/XC671503.mp3,Regulus regulus,Lars Edenius,train
676424,Regulus_regulus/XC676424.mp3,Regulus regulus,Martin Fransson,train
681187,Regulus_regulus/XC681187.mp3,Regulus regulus,Uku Paal,train
712109,Regulus_regulus/XC712109.mp3,Regulus regulus,Bastian Forkel,val
719851,Regulus_regulus/XC719851.mp3,Regulus regulus,Elias A. Ryberg,test
740238,Regulus_regulus/XC740238.mp3,Regulus regulus,Lars Edenius,val
748682,Regulus_regulus/XC748682.mp3,Regulus regulus,Amar Léa,train
791898,Regulus_regulus/XC791898.mp3,Regulus regulus,Lars Edenius,val
793472,Regulus_regulus/XC793472.mp3,Regulus regulus,Lars Edenius,train
831497,Regulus_regulus/XC831497.mp3,Regulus regulus,Mats Rellmar,train
831504,Regulus_regulus/XC831504.mp3,Regulus regulus,Mats Rellmar,train
902450,Regulus_regulus/XC902450.mp3,Regulus regulus,Elias A. Ryberg,test
912957,Regulus_regulus/XC912957.mp3,Regulus regulus,Ulf Elman,train
975603,Regulus_regulus/XC975603.mp3,Regulus regulus,Sven Kransel,train
977999,Regulus_regulus/XC977999.mp3,Regulus regulus,Maciej Wirmański,test
979986,Regulus_regulus/XC979986.wav,Regulus regulus,Paul Kelly,val
979987,Regulus_regulus/XC979987.wav,Regulus regulus,Paul Kelly,val
982987,Regulus_regulus/XC982987.wav,Regulus regulus,Lucas-Chen,train
987703,Regulus_regulus/XC987703.mp3,Regulus regulus,bert de bruin,train
992383,Regulus_regulus/XC992383.mp3,Regulus regulus,Tero Linjama,train
997811,Regulus_regulus/XC997811.mp3,Regulus regulus,Paul Driver,val
1000653,Regulus_regulus/XC1000653.mp3,Regulus regulus,Christian Bøggild,train
1002355,Regulus_regulus/XC1002355.mp3,Regulus regulus,Joost van Bruggen,train
1003924,Regulus_regulus/XC1003924.mp3,Regulus regulus,Eetu Paljakka,train
1007357,Regulus_regulus/XC1007357.wav,Regulus regulus,Christian Kahle,val
1015457,Regulus_regulus/XC1015457.mp3,Regulus regulus,Lars Edenius,train
1016792,Regulus_regulus/XC1016792.mp3,Regulus regulus,Uku Paal,test
1016845,Regulus_regulus/XC1016845.mp3,Regulus regulus,Uku Paal,test
1024042,Regulus_regulus/XC1024042.mp3,Regulus regulus,Paul Driver,train
1024129,Regulus_regulus/XC1024129.mp3,Regulus regulus,Paul Driver,train
1034368,Regulus_regulus/XC1034368.mp3,Regulus regulus,Sidney Martin,train
1039807,Regulus_regulus/XC1039807.wav,Regulus regulus,Lucas-Chen,train
1044302,Regulus_regulus/XC1044302.wav,Regulus regulus,Karol Łanocha,train
1044886,Regulus_regulus/XC1044886.mp3,Regulus regulus,Lennart Jeppsson,train
1045961,Regulus_regulus/XC1045961.mp3,Regulus regulus,Romuald Mikusek,train
1046291,Regulus_regulus/XC1046291.wav,Regulus regulus,Karol Łanocha,train
1046292,Regulus_regulus/XC1046292.wav,Regulus regulus,Karol Łanocha,train
1046965,Regulus_regulus/XC1046965.wav,Regulus regulus,Karol Łanocha,train
1048055,Regulus_regulus/XC1048055.wav,Regulus regulus,Mikael Lassen,val
1048494,Regulus_regulus/XC1048494.wav,Regulus regulus,Paul Bate,train
1048649,Regulus_regulus/XC1048649.wav,Regulus regulus,Karol Łanocha,train
1049895,Regulus_regulus/XC1049895.wav,Regulus regulus,Grzegorz Michalski,train
1049898,Regulus_regulus/XC1049898.wav,Regulus regulus,Grzegorz Michalski,train
1049902,Regulus_regulus/XC1049902.wav,Regulus regulus,Grzegorz Michalski,train
1050329,Regulus_regulus/XC1050329.wav,Regulus regulus,Paul Kelly,train
1050330,Regulus_regulus/XC1050330.wav,Regulus regulus,Paul Kelly,train
1050332,Regulus_regulus/XC1050332.wav,Regulus regulus,Paul Kelly,train
1050704,Regulus_regulus/XC1050704.mp3,Regulus regulus,Kelle Moreau,train
1050759,Regulus_regulus/XC1050759.mp3,Regulus regulus,Mats Rellmar,train
1050781,Regulus_regulus/XC1050781.wav,Regulus regulus,Karol Łanocha,val
1051017,Regulus_regulus/XC1051017.wav,Regulus regulus,Karol Łanocha,train
1052001,Regulus_regulus/XC1052001.wav,Regulus regulus,Karol Łanocha,val
1052496,Regulus_regulus/XC1052496.mp3,Regulus regulus,Denis Dujardin,train
1052968,Regulus_regulus/XC1052968.mp3,Regulus regulus,Susanne Kuijpers,train
1053129,Regulus_regulus/XC1053129.wav,Regulus regulus,Vandousselaere Patrick,train
1053176,Regulus_regulus/XC1053176.wav,Regulus regulus,Bodhuin Maxime,train
1053351,Regulus_regulus/XC1053351.wav,Regulus regulus,Bodhuin Maxime,val
1055800,Regulus_regulus/XC1055800.wav,Regulus regulus,Stanislas Wroza,train
1056224,Regulus_regulus/XC1056224.wav,Regulus regulus,Karol Łanocha,train
1059106,Regulus_regulus/XC1059106.wav,Regulus regulus,Karol Łanocha,test
1059115,Regulus_regulus/XC1059115.wav,Regulus regulus,Karol Łanocha,train
1061242,Regulus_regulus/XC1061242.mp3,Regulus regulus,Lars Edenius,train
1062244,Regulus_regulus/XC1062244.wav,Regulus regulus,Paul Kelly,train
1062330,Regulus_regulus/XC1062330.wav,Regulus regulus,Mark Plummer,test
1062468,Regulus_regulus/XC1062468.mp3,Regulus regulus,Lucien Hueber,train
1062650,Regulus_regulus/XC1062650.mp3,Regulus regulus,Jochanan van den Ende,train
1064695,Regulus_regulus/XC1064695.wav,Regulus regulus,Julien Birard,val
1065072,Regulus_regulus/XC1065072.mp3,Regulus regulus,Paul Driver,train
1065073,Regulus_regulus/XC1065073.mp3,Regulus regulus,Paul Driver,val
1065075,Regulus_regulus/XC1065075.mp3,Regulus regulus,Paul Driver,train
1065077,Regulus_regulus/XC1065077.mp3,Regulus regulus,Paul Driver,train
1067084,Regulus_regulus/XC1067084.wav,Regulus regulus,Adrien Peillon,train
1067087,Regulus_regulus/XC1067087.wav,Regulus regulus,Adrien Peillon,test
1067192,Regulus_regulus/XC1067192.wav,Regulus regulus,Paul Kelly,train
1067663,Regulus_regulus/XC1067663.wav,Regulus regulus,Laura Martin,train
1070289,Regulus_regulus/XC1070289.mp3,Regulus regulus,Noah Telang,train
1070655,Regulus_regulus/XC1070655.wav,Regulus regulus,Abe Bakker,train
1070656,Regulus_regulus/XC1070656.wav,Regulus regulus,Abe Bakker,val
1072322,Regulus_regulus/XC1072322.mp3,Regulus regulus,Lars Edenius,test
1072610,Regulus_regulus/XC1072610.wav,Regulus regulus,Johannes Worona,train
1073934,Regulus_regulus/XC1073934.mp3,Regulus regulus,Olivier SWIFT,train
1073940,Regulus_regulus/XC1073940.mp3,Regulus regulus,Olivier SWIFT,val
1076307,Regulus_regulus/XC1076307.wav,Regulus regulus,Marketa Rusarova,train
1083357,Regulus_regulus/XC1083357.wav,Regulus regulus,David Darrell-Lambert,train
1083905,Regulus_regulus/XC1083905.wav,Regulus regulus,Niclas Backstrom,train
1083933,Regulus_regulus/XC1083933.wav,Regulus regulus,Marketa Rusarova,train
1085870,Regulus_regulus/XC1085870.wav,Regulus regulus,Petter Westberg,train
1086538,Regulus_regulus/XC1086538.wav,Regulus regulus,David Darrell-Lambert,val
1087045,Regulus_regulus/XC1087045.mp3,Regulus regulus,Olivier SWIFT,train
1087848,Regulus_regulus/XC1087848.mp3,Regulus regulus,Icilio MANIACCI,test
1088225,Regulus_regulus/XC1088225.wav,Regulus regulus,Jens Schlüter,train
1088339,Regulus_regulus/XC1088339.wav,Regulus regulus,Esperanza Poveda,val
1096725,Regulus_regulus/XC1096725.wav,Regulus regulus,Norman Schiwora,train
1097174,Regulus_regulus/XC1097174.mp3,Regulus regulus,Lars Edenius,train
1097586,Regulus_regulus/XC1097586.wav,Regulus regulus,Norman Schiwora,train
1097646,Regulus_regulus/XC1097646.wav,Regulus regulus,András Schmidt,train
1097736,Regulus_regulus/XC1097736.wav,Regulus regulus,Norman Schiwora,val
1101602,Regulus_regulus/XC1101602.wav,Regulus regulus,Paul Driver,test
1105533,Regulus_regulus/XC1105533.wav,Regulus regulus,David Darrell-Lambert,test
1105534,Regulus_regulus/XC1105534.wav,Regulus regulus,David Darrell-Lambert,train
1106229,Regulus_regulus/XC1106229.wav,Regulus regulus,Walter Wallner,train
1110956,Regulus_regulus/XC1110956.wav,Regulus regulus,András Schmidt,test
1111298,Regulus_regulus/XC1111298.wav,Regulus regulus,András Schmidt,train
1135314,Regulus_regulus/XC1135314.wav,Regulus regulus,Simon Gillings,train
1135976,Regulus_regulus/XC1135976.wav,Regulus regulus,David Darrell-Lambert,train
1136019,Regulus_regulus/XC1136019.wav,Regulus regulus,David Darrell-Lambert,train
1136027,Regulus_regulus/XC1136027.wav,Regulus regulus,David Darrell-Lambert,train
1139436,Regulus_regulus/XC1139436.wav,Regulus regulus,Walter Wallner,train
1143581,Regulus_regulus/XC1143581.wav,Regulus regulus,Frank Lambert,val
1144827,Regulus_regulus/XC1144827.mp3,Regulus regulus,SonoNatura,train
1145777,Regulus_regulus/XC1145777.mp3,Regulus regulus,Ding Li Yong,train
1146971,Regulus_regulus/XC1146971.wav,Regulus regulus,David Darrell-Lambert,train
1151029,Regulus_regulus/XC1151029.mp3,Regulus regulus,Louis-Marie Gourmelon,train
1151366,Regulus_regulus/XC1151366.mp3,Regulus regulus,Lars Edenius,train
1151367,Regulus_regulus/XC1151367.mp3,Regulus regulus,Lars Edenius,train
1153085,Regulus_regulus/XC1153085.wav,Regulus regulus,Arjun Dutta,train
1153238,Regulus_regulus/XC1153238.wav,Regulus regulus,Arjun Dutta,test
1155778,Regulus_regulus/XC1155778.wav,Regulus regulus,Rafael Costas,test
1158699,Regulus_regulus/XC1158699.wav,Regulus regulus,Nishant Bhagwat,val
1158703,Regulus_regulus/XC1158703.wav,Regulus regulus,Nishant Bhagwat,train
1162036,Regulus_regulus/XC1162036.wav,Regulus regulus,Walter Wallner,test
1163300,Regulus_regulus/XC1163300.mp3,Regulus regulus,Lars Edenius,train
1164821,Regulus_regulus/XC1164821.wav,Regulus regulus,Zsombor Károlyi,test
1174043,Regulus_regulus/XC1174043.wav,Regulus regulus,Frank van der Wielen,train
42290,Serinus_serinus/XC42290.mp3,Serinus serinus,Patrik Åberg,train
98629,Serinus_serinus/XC98629.mp3,Serinus serinus,Jordi Calvet,train
98630,Serinus_serinus/XC98630.mp3,Serinus serinus,Jordi Calvet,val
103796,Serinus_serinus/XC103796.mp3,Serinus serinus,Jarek Matusiak,test
103798,Serinus_serinus/XC103798.mp3,Serinus serinus,Jarek Matusiak,test
134328,Serinus_serinus/XC134328.mp3,Serinus serinus,Fernand DEROUSSEN,val
141326,Serinus_serinus/XC141326.mp3,Serinus serinus,Antony Schubert,train
141628,Serinus_serinus/XC141628.mp3,Serinus serinus,jeroenveeken@gmail.com,train
148452,Serinus_serinus/XC148452.mp3,Serinus serinus,Patrik Åberg,train
148453,Serinus_serinus/XC148453.mp3,Serinus serinus,Patrik Åberg,train
297614,Serinus_serinus/XC297614.mp3,Serinus serinus,Ad Postma,train
312580,Serinus_serinus/XC312580.mp3,Serinus serinus,Benjamin Drillat,train
312589,Serinus_serinus/XC312589.mp3,Serinus serinus,Benjamin Drillat,val
315534,Serinus_serinus/XC315534.mp3,Serinus serinus,Krzysztof Deoniziak,train
366082,Serinus_serinus/XC366082.mp3,Serinus serinus,Marco Dragonetti,train
366084,Serinus_serinus/XC366084.mp3,Serinus serinus,Marco Dragonetti,test
366720,Serinus_serinus/XC366720.mp3,Serinus serinus,Timo Schnabel,train
416605,Serinus_serinus/XC416605.mp3,Serinus serinus,Peter Boesman,train
416643,Serinus_serinus/XC416643.mp3,Serinus serinus,Peter Boesman,train
516331,Serinus_serinus/XC516331.mp3,Serinus serinus,"Olivier SWIFT, Manuel GROSSELET",train
521590,Serinus_serinus/XC521590.mp3,Serinus serinus,Sean Ronayne,val
524575,Serinus_serinus/XC524575.mp3,Serinus serinus,Sean Ronayne,train
559070,Serinus_serinus/XC559070.mp3,Serinus serinus,Jarek Matusiak,train
576906,Serinus_serinus/XC576906.mp3,Serinus serinus,Rick Sharloch,train
607330,Serinus_serinus/XC607330.mp3,Serinus serinus,Jarek Matusiak,val
607332,Serinus_serinus/XC607332.mp3,Serinus serinus,Jarek Matusiak,val
659773,Serinus_serinus/XC659773.mp3,Serinus serinus,Olivier SWIFT,train
661578,Serinus_serinus/XC661578.mp3,Serinus serinus,Frantz Barrault,train
724047,Serinus_serinus/XC724047.mp3,Serinus serinus,"Olivier SWIFT, Sylvain REYT",train
794958,Serinus_serinus/XC794958.mp3,Serinus serinus,Jacobo Ramil Millarengo,train
806387,Serinus_serinus/XC806387.mp3,Serinus serinus,Marcus Fransson,train
812474,Serinus_serinus/XC812474.mp3,Serinus serinus,Romuald Mikusek,test
818665,Serinus_serinus/XC818665.mp3,Serinus serinus,Jorge Leitão,train
897458,Serinus_serinus/XC897458.mp3,Serinus serinus,Jacobo Ramil Millarengo,test
920869,Serinus_serinus/XC920869.mp3,Serinus serinus,Jordi Calvet,test
920970,Serinus_serinus/XC920970.wav,Serinus serinus,Xavier Riera,train
921177,Serinus_serinus/XC921177.wav,Serinus serinus,Esperanza Poveda,train
922181,Serinus_serinus/XC922181.wav,Serinus serinus,Johannes Worona,train
935304,Serinus_serinus/XC935304.wav,Serinus serinus,Tony Rinaud,train
938269,Serinus_serinus/XC938269.mp3,Serinus serinus,Stanislas Wroza,val
940153,Serinus_serinus/XC940153.wav,Serinus serinus,Chèvremont Fabian,train
940647,Serinus_serinus/XC940647.wav,Serinus serinus,Chèvremont Fabian,train
941157,Serinus_serinus/XC941157.wav,Serinus serinus,Chèvremont Fabian,test
942491,Serinus_serinus/XC942491.mp3,Serinus serinus,Jonas Pedersen,train
943506,Serinus_serinus/XC943506.wav,Serinus serinus,Jorge Leitão,train
944724,Serinus_serinus/XC944724.mp3,Serinus serinus,Tim Vochten,train
950650,Serinus_serinus/XC950650.mp3,Serinus serinus,Alexandru Pintilioaie,test
951981,Serinus_serinus/XC951981.wav,Serinus serinus,Jorge Rodal,train
960702,Serinus_serinus/XC960702.mp3,Serinus serinus,Sidney Martin,train
971633,Serinus_serinus/XC971633.mp3,Serinus serinus,Robin et Julien SOURIOU,train
972583,Serinus_serinus/XC972583.wav,Serinus serinus,Pere Josa,train
972860,Serinus_serinus/XC972860.wav,Serinus serinus,Gonzalo Peña Sánchez,train
972880,Serinus_serinus/XC972880.mp3,Serinus serinus,Marcin Przymencki,train
976689,Serinus_serinus/XC976689.mp3,Serinus serinus,Esperanza Poveda,test
977365,Serinus_serinus/XC977365.mp3,Serinus serinus,Esperanza Poveda,train
977367,Serinus_serinus/XC977367.mp3,Serinus serinus,Esperanza Poveda,train
978678,Serinus_serinus/XC978678.wav,Serinus serinus,Nelson Conceição,train
983175,Serinus_serinus/XC983175.wav,Serinus serinus,Jorge Leitão,train
985944,Serinus_serinus/XC985944.wav,Serinus serinus,Théo Treels,train
986391,Serinus_serinus/XC986391.wav,Serinus serinus,Le Louaver Manuel,train
987230,Serinus_serinus/XC987230.wav,Serinus serinus,Pere Josa,train
987231,Serinus_serinus/XC987231.wav,Serinus serinus,Pere Josa,train
988004,Serinus_serinus/XC988004.mp3,Serinus serinus,Dimitri,train
990058,Serinus_serinus/XC990058.mp3,Serinus serinus,Filippo Ceccolini,train
990586,Serinus_serinus/XC990586.mp3,Serinus serinus,Bjorn Alards,train
990919,Serinus_serinus/XC990919.wav,Serinus serinus,João Ferreira Tomás,train
991264,Serinus_serinus/XC991264.mp3,Serinus serinus,Santiago Caballero Carrera,test
991686,Serinus_serinus/XC991686.mp3,Serinus serinus,Johan Willner,train
991856,Serinus_serinus/XC991856.mp3,Serinus serinus,Cureau Hervé,train
991933,Serinus_serinus/XC991933.mp3,Serinus serinus,Olivier SWIFT,test
993686,Serinus_serinus/XC993686.mp3,Serinus serinus,Mikael Calner,test
994999,Serinus_serinus/XC994999.wav,Serinus serinus,David Pennington,val
995000,Serinus_serinus/XC995000.wav,Serinus serinus,David Pennington,val
996534,Serinus_serinus/XC996534.wav,Serinus serinus,Stanislas Wroza,train
997565,Serinus_serinus/XC997565.wav,Serinus serinus,Jordi Calvet,train
999258,Serinus_serinus/XC999258.mp3,Serinus serinus,per-anders svensson,train
1001568,Serinus_serinus/XC1001568.mp3,Serinus serinus,FREDERIC Lionel,val
1002505,Serinus_serinus/XC1002505.mp3,Serinus serinus,Taras Vykhovanets,train
1003652,Serinus_serinus/XC1003652.mp3,Serinus serinus,Francesco Sottile,train
1003848,Serinus_serinus/XC1003848.mp3,Serinus serinus,Thierry THOMAS,train
1003962,Serinus_serinus/XC1003962.wav,Serinus serinus,Luca Forneris,train
1005957,Serinus_serinus/XC1005957.mp3,Serinus serinus,Cedric Mroczko,train
1006440,Serinus_serinus/XC1006440.mp3,Serinus serinus,Maarten Sluijter,train
1007094,Serinus_serinus/XC1007094.mp3,Serinus serinus,Magnus Hellström,train
1016430,Serinus_serinus/XC1016430.wav,Serinus serinus,Gonzalo Peña Sánchez,train
1024815,Serinus_serinus/XC1024815.wav,Serinus serinus,Gonzalo Peña Sánchez,train
1027449,Serinus_serinus/XC1027449.wav,Serinus serinus,Arjun Dutta,val
1033730,Serinus_serinus/XC1033730.mp3,Serinus serinus,Emil Lundahl,train
1044167,Serinus_serinus/XC1044167.wav,Serinus serinus,Karol Łanocha,val
1044555,Serinus_serinus/XC1044555.wav,Serinus serinus,Karol Łanocha,train
1046295,Serinus_serinus/XC1046295.wav,Serinus serinus,Karol Łanocha,train
1046697,Serinus_serinus/XC1046697.mp3,Serinus serinus,Uku Paal,train
1046703,Serinus_serinus/XC1046703.mp3,Serinus serinus,Uku Paal,train
1046972,Serinus_serinus/XC1046972.wav,Serinus serinus,Karol Łanocha,train
1048609,Serinus_serinus/XC1048609.mp3,Serinus serinus,Maarten Sluijter,test
1054267,Serinus_serinus/XC1054267.wav,Serinus serinus,Vincent van der Spek,test
1054983,Serinus_serinus/XC1054983.wav,Serinus serinus,Stanislas Wroza,val
1055410,Serinus_serinus/XC1055410.wav,Serinus serinus,Stanislas Wroza,train
1074570,Serinus_serinus/XC1074570.wav,Serinus serinus,Laura Martin,train
1079267,Serinus_serinus/XC1079267.mp3,Serinus serinus,Marc Anderson,train
1079269,Serinus_serinus/XC1079269.mp3,Serinus serinus,Marc Anderson,val
1079271,Serinus_serinus/XC1079271.mp3,Serinus serinus,Marc Anderson,train
1083687,Serinus_serinus/XC1083687.wav,Serinus serinus,João Ferreira Tomás,train
1085162,Serinus_serinus/XC1085162.wav,Serinus serinus,Jorge Leitão,val
1088148,Serinus_serinus/XC1088148.wav,Serinus serinus,Diego Pastor,train
1088862,Serinus_serinus/XC1088862.wav,Serinus serinus,Pere Josa,train
1088864,Serinus_serinus/XC1088864.wav,Serinus serinus,Pere Josa,test
1090559,Serinus_serinus/XC1090559.wav,Serinus serinus,Xavier Riera,train
1091140,Serinus_serinus/XC1091140.wav,Serinus serinus,João Ferreira Tomás,test
1092390,Serinus_serinus/XC1092390.wav,Serinus serinus,Kalle Nibbenhagen,val
1092768,Serinus_serinus/XC1092768.wav,Serinus serinus,Jordi Calvet,test
1092888,Serinus_serinus/XC1092888.mp3,Serinus serinus,Michael John O Mahony,train
1093966,Serinus_serinus/XC1093966.wav,Serinus serinus,Paul Kelly,train
1094193,Serinus_serinus/XC1094193.mp3,Serinus serinus,Chris Button,train
1094691,Serinus_serinus/XC1094691.wav,Serinus serinus,Denis Dujardin,train
1094881,Serinus_serinus/XC1094881.wav,Serinus serinus,Tobias Larsson,train
1094985,Serinus_serinus/XC1094985.wav,Serinus serinus,Denis Dujardin,test
1097159,Serinus_serinus/XC1097159.wav,Serinus serinus,Nelson Conceição,train
1097162,Serinus_serinus/XC1097162.wav,Serinus serinus,Nelson Conceição,train
1097163,Serinus_serinus/XC1097163.wav,Serinus serinus,Nelson Conceição,train
1097458,Serinus_serinus/XC1097458.wav,Serinus serinus,Jordi Calvet,train
1099197,Serinus_serinus/XC1099197.mp3,Serinus serinus,Uku Paal,val
1100680,Serinus_serinus/XC1100680.mp3,Serinus serinus,Simon S. Christiansen,train
1103124,Serinus_serinus/XC1103124.wav,Serinus serinus,Jens Schöller,test
1103719,Serinus_serinus/XC1103719.wav,Serinus serinus,Aku Kalliomäki,train
1104597,Serinus_serinus/XC1104597.mp3,Serinus serinus,Thierry THOMAS,train
1105754,Serinus_serinus/XC1105754.wav,Serinus serinus,Walter Wallner,val
1106089,Serinus_serinus/XC1106089.wav,Serinus serinus,Grzegorz Michalski,test
1106318,Serinus_serinus/XC1106318.wav,Serinus serinus,Clement Bruneau,train
1107013,Serinus_serinus/XC1107013.wav,Serinus serinus,Burooj Ghani,train
1107556,Serinus_serinus/XC1107556.mp3,Serinus serinus,Jacobo Ramil Millarengo,train
1134292,Serinus_serinus/XC1134292.wav,Serinus serinus,Philippe_Grange,train
1136379,Serinus_serinus/XC1136379.mp3,Serinus serinus,Benjamin Manz,train
1136877,Serinus_serinus/XC1136877.wav,Serinus serinus,Clement Bruneau,train
1138256,Serinus_serinus/XC1138256.wav,Serinus serinus,Tobias Larsson,val
1139049,Serinus_serinus/XC1139049.wav,Serinus serinus,Beatrix Saadi-Varchmin,train
1141467,Serinus_serinus/XC1141467.wav,Serinus serinus,Pablo Guillemaud,val
1142754,Serinus_serinus/XC1142754.wav,Serinus serinus,Walter Wallner,train
1144865,Serinus_serinus/XC1144865.mp3,Serinus serinus,Azens,test
1146912,Serinus_serinus/XC1146912.wav,Serinus serinus,Manuel Grosselet,train
1147005,Serinus_serinus/XC1147005.wav,Serinus serinus,Paul Kelly,train
1150340,Serinus_serinus/XC1150340.mp3,Serinus serinus,Uku Paal,train
1150382,Serinus_serinus/XC1150382.wav,Serinus serinus,Sunny Tseng,test
1150384,Serinus_serinus/XC1150384.wav,Serinus serinus,Sunny Tseng,train
1156510,Serinus_serinus/XC1156510.mp3,Serinus serinus,SWIFT Olivier,train
1158131,Serinus_serinus/XC1158131.mp3,Serinus serinus,Kelle Moreau,val
1158155,Serinus_serinus/XC1158155.mp3,Serinus serinus,Kelle Moreau,val
1158160,Serinus_serinus/XC1158160.mp3,Serinus serinus,Kelle Moreau,train
1158161,Serinus_serinus/XC1158161.mp3,Serinus serinus,Kelle Moreau,test
1164042,Serinus_serinus/XC1164042.wav,Serinus serinus,Zsombor Károlyi,train
116412,Sitta_europaea/XC116412.mp3,Sitta europaea,Buhl Johannes,test
116413,Sitta_europaea/XC116413.mp3,Sitta europaea,Buhl Johannes,train
122183,Sitta_europaea/XC122183.mp3,Sitta europaea,Jarek Matusiak,train
122465,Sitta_europaea/XC122465.mp3,Sitta europaea,Jarek Matusiak,train
127764,Sitta_europaea/XC127764.mp3,Sitta europaea,Lars Lachmann,train
141256,Sitta_europaea/XC141256.mp3,Sitta europaea,Francesco Sottile,train
147728,Sitta_europaea/XC147728.mp3,Sitta europaea,julien Rochefort,train
148605,Sitta_europaea/XC148605.mp3,Sitta europaea,Patrik Åberg,train
148611,Sitta_europaea/XC148611.mp3,Sitta europaea,Patrik Åberg,train
148614,Sitta_europaea/XC148614.mp3,Sitta europaea,Patrik Åberg,train
161550,Sitta_europaea/XC161550.mp3,Sitta europaea,Fernand Deroussen,train
161551,Sitta_europaea/XC161551.mp3,Sitta europaea,Fernand Deroussen,test
268180,Sitta_europaea/XC268180.mp3,Sitta europaea,Albert Lastukhin,train
281679,Sitta_europaea/XC281679.mp3,Sitta europaea,Peter Boesman,train
281680,Sitta_europaea/XC281680.mp3,Sitta europaea,Peter Boesman,train
281682,Sitta_europaea/XC281682.mp3,Sitta europaea,Peter Boesman,train
281686,Sitta_europaea/XC281686.mp3,Sitta europaea,Peter Boesman,train
281687,Sitta_europaea/XC281687.mp3,Sitta europaea,Peter Boesman,train
281688,Sitta_europaea/XC281688.mp3,Sitta europaea,Peter Boesman,train
309215,Sitta_europaea/XC309215.mp3,Sitta europaea,Marc Anderson,train
309226,Sitta_europaea/XC309226.mp3,Sitta europaea,julien Rochefort,train
312629,Sitta_europaea/XC312629.mp3,Sitta europaea,Ad Postma,test
324781,Sitta_europaea/XC324781.mp3,Sitta europaea,Terje Kolaas,val
341924,Sitta_europaea/XC341924.mp3,Sitta europaea,Patrik Åberg,test
343886,Sitta_europaea/XC343886.mp3,Sitta europaea,Patrik Åberg,train
348196,Sitta_europaea/XC348196.mp3,Sitta europaea,Tero Linjama,test
348197,Sitta_europaea/XC348197.mp3,Sitta europaea,Tero Linjama,train
358795,Sitta_europaea/XC358795.mp3,Sitta europaea,Piotr Szczypinski,train
364278,Sitta_europaea/XC364278.mp3,Sitta europaea,Sonnenburg,train
365797,Sitta_europaea/XC365797.mp3,Sitta europaea,Lars Edenius,val
378849,Sitta_europaea/XC378849.mp3,Sitta europaea,Timo Schnabel,train
378850,Sitta_europaea/XC378850.mp3,Sitta europaea,Timo Schnabel,train
378851,Sitta_europaea/XC378851.mp3,Sitta europaea,Timo Schnabel,train
378852,Sitta_europaea/XC378852.mp3,Sitta europaea,Timo Schnabel,train
380078,Sitta_europaea/XC380078.mp3,Sitta europaea,Stanislas Wroza,train
383736,Sitta_europaea/XC383736.mp3,Sitta europaea,Terje Kolaas,val
385854,Sitta_europaea/XC385854.mp3,Sitta europaea,Dries Van de Loock,val
400071,Sitta_europaea/XC400071.mp3,Sitta europaea,Timo Schnabel,train
407885,Sitta_europaea/XC407885.mp3,Sitta europaea,Jarek Matusiak,train
407886,Sitta_europaea/XC407886.mp3,Sitta europaea,Jarek Matusiak,test
407887,Sitta_europaea/XC407887.mp3,Sitta europaea,Jarek Matusiak,train
408074,Sitta_europaea/XC408074.mp3,Sitta europaea,Sonnenburg,val
416631,Sitta_europaea/XC416631.mp3,Sitta europaea,Peter Boesman,train
416632,Sitta_europaea/XC416632.mp3,Sitta europaea,Peter Boesman,train
419200,Sitta_europaea/XC419200.mp3,Sitta europaea,Joost van Bruggen,train
420693,Sitta_europaea/XC420693.mp3,Sitta europaea,Lars Edenius,val
448639,Sitta_europaea/XC448639.mp3,Sitta europaea,Patrik Åberg,test
455199,Sitta_europaea/XC455199.mp3,Sitta europaea,Lars Edenius,test
456525,Sitta_europaea/XC456525.mp3,Sitta europaea,Lars Edenius,train
459808,Sitta_europaea/XC459808.mp3,Sitta europaea,Bodo Sonnenburg,val
461636,Sitta_europaea/XC461636.mp3,Sitta europaea,Jordi Calvet,train
463358,Sitta_europaea/XC463358.mp3,Sitta europaea,Lars Edenius,test
503005,Sitta_europaea/XC503005.mp3,Sitta europaea,Lars Edenius,test
513541,Sitta_europaea/XC513541.mp3,Sitta europaea,Sean Ronayne,train
535704,Sitta_europaea/XC535704.mp3,Sitta europaea,Stanislas Wroza,val
537212,Sitta_europaea/XC537212.mp3,Sitta europaea,Vincent Pourchaire,train
540929,Sitta_europaea/XC540929.mp3,Sitta europaea,Bertrand Dallet,train
541187,Sitta_europaea/XC541187.mp3,Sitta europaea,Rick Sharloch,train
545988,Sitta_europaea/XC545988.mp3,Sitta europaea,Mats Olsson,test
559850,Sitta_europaea/XC559850.mp3,Sitta europaea,Bodo Sonnenburg,train
560468,Sitta_europaea/XC560468.mp3,Sitta europaea,Joost van Bruggen,val
593796,Sitta_europaea/XC593796.mp3,Sitta europaea,Beatrix Saadi-Varchmin,train
599113,Sitta_europaea/XC599113.mp3,Sitta europaea,Lars Edenius,train
602179,Sitta_europaea/XC602179.mp3,Sitta europaea,Simon Elliott,train
602181,Sitta_europaea/XC602181.mp3,Sitta europaea,Simon Elliott,train
602183,Sitta_europaea/XC602183.mp3,Sitta europaea,Simon Elliott,test
602644,Sitta_europaea/XC602644.mp3,Sitta europaea,Uku Paal,train
602645,Sitta_europaea/XC602645.mp3,Sitta europaea,Uku Paal,train
602646,Sitta_europaea/XC602646.mp3,Sitta europaea,Uku Paal,test
619721,Sitta_europaea/XC619721.mp3,Sitta europaea,Peter Boesman,train
623458,Sitta_europaea/XC623458.mp3,Sitta europaea,Peter Boesman,train
625012,Sitta_europaea/XC625012.mp3,Sitta europaea,Bodo Sonnenburg,val
635692,Sitta_europaea/XC635692.mp3,Sitta europaea,Alan Dalton,train
636675,Sitta_europaea/XC636675.mp3,Sitta europaea,djsaaltink,train
639545,Sitta_europaea/XC639545.mp3,Sitta europaea,Marcin Urbański,train
685092,Sitta_europaea/XC685092.mp3,Sitta europaea,W. Agster,val
689777,Sitta_europaea/XC689777.mp3,Sitta europaea,Lars Edenius,val
690112,Sitta_europaea/XC690112.mp3,Sitta europaea,Lars Edenius,train
695529,Sitta_europaea/XC695529.mp3,Sitta europaea,Gianluca Congi,train
697818,Sitta_europaea/XC697818.mp3,Sitta europaea,Lars Edenius,train
697819,Sitta_europaea/XC697819.mp3,Sitta europaea,Lars Edenius,train
699871,Sitta_europaea/XC699871.mp3,Sitta europaea,Lars Edenius,train
700661,Sitta_europaea/XC700661.mp3,Sitta europaea,Francesco Sottile,test
705660,Sitta_europaea/XC705660.mp3,Sitta europaea,Niels Van Doninck,train
706250,Sitta_europaea/XC706250.mp3,Sitta europaea,brickegickel,train
707231,Sitta_europaea/XC707231.mp3,Sitta europaea,Lars Edenius,train
707395,Sitta_europaea/XC707395.mp3,Sitta europaea,Francesco Sottile,train
709147,Sitta_europaea/XC709147.mp3,Sitta europaea,Bodo Sonnenburg,val
709151,Sitta_europaea/XC709151.mp3,Sitta europaea,Francesco Sottile,train
711364,Sitta_europaea/XC711364.mp3,Sitta europaea,Joost van Bruggen,val
713494,Sitta_europaea/XC713494.mp3,Sitta europaea,Elias A. Ryberg,train
713508,Sitta_europaea/XC713508.mp3,Sitta europaea,Frantz Barrault,train
726456,Sitta_europaea/XC726456.mp3,Sitta europaea,Simon Elliott,train
766479,Sitta_europaea/XC766479.mp3,Sitta europaea,Lars Edenius,train
768437,Sitta_europaea/XC768437.mp3,Sitta europaea,Michel Veldt,val
768946,Sitta_europaea/XC768946.mp3,Sitta europaea,Lars Edenius,val
770107,Sitta_europaea/XC770107.mp3,Sitta europaea,Michel Veldt,train
770111,Sitta_europaea/XC770111.wav,Sitta europaea,Michel Veldt,train
775586,Sitta_europaea/XC775586.mp3,Sitta europaea,Jacobo Ramil Millarengo,val
776514,Sitta_europaea/XC776514.mp3,Sitta europaea,Lars Edenius,train
781153,Sitta_europaea/XC781153.mp3,Sitta europaea,Lars Edenius,train
784150,Sitta_europaea/XC784150.mp3,Sitta europaea,Lars Edenius,train
785215,Sitta_europaea/XC785215.mp3,Sitta europaea,Lars Edenius,val
785460,Sitta_europaea/XC785460.wav,Sitta europaea,Bodo Sonnenburg,val
786652,Sitta_europaea/XC786652.mp3,Sitta europaea,Lars Edenius,train
787031,Sitta_europaea/XC787031.wav,Sitta europaea,Alan Dalton,train
787874,Sitta_europaea/XC787874.mp3,Sitta europaea,Lars Edenius,test
788735,Sitta_europaea/XC788735.mp3,Sitta europaea,Jorge Leitão,train
788738,Sitta_europaea/XC788738.mp3,Sitta europaea,Jorge Leitão,train
789319,Sitta_europaea/XC789319.mp3,Sitta europaea,Dominique Guillerme,train
789320,Sitta_europaea/XC789320.mp3,Sitta europaea,Dominique Guillerme,train
791016,Sitta_europaea/XC791016.mp3,Sitta europaea,Lars Edenius,train
792305,Sitta_europaea/XC792305.wav,Sitta europaea,SonoNatura,train
795302,Sitta_europaea/XC795302.mp3,Sitta europaea,José Godinho,train
798796,Sitta_europaea/XC798796.mp3,Sitta europaea,Lars Edenius,train
813774,Sitta_europaea/XC813774.mp3,Sitta europaea,Dominique Guillerme,train
830900,Sitta_europaea/XC830900.wav,Sitta europaea,Agris Celmins,val
835000,Sitta_europaea/XC835000.mp3,Sitta europaea,Christian Kerihuel,train
838224,Sitta_europaea/XC838224.mp3,Sitta europaea,Lars Edenius,val
839456,Sitta_europaea/XC839456.mp3,Sitta europaea,Lars Edenius,train
839457,Sitta_europaea/XC839457.mp3,Sitta europaea,Lars Edenius,train
879361,Sitta_europaea/XC879361.mp3,Sitta europaea,Jarek Matusiak,train
879363,Sitta_europaea/XC879363.mp3,Sitta europaea,Jarek Matusiak,test
883620,Sitta_europaea/XC883620.wav,Sitta europaea,SonoNatura,val
883621,Sitta_europaea/XC883621.wav,Sitta europaea,SonoNatura,train
883622,Sitta_europaea/XC883622.wav,Sitta europaea,SonoNatura,train
891731,Sitta_europaea/XC891731.mp3,Sitta europaea,Lars Edenius,test
897670,Sitta_europaea/XC897670.mp3,Sitta europaea,Jacobo Ramil Millarengo,train
916871,Sitta_europaea/XC916871.mp3,Sitta europaea,Olivier SWIFT,train
927958,Sitta_europaea/XC927958.mp3,Sitta europaea,Ulf Elman,test
956099,Sitta_europaea/XC956099.mp3,Sitta europaea,Jacobo Ramil Millarengo,train
956616,Sitta_europaea/XC956616.mp3,Sitta europaea,Jacobo Ramil Millarengo,test
956619,Sitta_europaea/XC956619.mp3,Sitta europaea,Jacobo Ramil Millarengo,train
964306,Sitta_europaea/XC964306.mp3,Sitta europaea,Jarek Matusiak,test
979824,Sitta_europaea/XC979824.wav,Sitta europaea,Petter Westberg,train
1056558,Sitta_europaea/XC1056558.mp3,Sitta europaea,Lars Edenius,train
1056559,Sitta_europaea/XC1056559.mp3,Sitta europaea,Lars Edenius,train
1069821,Sitta_europaea/XC1069821.mp3,Sitta europaea,Bram Piot,train
1075370,Sitta_europaea/XC1075370.mp3,Sitta europaea,Olivier SWIFT,train
1075373,Sitta_europaea/XC1075373.mp3,Sitta europaea,Olivier SWIFT,train
1077472,Sitta_europaea/XC1077472.mp3,Sitta europaea,Lars Edenius,train
1084328,Sitta_europaea/XC1084328.wav,Sitta europaea,wu555,train
1089127,Sitta_europaea/XC1089127.wav,Sitta europaea,Jorge Leitão,test
1089527,Sitta_europaea/XC1089527.wav,Sitta europaea,Ulf Elman,train
1090681,Sitta_europaea/XC1090681.mp3,Sitta europaea,Lennart Jeppsson,val
1092574,Sitta_europaea/XC1092574.mp3,Sitta europaea,Jacobo Ramil Millarengo,test
1102572,Sitta_europaea/XC1102572.mp3,Sitta europaea,Lennart Jeppsson,train
1103858,Sitta_europaea/XC1103858.wav,Sitta europaea,Petter Westberg,train
1105671,Sitta_europaea/XC1105671.wav,Sitta europaea,Walter Wallner,train
1105681,Sitta_europaea/XC1105681.wav,Sitta europaea,Walter Wallner,train
26868,Strix_aluco/XC26868.mp3,Strix aluco,Patrik Åberg,train
26869,Strix_aluco/XC26869.mp3,Strix aluco,Patrik Åberg,val
43858,Strix_aluco/XC43858.mp3,Strix aluco,Matthias Feuersenger,train
44751,Strix_aluco/XC44751.mp3,Strix aluco,David Marques,test
64729,Strix_aluco/XC64729.mp3,Strix aluco,Patrik Åberg,train
101545,Strix_aluco/XC101545.mp3,Strix aluco,Jarek Matusiak,test
142752,Strix_aluco/XC142752.mp3,Strix aluco,Erik Roels,train
143122,Strix_aluco/XC143122.mp3,Strix aluco,Erik Roels,val
154514,Strix_aluco/XC154514.mp3,Strix aluco,david m,train
154516,Strix_aluco/XC154516.mp3,Strix aluco,david m,train
171446,Strix_aluco/XC171446.mp3,Strix aluco,Krzysztof Deoniziak,val
175344,Strix_aluco/XC175344.mp3,Strix aluco,Danny Alder,train
197195,Strix_aluco/XC197195.mp3,Strix aluco,Dawid Jablonski,train
198096,Strix_aluco/XC198096.mp3,Strix aluco,Romuald Mikusek,test
213353,Strix_aluco/XC213353.mp3,Strix aluco,Ilkka Heiskanen,test
255066,Strix_aluco/XC255066.mp3,Strix aluco,Piotr Szczypinski,train
278786,Strix_aluco/XC278786.mp3,Strix aluco,Ilkka Heiskanen,train
281244,Strix_aluco/XC281244.mp3,Strix aluco,Peter Boesman,train
285035,Strix_aluco/XC285035.mp3,Strix aluco,Teet Sirotkin,train
288088,Strix_aluco/XC288088.mp3,Strix aluco,Peter Ertl,train
310623,Strix_aluco/XC310623.mp3,Strix aluco,Patrik Åberg,train
310627,Strix_aluco/XC310627.mp3,Strix aluco,Patrik Åberg,train
343156,Strix_aluco/XC343156.mp3,Strix aluco,Tero Linjama,train
343475,Strix_aluco/XC343475.mp3,Strix aluco,Patrik Åberg,train
359111,Strix_aluco/XC359111.mp3,Strix aluco,Jarek Matusiak,test
359112,Strix_aluco/XC359112.mp3,Strix aluco,Jarek Matusiak,val
359113,Strix_aluco/XC359113.mp3,Strix aluco,Jarek Matusiak,test
379088,Strix_aluco/XC379088.mp3,Strix aluco,Uku Paal,test
379554,Strix_aluco/XC379554.mp3,Strix aluco,Timo Schnabel,train
391595,Strix_aluco/XC391595.mp3,Strix aluco,Trevor Fletcher,train
393981,Strix_aluco/XC393981.mp3,Strix aluco,Livon,test
399836,Strix_aluco/XC399836.mp3,Strix aluco,Timo Schnabel,test
408531,Strix_aluco/XC408531.mp3,Strix aluco,Jarek Matusiak,test
412277,Strix_aluco/XC412277.mp3,Strix aluco,Lars Edenius,train
412453,Strix_aluco/XC412453.mp3,Strix aluco,Marc Anderson,val
421347,Strix_aluco/XC421347.mp3,Strix aluco,Fraser Simpson,train
480841,Strix_aluco/XC480841.mp3,Strix aluco,Dries Van de Loock,train
506572,Strix_aluco/XC506572.mp3,Strix aluco,Esperanza Poveda,train
506715,Strix_aluco/XC506715.mp3,Strix aluco,Alexis Bruyère,train
533359,Strix_aluco/XC533359.mp3,Strix aluco,Jarek Matusiak,test
562789,Strix_aluco/XC562789.mp3,Strix aluco,Łukasz Wawrzyniak,train
566868,Strix_aluco/XC566868.mp3,Strix aluco,Jarek Matusiak,train
579665,Strix_aluco/XC579665.mp3,Strix aluco,Samuel Levy,train
589168,Strix_aluco/XC589168.mp3,Strix aluco,Uku Paal,train
590278,Strix_aluco/XC590278.mp3,Strix aluco,Jarek Matusiak,train
592413,Strix_aluco/XC592413.mp3,Strix aluco,Krzysztof Deoniziak,train
592425,Strix_aluco/XC592425.mp3,Strix aluco,Simon Elliott,train
602441,Strix_aluco/XC602441.mp3,Strix aluco,Simon Elliott,train
607692,Strix_aluco/XC607692.mp3,Strix aluco,Jarek Matusiak,test
607745,Strix_aluco/XC607745.mp3,Strix aluco,Jarek Matusiak,train
618255,Strix_aluco/XC618255.mp3,Strix aluco,Daniele Baroni,train
622582,Strix_aluco/XC622582.mp3,Strix aluco,Lars Edenius,train
627148,Strix_aluco/XC627148.mp3,Strix aluco,Jarek Matusiak,val
627433,Strix_aluco/XC627433.mp3,Strix aluco,Simon Elliott,train
627623,Strix_aluco/XC627623.mp3,Strix aluco,Simon Elliott,val
627888,Strix_aluco/XC627888.mp3,Strix aluco,Jarek Matusiak,train
630160,Strix_aluco/XC630160.mp3,Strix aluco,Simon Elliott,train
630788,Strix_aluco/XC630788.mp3,Strix aluco,Simon Elliott,train
630789,Strix_aluco/XC630789.mp3,Strix aluco,Simon Elliott,train
631695,Strix_aluco/XC631695.mp3,Strix aluco,Simon Elliott,val
631708,Strix_aluco/XC631708.mp3,Strix aluco,Beatrix Saadi-Varchmin,train
632146,Strix_aluco/XC632146.mp3,Strix aluco,Simon Elliott,train
632667,Strix_aluco/XC632667.mp3,Strix aluco,Simon Elliott,train
632668,Strix_aluco/XC632668.mp3,Strix aluco,Simon Elliott,val
634380,Strix_aluco/XC634380.mp3,Strix aluco,Simon Elliott,train
634382,Strix_aluco/XC634382.mp3,Strix aluco,Simon Elliott,train
640461,Strix_aluco/XC640461.mp3,Strix aluco,djsaaltink,train
640464,Strix_aluco/XC640464.mp3,Strix aluco,djsaaltink,test
648899,Strix_aluco/XC648899.mp3,Strix aluco,Eetu Paljakka,train
653516,Strix_aluco/XC653516.mp3,Strix aluco,Joost van Bruggen,train
653517,Strix_aluco/XC653517.mp3,Strix aluco,Joost van Bruggen,train
653520,Strix_aluco/XC653520.mp3,Strix aluco,Joost van Bruggen,train
659369,Strix_aluco/XC659369.mp3,Strix aluco,Antonio Xeira,train
666090,Strix_aluco/XC666090.mp3,Strix aluco,Craig Brookes,val
690013,Strix_aluco/XC690013.mp3,Strix aluco,Romuald Mikusek,train
701505,Strix_aluco/XC701505.mp3,Strix aluco,Dominique Guillerme,train
706141,Strix_aluco/XC706141.mp3,Strix aluco,AUDEVARD Aurélien,train
708402,Strix_aluco/XC708402.mp3,Strix aluco,Peter,train
708411,Strix_aluco/XC708411.mp3,Strix aluco,Veljo Runnel,train
712082,Strix_aluco/XC712082.mp3,Strix aluco,Grzegorz Modzelewski,train
722880,Strix_aluco/XC722880.mp3,Strix aluco,Jarek Matusiak,val
722882,Strix_aluco/XC722882.mp3,Strix aluco,Jarek Matusiak,train
732749,Strix_aluco/XC732749.mp3,Strix aluco,Cedric Mroczko,train
733265,Strix_aluco/XC733265.mp3,Strix aluco,Franz Lindinger,val
770467,Strix_aluco/XC770467.mp3,Strix aluco,Michel Veldt,test
770586,Strix_aluco/XC770586.mp3,Strix aluco,Chèvremont Fabian,train
773093,Strix_aluco/XC773093.mp3,Strix aluco,Étienne Leroy,train
784594,Strix_aluco/XC784594.mp3,Strix aluco,Johannes Sander,train
809255,Strix_aluco/XC809255.wav,Strix aluco,Stephan Risch,train
820761,Strix_aluco/XC820761.mp3,Strix aluco,Francesco Sottile,test
825839,Strix_aluco/XC825839.wav,Strix aluco,Jocce Ekstrom,train
838425,Strix_aluco/XC838425.mp3,Strix aluco,Thierry THOMAS,train
839349,Strix_aluco/XC839349.mp3,Strix aluco,Thierry THOMAS,train
841084,Strix_aluco/XC841084.wav,Strix aluco,John Sirrett,train
843652,Strix_aluco/XC843652.wav,Strix aluco,SonoNatura,train
844560,Strix_aluco/XC844560.wav,Strix aluco,Martin Billard,test
845803,Strix_aluco/XC845803.wav,Strix aluco,SonoNatura,train
857283,Strix_aluco/XC857283.mp3,Strix aluco,Francesco Sottile,test
877633,Strix_aluco/XC877633.wav,Strix aluco,Guilherme Melo,train
878115,Strix_aluco/XC878115.mp3,Strix aluco,Ulf Elman,train
878852,Strix_aluco/XC878852.wav,Strix aluco,Stanley Baldauf,train
882304,Strix_aluco/XC882304.wav,Strix aluco,Michaël Bridoux,val
883784,Strix_aluco/XC883784.wav,Strix aluco,Anthony ROUX,train
892203,Strix_aluco/XC892203.wav,Strix aluco,Marcin Dyduch,train
916730,Strix_aluco/XC916730.mp3,Strix aluco,johan lundgren,val
918504,Strix_aluco/XC918504.mp3,Strix aluco,Lars Edenius,train
932260,Strix_aluco/XC932260.mp3,Strix aluco,Ulf Elman,train
936220,Strix_aluco/XC936220.wav,Strix aluco,Martin Billard,val
937567,Strix_aluco/XC937567.wav,Strix aluco,Al Vrezec,train
957541,Strix_aluco/XC957541.wav,Strix aluco,Mark Plummer,train
971897,Strix_aluco/XC971897.wav,Strix aluco,Mark Plummer,val
972357,Strix_aluco/XC972357.wav,Strix aluco,Andreas Gullberg,test
973532,Strix_aluco/XC973532.wav,Strix aluco,Rafael Costas,train
973533,Strix_aluco/XC973533.wav,Strix aluco,Rafael Costas,train
973967,Strix_aluco/XC973967.wav,Strix aluco,Jakob Neuenschwander,train
979124,Strix_aluco/XC979124.wav,Strix aluco,Teet Sirotkin,train
982285,Strix_aluco/XC982285.wav,Strix aluco,Jurijs Ješkins,test
987448,Strix_aluco/XC987448.mp3,Strix aluco,Bodo Sonnenburg,val
997627,Strix_aluco/XC997627.mp3,Strix aluco,Gianluca Congi,val
1003176,Strix_aluco/XC1003176.mp3,Strix aluco,Jacobo Ramil Millarengo,train
1009577,Strix_aluco/XC1009577.mp3,Strix aluco,Marco Preziosi,val
1011184,Strix_aluco/XC1011184.wav,Strix aluco,Marc Van Daele,train
1011552,Strix_aluco/XC1011552.wav,Strix aluco,Martin Billard,train
1011560,Strix_aluco/XC1011560.wav,Strix aluco,Martin Billard,test
1017564,Strix_aluco/XC1017564.wav,Strix aluco,Aku Kalliomäki,train
1017565,Strix_aluco/XC1017565.wav,Strix aluco,Aku Kalliomäki,train
1042634,Strix_aluco/XC1042634.wav,Strix aluco,Sonothèque ADVL,train
1043087,Strix_aluco/XC1043087.wav,Strix aluco,Mark Plummer,train
1043088,Strix_aluco/XC1043088.wav,Strix aluco,Mark Plummer,train
1044795,Strix_aluco/XC1044795.mp3,Strix aluco,Hans Norelius,val
1046258,Strix_aluco/XC1046258.wav,Strix aluco,Mark Plummer,train
1046416,Strix_aluco/XC1046416.wav,Strix aluco,Mark Plummer,train
1046417,Strix_aluco/XC1046417.wav,Strix aluco,Mark Plummer,train
1063232,Strix_aluco/XC1063232.wav,Strix aluco,B. John Hughes,val
1072295,Strix_aluco/XC1072295.mp3,Strix aluco,Lars Edenius,test
1074412,Strix_aluco/XC1074412.mp3,Strix aluco,Sven Kaestner,train
1080086,Strix_aluco/XC1080086.wav,Strix aluco,Mark Plummer,train
1080796,Strix_aluco/XC1080796.mp3,Strix aluco,Bodo Sonnenburg,test
1085603,Strix_aluco/XC1085603.wav,Strix aluco,Petter Westberg,train
1096198,Strix_aluco/XC1096198.wav,Strix aluco,Valentin Toussaert,val
1137135,Strix_aluco/XC1137135.wav,Strix aluco,Daniel Berkowic,train
1163381,Strix_aluco/XC1163381.mp3,Strix aluco,Zsombor Károlyi,train
1163713,Strix_aluco/XC1163713.mp3,Strix aluco,Zsombor Károlyi,train
1172428,Strix_aluco/XC1172428.wav,Strix aluco,Arjan Boonman,train
1173407,Strix_aluco/XC1173407.mp3,Strix aluco,noah seex svalin,val
1175146,Strix_aluco/XC1175146.wav,Strix aluco,Mika E Laine,train
1176586,Strix_aluco/XC1176586.mp3,Strix aluco,Paul Gosling,train
1177143,Strix_aluco/XC1177143.wav,Strix aluco,Adrien Peillon,train
1177145,Strix_aluco/XC1177145.wav,Strix aluco,Adrien Peillon,train
1177150,Strix_aluco/XC1177150.wav,Strix aluco,Adrien Peillon,train
27156,Sturnus_vulgaris/XC27156.mp3,Sturnus vulgaris,Patrik Åberg,train
36049,Sturnus_vulgaris/XC36049.mp3,Sturnus vulgaris,Tomas Belka,train
67275,Sturnus_vulgaris/XC67275.mp3,Sturnus vulgaris,Patrik Åberg,val
72968,Sturnus_vulgaris/XC72968.mp3,Sturnus vulgaris,Ryan P. O&#039;Donnell,train
74972,Sturnus_vulgaris/XC74972.mp3,Sturnus vulgaris,Volker Arnold,val
101111,Sturnus_vulgaris/XC101111.mp3,Sturnus vulgaris,Mathias Ritschard,train
101547,Sturnus_vulgaris/XC101547.mp3,Sturnus vulgaris,Jarek Matusiak,train
102759,Sturnus_vulgaris/XC102759.mp3,Sturnus vulgaris,Jarek Matusiak,train
103551,Sturnus_vulgaris/XC103551.mp3,Sturnus vulgaris,Volker Arnold,train
162221,Sturnus_vulgaris/XC162221.mp3,Sturnus vulgaris,Fernand Deroussen,train
213466,Sturnus_vulgaris/XC213466.mp3,Sturnus vulgaris,Ilkka Heiskanen,train
246008,Sturnus_vulgaris/XC246008.mp3,Sturnus vulgaris,Jarek Matusiak,test
276957,Sturnus_vulgaris/XC276957.mp3,Sturnus vulgaris,Beatrix Saadi-Varchmin,train
281732,Sturnus_vulgaris/XC281732.mp3,Sturnus vulgaris,Peter Boesman,train
281735,Sturnus_vulgaris/XC281735.mp3,Sturnus vulgaris,Peter Boesman,val
281737,Sturnus_vulgaris/XC281737.mp3,Sturnus vulgaris,Peter Boesman,train
282222,Sturnus_vulgaris/XC282222.mp3,Sturnus vulgaris,Nikolay Sariev,train
288206,Sturnus_vulgaris/XC288206.mp3,Sturnus vulgaris,Cedric Mroczko,train
290451,Sturnus_vulgaris/XC290451.mp3,Sturnus vulgaris,Mikael Litsgård,train
303201,Sturnus_vulgaris/XC303201.mp3,Sturnus vulgaris,Francesco Sottile,val
306693,Sturnus_vulgaris/XC306693.mp3,Sturnus vulgaris,Sonnenburg,train
317061,Sturnus_vulgaris/XC317061.mp3,Sturnus vulgaris,Joost van Bruggen,val
319857,Sturnus_vulgaris/XC319857.mp3,Sturnus vulgaris,Jerome Fischer,train
319858,Sturnus_vulgaris/XC319858.mp3,Sturnus vulgaris,Jerome Fischer,train
327880,Sturnus_vulgaris/XC327880.mp3,Sturnus vulgaris,Patrik Åberg,val
327881,Sturnus_vulgaris/XC327881.mp3,Sturnus vulgaris,Patrik Åberg,test
337807,Sturnus_vulgaris/XC337807.mp3,Sturnus vulgaris,Manuel Grosselet,train
361635,Sturnus_vulgaris/XC361635.mp3,Sturnus vulgaris,Elias A. Ryberg,train
383672,Sturnus_vulgaris/XC383672.mp3,Sturnus vulgaris,Terje Kolaas,test
383673,Sturnus_vulgaris/XC383673.mp3,Sturnus vulgaris,Terje Kolaas,train
395977,Sturnus_vulgaris/XC395977.mp3,Sturnus vulgaris,Dimitri,train
399700,Sturnus_vulgaris/XC399700.mp3,Sturnus vulgaris,Timo Schnabel,train
425903,Sturnus_vulgaris/XC425903.mp3,Sturnus vulgaris,Terje Kolaas,val
425904,Sturnus_vulgaris/XC425904.mp3,Sturnus vulgaris,Terje Kolaas,test
425905,Sturnus_vulgaris/XC425905.mp3,Sturnus vulgaris,Terje Kolaas,train
425906,Sturnus_vulgaris/XC425906.mp3,Sturnus vulgaris,Terje Kolaas,train
429458,Sturnus_vulgaris/XC429458.mp3,Sturnus vulgaris,Lars Edenius,train
449753,Sturnus_vulgaris/XC449753.mp3,Sturnus vulgaris,Patrik Åberg,train
449754,Sturnus_vulgaris/XC449754.mp3,Sturnus vulgaris,Patrik Åberg,train
449755,Sturnus_vulgaris/XC449755.mp3,Sturnus vulgaris,Patrik Åberg,train
492104,Sturnus_vulgaris/XC492104.mp3,Sturnus vulgaris,Lars Edenius,train
511793,Sturnus_vulgaris/XC511793.mp3,Sturnus vulgaris,Patrik Åberg,train
512130,Sturnus_vulgaris/XC512130.mp3,Sturnus vulgaris,Sean Ronayne,val
533243,Sturnus_vulgaris/XC533243.mp3,Sturnus vulgaris,Ruslan Mazuryk,train
539509,Sturnus_vulgaris/XC539509.mp3,Sturnus vulgaris,Ruslan Mazuryk,test
543800,Sturnus_vulgaris/XC543800.mp3,Sturnus vulgaris,Thomas Bergman,train
549755,Sturnus_vulgaris/XC549755.mp3,Sturnus vulgaris,Jarek Matusiak,train
558390,Sturnus_vulgaris/XC558390.mp3,Sturnus vulgaris,Adrianna Muszyńska,train
567407,Sturnus_vulgaris/XC567407.mp3,Sturnus vulgaris,Ramit Singal,train
580823,Sturnus_vulgaris/XC580823.mp3,Sturnus vulgaris,Grzegorz Lorek,train
595483,Sturnus_vulgaris/XC595483.mp3,Sturnus vulgaris,Simon Elliott,train
603661,Sturnus_vulgaris/XC603661.mp3,Sturnus vulgaris,Andrew Harrop,train
604962,Sturnus_vulgaris/XC604962.mp3,Sturnus vulgaris,Simon Elliott,train
605953,Sturnus_vulgaris/XC605953.mp3,Sturnus vulgaris,Alain Malengreau,train
628940,Sturnus_vulgaris/XC628940.mp3,Sturnus vulgaris,Peter Stronach,train
631752,Sturnus_vulgaris/XC631752.mp3,Sturnus vulgaris,Niels Van Doninck,train
636461,Sturnus_vulgaris/XC636461.mp3,Sturnus vulgaris,Thomas Ryder Payne,train
648729,Sturnus_vulgaris/XC648729.mp3,Sturnus vulgaris,Susanne Kuijpers,val
652012,Sturnus_vulgaris/XC652012.mp3,Sturnus vulgaris,Uku Paal,train
652277,Sturnus_vulgaris/XC652277.mp3,Sturnus vulgaris,Andrew Harrop,train
652355,Sturnus_vulgaris/XC652355.mp3,Sturnus vulgaris,Karol Łanocha,train
659802,Sturnus_vulgaris/XC659802.mp3,Sturnus vulgaris,Olivier SWIFT,val
664752,Sturnus_vulgaris/XC664752.mp3,Sturnus vulgaris,Susanne Kuijpers,test
665903,Sturnus_vulgaris/XC665903.mp3,Sturnus vulgaris,Susanne Kuijpers,train
669728,Sturnus_vulgaris/XC669728.mp3,Sturnus vulgaris,Oscar Campbell,train
674526,Sturnus_vulgaris/XC674526.mp3,Sturnus vulgaris,Peter Stronach,train
691024,Sturnus_vulgaris/XC691024.mp3,Sturnus vulgaris,Susanne Kuijpers,val
698602,Sturnus_vulgaris/XC698602.mp3,Sturnus vulgaris,Agris Celmins,test
706318,Sturnus_vulgaris/XC706318.mp3,Sturnus vulgaris,Beatrix Saadi-Varchmin,train
713472,Sturnus_vulgaris/XC713472.mp3,Sturnus vulgaris,Romuald Mikusek,train
723689,Sturnus_vulgaris/XC723689.mp3,Sturnus vulgaris,Domagoj Tomičić,test
732020,Sturnus_vulgaris/XC732020.mp3,Sturnus vulgaris,Marc Anderson,train
734952,Sturnus_vulgaris/XC734952.mp3,Sturnus vulgaris,Irish Wildlife Sounds,train
735526,Sturnus_vulgaris/XC735526.mp3,Sturnus vulgaris,Irish Wildlife Sounds,train
740260,Sturnus_vulgaris/XC740260.mp3,Sturnus vulgaris,Uku Paal,train
746938,Sturnus_vulgaris/XC746938.mp3,Sturnus vulgaris,Mehmet Ali Demiral,train
746941,Sturnus_vulgaris/XC746941.mp3,Sturnus vulgaris,Mehmet Ali Demiral,train
804404,Sturnus_vulgaris/XC804404.mp3,Sturnus vulgaris,Dominique Guillerme,val
807146,Sturnus_vulgaris/XC807146.wav,Sturnus vulgaris,Jocce Ekstrom,train
808473,Sturnus_vulgaris/XC808473.mp3,Sturnus vulgaris,Johannes Worona,val
822550,Sturnus_vulgaris/XC822550.mp3,Sturnus vulgaris,Esperanza Poveda,test
835255,Sturnus_vulgaris/XC835255.mp3,Sturnus vulgaris,Simon Oberhofer,val
858431,Sturnus_vulgaris/XC858431.mp3,Sturnus vulgaris,Wim Jacobs,test
860213,Sturnus_vulgaris/XC860213.mp3,Sturnus vulgaris,Peter Boesman,train
897192,Sturnus_vulgaris/XC897192.mp3,Sturnus vulgaris,Pia,train
904979,Sturnus_vulgaris/XC904979.wav,Sturnus vulgaris,Martin Billard,train
904982,Sturnus_vulgaris/XC904982.wav,Sturnus vulgaris,Martin Billard,train
934628,Sturnus_vulgaris/XC934628.mp3,Sturnus vulgaris,Sonothèque ADVL,train
981795,Sturnus_vulgaris/XC981795.mp3,Sturnus vulgaris,Susanne Kuijpers,train
996281,Sturnus_vulgaris/XC996281.wav,Sturnus vulgaris,Johannes Worona,train
996283,Sturnus_vulgaris/XC996283.wav,Sturnus vulgaris,Johannes Worona,test
1026159,Sturnus_vulgaris/XC1026159.mp3,Sturnus vulgaris,David Boyle,test
1088547,Sturnus_vulgaris/XC1088547.wav,Sturnus vulgaris,Petter Westberg,train
1090128,Sturnus_vulgaris/XC1090128.wav,Sturnus vulgaris,Cedric Mroczko,test
1090572,Sturnus_vulgaris/XC1090572.mp3,Sturnus vulgaris,Miika Silfverberg,train
1092202,Sturnus_vulgaris/XC1092202.mp3,Sturnus vulgaris,Miika Silfverberg,train
1093412,Sturnus_vulgaris/XC1093412.wav,Sturnus vulgaris,Morgan Demus,train
1094379,Sturnus_vulgaris/XC1094379.wav,Sturnus vulgaris,David Darrell-Lambert,test
1094962,Sturnus_vulgaris/XC1094962.wav,Sturnus vulgaris,Denis Dujardin,train
1097092,Sturnus_vulgaris/XC1097092.wav,Sturnus vulgaris,Michaël Bridoux,test
1100860,Sturnus_vulgaris/XC1100860.mp3,Sturnus vulgaris,Magnus Wadstein,test
1100864,Sturnus_vulgaris/XC1100864.mp3,Sturnus vulgaris,Magnus Wadstein,test
1100867,Sturnus_vulgaris/XC1100867.mp3,Sturnus vulgaris,Magnus Wadstein,train
1100870,Sturnus_vulgaris/XC1100870.mp3,Sturnus vulgaris,Magnus Wadstein,val
1101010,Sturnus_vulgaris/XC1101010.wav,Sturnus vulgaris,Ulf Elman,train
1101011,Sturnus_vulgaris/XC1101011.wav,Sturnus vulgaris,Ulf Elman,train
1101346,Sturnus_vulgaris/XC1101346.wav,Sturnus vulgaris,Manuel Grosselet,train
1105724,Sturnus_vulgaris/XC1105724.wav,Sturnus vulgaris,Denis Dujardin,train
1106069,Sturnus_vulgaris/XC1106069.wav,Sturnus vulgaris,Frank Holzapfel,test
1107331,Sturnus_vulgaris/XC1107331.wav,Sturnus vulgaris,Denis Dujardin,val
1120065,Sturnus_vulgaris/XC1120065.wav,Sturnus vulgaris,Walter Wallner,train
1133669,Sturnus_vulgaris/XC1133669.wav,Sturnus vulgaris,Colm Philpott,train
1133868,Sturnus_vulgaris/XC1133868.wav,Sturnus vulgaris,Philippe_Grange,test
1134249,Sturnus_vulgaris/XC1134249.wav,Sturnus vulgaris,Andrew Harrop,train
1135244,Sturnus_vulgaris/XC1135244.wav,Sturnus vulgaris,Colm Philpott,train
1135958,Sturnus_vulgaris/XC1135958.wav,Sturnus vulgaris,David Darrell-Lambert,test
1136133,Sturnus_vulgaris/XC1136133.wav,Sturnus vulgaris,Jens Schöller,train
1136249,Sturnus_vulgaris/XC1136249.mp3,Sturnus vulgaris,Sonothèque ADVL,train
1136393,Sturnus_vulgaris/XC1136393.wav,Sturnus vulgaris,Colm Philpott,val
1136399,Sturnus_vulgaris/XC1136399.wav,Sturnus vulgaris,Colm Philpott,train
1136654,Sturnus_vulgaris/XC1136654.wav,Sturnus vulgaris,David Darrell-Lambert,train
1136655,Sturnus_vulgaris/XC1136655.wav,Sturnus vulgaris,David Darrell-Lambert,test
1136728,Sturnus_vulgaris/XC1136728.wav,Sturnus vulgaris,Andrew Harrop,train
1137377,Sturnus_vulgaris/XC1137377.wav,Sturnus vulgaris,Colm Philpott,train
1138758,Sturnus_vulgaris/XC1138758.wav,Sturnus vulgaris,Andrew Harrop,train
1139273,Sturnus_vulgaris/XC1139273.mp3,Sturnus vulgaris,Rory Nefdt,train
1139274,Sturnus_vulgaris/XC1139274.mp3,Sturnus vulgaris,Rory Nefdt,train
1141479,Sturnus_vulgaris/XC1141479.wav,Sturnus vulgaris,Colm Philpott,train
1142517,Sturnus_vulgaris/XC1142517.wav,Sturnus vulgaris,Grzegorz Lorek,train
1142618,Sturnus_vulgaris/XC1142618.mp3,Sturnus vulgaris,Filippo Ceccolini,train
1142837,Sturnus_vulgaris/XC1142837.mp3,Sturnus vulgaris,Uku Paal,train
1142838,Sturnus_vulgaris/XC1142838.mp3,Sturnus vulgaris,Uku Paal,val
1143274,Sturnus_vulgaris/XC1143274.wav,Sturnus vulgaris,András Schmidt,val
1146131,Sturnus_vulgaris/XC1146131.wav,Sturnus vulgaris,Manuel Grosselet,train
1151495,Sturnus_vulgaris/XC1151495.wav,Sturnus vulgaris,Philippe_Grange,train
1151499,Sturnus_vulgaris/XC1151499.wav,Sturnus vulgaris,Philippe_Grange,train
1151501,Sturnus_vulgaris/XC1151501.wav,Sturnus vulgaris,Philippe_Grange,train
1151502,Sturnus_vulgaris/XC1151502.wav,Sturnus vulgaris,Philippe_Grange,train
1151503,Sturnus_vulgaris/XC1151503.wav,Sturnus vulgaris,Philippe_Grange,train
1152609,Sturnus_vulgaris/XC1152609.wav,Sturnus vulgaris,Sunny Tseng,test
1155979,Sturnus_vulgaris/XC1155979.wav,Sturnus vulgaris,David Darrell-Lambert,val
1161604,Sturnus_vulgaris/XC1161604.wav,Sturnus vulgaris,Philippe_Grange,train
1161606,Sturnus_vulgaris/XC1161606.wav,Sturnus vulgaris,Philippe_Grange,train
1161647,Sturnus_vulgaris/XC1161647.wav,Sturnus vulgaris,rostratu,train
1161770,Sturnus_vulgaris/XC1161770.wav,Sturnus vulgaris,rostratu,val
1161771,Sturnus_vulgaris/XC1161771.wav,Sturnus vulgaris,rostratu,train
1163552,Sturnus_vulgaris/XC1163552.mp3,Sturnus vulgaris,Taras Vykhovanets,train
1164128,Sturnus_vulgaris/XC1164128.wav,Sturnus vulgaris,David Darrell-Lambert,train
1166420,Sturnus_vulgaris/XC1166420.wav,Sturnus vulgaris,African Bioacoustics Community,test
1170999,Sturnus_vulgaris/XC1170999.mp3,Sturnus vulgaris,András Schmidt,val
688054,Sylvia_atricapilla/XC688054.mp3,Sylvia atricapilla,Camille Fasolin,test
688978,Sylvia_atricapilla/XC688978.mp3,Sylvia atricapilla,W. Agster,train
697750,Sylvia_atricapilla/XC697750.mp3,Sylvia atricapilla,Dominique Guillerme,train
697753,Sylvia_atricapilla/XC697753.mp3,Sylvia atricapilla,Dominique Guillerme,train
697754,Sylvia_atricapilla/XC697754.mp3,Sylvia atricapilla,Dominique Guillerme,train
715474,Sylvia_atricapilla/XC715474.mp3,Sylvia atricapilla,Brian Elwell,train
716123,Sylvia_atricapilla/XC716123.mp3,Sylvia atricapilla,Albert Noorlander,train
716867,Sylvia_atricapilla/XC716867.mp3,Sylvia atricapilla,Joost van Bruggen,train
717075,Sylvia_atricapilla/XC717075.mp3,Sylvia atricapilla,Manuel Grosselet,train
717596,Sylvia_atricapilla/XC717596.mp3,Sylvia atricapilla,Irish Wildlife Sounds,train
718134,Sylvia_atricapilla/XC718134.mp3,Sylvia atricapilla,Susanne Kuijpers,train
719648,Sylvia_atricapilla/XC719648.mp3,Sylvia atricapilla,Susanne Kuijpers,train
720764,Sylvia_atricapilla/XC720764.mp3,Sylvia atricapilla,Franek J,train
722621,Sylvia_atricapilla/XC722621.mp3,Sylvia atricapilla,Stephan Risch,train
722818,Sylvia_atricapilla/XC722818.mp3,Sylvia atricapilla,Stephan Risch,val
725846,Sylvia_atricapilla/XC725846.mp3,Sylvia atricapilla,Lee Dingain,test
727289,Sylvia_atricapilla/XC727289.mp3,Sylvia atricapilla,"Olivier SWIFT, Hélène CARTAUD",test
728059,Sylvia_atricapilla/XC728059.mp3,Sylvia atricapilla,Dean McDonnell,train
728169,Sylvia_atricapilla/XC728169.mp3,Sylvia atricapilla,Stephan Risch,train
731789,Sylvia_atricapilla/XC731789.mp3,Sylvia atricapilla,Bodo Sonnenburg,train
732590,Sylvia_atricapilla/XC732590.mp3,Sylvia atricapilla,Jonathan Bryant,train
735695,Sylvia_atricapilla/XC735695.mp3,Sylvia atricapilla,Francesco Barberini,val
736732,Sylvia_atricapilla/XC736732.mp3,Sylvia atricapilla,Francesco Barberini,train
743914,Sylvia_atricapilla/XC743914.mp3,Sylvia atricapilla,Romuald Mikusek,train
745017,Sylvia_atricapilla/XC745017.mp3,Sylvia atricapilla,Gianluca Congi,val
748540,Sylvia_atricapilla/XC748540.mp3,Sylvia atricapilla,Antonio Xeira,train
751233,Sylvia_atricapilla/XC751233.mp3,Sylvia atricapilla,Hannu Varkki,train
769309,Sylvia_atricapilla/XC769309.mp3,Sylvia atricapilla,Michel Veldt,train
784517,Sylvia_atricapilla/XC784517.mp3,Sylvia atricapilla,Gianluca Congi,test
784518,Sylvia_atricapilla/XC784518.mp3,Sylvia atricapilla,Gianluca Congi,train
788736,Sylvia_atricapilla/XC788736.mp3,Sylvia atricapilla,Jorge Leitão,train
791402,Sylvia_atricapilla/XC791402.mp3,Sylvia atricapilla,Marcin Urbański,train
791583,Sylvia_atricapilla/XC791583.wav,Sylvia atricapilla,Dr Christoph Öhm-Kühnle,train
793447,Sylvia_atricapilla/XC793447.wav,Sylvia atricapilla,Johannes Dag Mayer,train
793451,Sylvia_atricapilla/XC793451.wav,Sylvia atricapilla,Johannes Dag Mayer,train
793565,Sylvia_atricapilla/XC793565.mp3,Sylvia atricapilla,Valentijn Hermans,train
795601,Sylvia_atricapilla/XC795601.wav,Sylvia atricapilla,David Bissett,test
796123,Sylvia_atricapilla/XC796123.mp3,Sylvia atricapilla,Nicolas Martinez,train
796463,Sylvia_atricapilla/XC796463.mp3,Sylvia atricapilla,Pere Josa,train
797208,Sylvia_atricapilla/XC797208.mp3,Sylvia atricapilla,Étienne Leroy,val
797648,Sylvia_atricapilla/XC797648.mp3,Sylvia atricapilla,Jessica Peruzzo,val
798043,Sylvia_atricapilla/XC798043.mp3,Sylvia atricapilla,Bodo Sonnenburg,train
798361,Sylvia_atricapilla/XC798361.mp3,Sylvia atricapilla,Mikhail Nevsky,train
799577,Sylvia_atricapilla/XC799577.mp3,Sylvia atricapilla,Lars Edenius,train
799585,Sylvia_atricapilla/XC799585.mp3,Sylvia atricapilla,Jacobo Ramil Millarengo,train
801453,Sylvia_atricapilla/XC801453.mp3,Sylvia atricapilla,Dominique Guillerme,test
802124,Sylvia_atricapilla/XC802124.mp3,Sylvia atricapilla,Dominique Guillerme,train
802447,Sylvia_atricapilla/XC802447.mp3,Sylvia atricapilla,Ulf Elman,train
802565,Sylvia_atricapilla/XC802565.mp3,Sylvia atricapilla,Elias A. Ryberg,test
803677,Sylvia_atricapilla/XC803677.mp3,Sylvia atricapilla,Gianluca Congi,train
803953,Sylvia_atricapilla/XC803953.mp3,Sylvia atricapilla,Dominique Guillerme,train
803954,Sylvia_atricapilla/XC803954.mp3,Sylvia atricapilla,Dominique Guillerme,train
803955,Sylvia_atricapilla/XC803955.mp3,Sylvia atricapilla,Dominique Guillerme,train
803957,Sylvia_atricapilla/XC803957.mp3,Sylvia atricapilla,Dominique Guillerme,train
804274,Sylvia_atricapilla/XC804274.mp3,Sylvia atricapilla,Susanne Kuijpers,train
804280,Sylvia_atricapilla/XC804280.mp3,Sylvia atricapilla,Susanne Kuijpers,val
812288,Sylvia_atricapilla/XC812288.mp3,Sylvia atricapilla,Jorge Leitão,train
813916,Sylvia_atricapilla/XC813916.mp3,Sylvia atricapilla,Simone Bocca,val
815301,Sylvia_atricapilla/XC815301.wav,Sylvia atricapilla,steve,train
815860,Sylvia_atricapilla/XC815860.mp3,Sylvia atricapilla,Francesco Sottile,train
816232,Sylvia_atricapilla/XC816232.mp3,Sylvia atricapilla,Jorge Leitão,train
816482,Sylvia_atricapilla/XC816482.mp3,Sylvia atricapilla,Jorge Leitão,train
818752,Sylvia_atricapilla/XC818752.mp3,Sylvia atricapilla,James Lambert,train
819251,Sylvia_atricapilla/XC819251.mp3,Sylvia atricapilla,Grzegorz Lorek,train
821137,Sylvia_atricapilla/XC821137.mp3,Sylvia atricapilla,Gianluca Congi,test
823862,Sylvia_atricapilla/XC823862.mp3,Sylvia atricapilla,Dominique Guillerme,val
826985,Sylvia_atricapilla/XC826985.wav,Sylvia atricapilla,Cyclopithecus,test
835379,Sylvia_atricapilla/XC835379.mp3,Sylvia atricapilla,Esperanza Poveda,train
840392,Sylvia_atricapilla/XC840392.wav,Sylvia atricapilla,Frank A. Roos,train
845977,Sylvia_atricapilla/XC845977.mp3,Sylvia atricapilla,Ehren Eksteen,train
854559,Sylvia_atricapilla/XC854559.wav,Sylvia atricapilla,David Pennington,train
870835,Sylvia_atricapilla/XC870835.mp3,Sylvia atricapilla,Alain Malengreau,val
896747,Sylvia_atricapilla/XC896747.mp3,Sylvia atricapilla,Lennart Jeppsson,test
897903,Sylvia_atricapilla/XC897903.wav,Sylvia atricapilla,Stanislas Wroza,train
899977,Sylvia_atricapilla/XC899977.mp3,Sylvia atricapilla,Henk Schreuders,train
903731,Sylvia_atricapilla/XC903731.wav,Sylvia atricapilla,Jacek Mucha,train
905250,Sylvia_atricapilla/XC905250.mp3,Sylvia atricapilla,Azens,train
908367,Sylvia_atricapilla/XC908367.mp3,Sylvia atricapilla,Olivier SWIFT,train
909207,Sylvia_atricapilla/XC909207.wav,Sylvia atricapilla,Pere Josa,train
910406,Sylvia_atricapilla/XC910406.mp3,Sylvia atricapilla,Lars Mogensen,train
910535,Sylvia_atricapilla/XC910535.wav,Sylvia atricapilla,Cedric Mroczko,val
911337,Sylvia_atricapilla/XC911337.mp3,Sylvia atricapilla,W. Agster,train
917995,Sylvia_atricapilla/XC917995.mp3,Sylvia atricapilla,Francesco Sottile,train
919438,Sylvia_atricapilla/XC919438.mp3,Sylvia atricapilla,Francesco Sottile,train
923287,Sylvia_atricapilla/XC923287.mp3,Sylvia atricapilla,Thomas Bergman,train
924215,Sylvia_atricapilla/XC924215.mp3,Sylvia atricapilla,brickegickel,train
926990,Sylvia_atricapilla/XC926990.mp3,Sylvia atricapilla,Jack Berteau,train
928946,Sylvia_atricapilla/XC928946.wav,Sylvia atricapilla,Thomas Coldwell,train
966117,Sylvia_atricapilla/XC966117.mp3,Sylvia atricapilla,Jacobo Ramil Millarengo,test
968739,Sylvia_atricapilla/XC968739.mp3,Sylvia atricapilla,Ulf Elman,test
983807,Sylvia_atricapilla/XC983807.wav,Sylvia atricapilla,João Tomás,val
985877,Sylvia_atricapilla/XC985877.wav,Sylvia atricapilla,David Darrell-Lambert,train
986437,Sylvia_atricapilla/XC986437.mp3,Sylvia atricapilla,Molly Bell,train
986487,Sylvia_atricapilla/XC986487.wav,Sylvia atricapilla,David Darrell-Lambert,test
989057,Sylvia_atricapilla/XC989057.wav,Sylvia atricapilla,Jorge Leitão,train
992023,Sylvia_atricapilla/XC992023.mp3,Sylvia atricapilla,FRIEDRICH Richard,train
992498,Sylvia_atricapilla/XC992498.mp3,Sylvia atricapilla,Lennart Jeppsson,test
994610,Sylvia_atricapilla/XC994610.wav,Sylvia atricapilla,João Tomás,train
994925,Sylvia_atricapilla/XC994925.mp3,Sylvia atricapilla,Abe Bakker,test
995951,Sylvia_atricapilla/XC995951.wav,Sylvia atricapilla,Tiziano Beretti,train
997172,Sylvia_atricapilla/XC997172.mp3,Sylvia atricapilla,Filippo Ceccolini,train
1001011,Sylvia_atricapilla/XC1001011.mp3,Sylvia atricapilla,Taras Vykhovanets,train
1003694,Sylvia_atricapilla/XC1003694.mp3,Sylvia atricapilla,Francesco Sottile,val
1003716,Sylvia_atricapilla/XC1003716.mp3,Sylvia atricapilla,Francesco Sottile,test
1003879,Sylvia_atricapilla/XC1003879.mp3,Sylvia atricapilla,Taras Vykhovanets,test
1008582,Sylvia_atricapilla/XC1008582.mp3,Sylvia atricapilla,Francesco Sottile,val
1010456,Sylvia_atricapilla/XC1010456.mp3,Sylvia atricapilla,Francesco Sottile,train
1011676,Sylvia_atricapilla/XC1011676.mp3,Sylvia atricapilla,Lionel FREDERIC,train
1011946,Sylvia_atricapilla/XC1011946.mp3,Sylvia atricapilla,"Manon DENNINGER, Arnaud GOSSELIN, Odile GOSSELIN, Viviane FELLEL, Patrick PICAULT, Jeanne DEPIREUX, ",train
1012082,Sylvia_atricapilla/XC1012082.mp3,Sylvia atricapilla,Olivier SWIFT,train
1014909,Sylvia_atricapilla/XC1014909.mp3,Sylvia atricapilla,Lars Edenius,val
1014916,Sylvia_atricapilla/XC1014916.mp3,Sylvia atricapilla,Lars Edenius,train
1015474,Sylvia_atricapilla/XC1015474.mp3,Sylvia atricapilla,Romuald Mikusek,test
1045422,Sylvia_atricapilla/XC1045422.mp3,Sylvia atricapilla,Jacobo Ramil Millarengo,train
1075026,Sylvia_atricapilla/XC1075026.mp3,Sylvia atricapilla,Stanislas Wroza,val
1076041,Sylvia_atricapilla/XC1076041.mp3,Sylvia atricapilla,Marc Anderson,val
1076043,Sylvia_atricapilla/XC1076043.mp3,Sylvia atricapilla,Marc Anderson,val
1076045,Sylvia_atricapilla/XC1076045.mp3,Sylvia atricapilla,Marc Anderson,train
1076046,Sylvia_atricapilla/XC1076046.mp3,Sylvia atricapilla,Marc Anderson,train
1076051,Sylvia_atricapilla/XC1076051.mp3,Sylvia atricapilla,Marc Anderson,val
1076058,Sylvia_atricapilla/XC1076058.mp3,Sylvia atricapilla,Marc Anderson,train
1076065,Sylvia_atricapilla/XC1076065.mp3,Sylvia atricapilla,Marc Anderson,train
1076066,Sylvia_atricapilla/XC1076066.mp3,Sylvia atricapilla,Marc Anderson,train
1087497,Sylvia_atricapilla/XC1087497.wav,Sylvia atricapilla,Petter Westberg,train
1100095,Sylvia_atricapilla/XC1100095.mp3,Sylvia atricapilla,Lennart Jeppsson,test
1100437,Sylvia_atricapilla/XC1100437.wav,Sylvia atricapilla,Beatrix Saadi-Varchmin,train
1102220,Sylvia_atricapilla/XC1102220.wav,Sylvia atricapilla,Garai József,train
1105637,Sylvia_atricapilla/XC1105637.wav,Sylvia atricapilla,Garai József,train
1105638,Sylvia_atricapilla/XC1105638.wav,Sylvia atricapilla,Garai József,train
1105741,Sylvia_atricapilla/XC1105741.wav,Sylvia atricapilla,Walter Wallner,test
1135290,Sylvia_atricapilla/XC1135290.mp3,Sylvia atricapilla,Thierry THOMAS,train
1136660,Sylvia_atricapilla/XC1136660.wav,Sylvia atricapilla,David Darrell-Lambert,train
1143035,Sylvia_atricapilla/XC1143035.wav,Sylvia atricapilla,David Darrell-Lambert,train
1143464,Sylvia_atricapilla/XC1143464.mp3,Sylvia atricapilla,Lars Edenius,val
1145594,Sylvia_atricapilla/XC1145594.wav,Sylvia atricapilla,Manuel Grosselet,train
1145596,Sylvia_atricapilla/XC1145596.wav,Sylvia atricapilla,Manuel Grosselet,test
1148634,Sylvia_atricapilla/XC1148634.wav,Sylvia atricapilla,Manuel Grosselet,val
1150819,Sylvia_atricapilla/XC1150819.wav,Sylvia atricapilla,Adrien Peillon,test
1150821,Sylvia_atricapilla/XC1150821.wav,Sylvia atricapilla,Adrien Peillon,train
1152737,Sylvia_atricapilla/XC1152737.wav,Sylvia atricapilla,Sunny Tseng,val
1153448,Sylvia_atricapilla/XC1153448.mp3,Sylvia atricapilla,Francesco Sottile,train
1155453,Sylvia_atricapilla/XC1155453.mp3,Sylvia atricapilla,Francesco Sottile,train
1166877,Sylvia_atricapilla/XC1166877.wav,Sylvia atricapilla,Pablo Guillemaud,train
1174273,Sylvia_atricapilla/XC1174273.wav,Sylvia atricapilla,David Darrell-Lambert,train
1174274,Sylvia_atricapilla/XC1174274.wav,Sylvia atricapilla,David Darrell-Lambert,train
1174342,Sylvia_atricapilla/XC1174342.wav,Sylvia atricapilla,David Darrell-Lambert,test
1174350,Sylvia_atricapilla/XC1174350.wav,Sylvia atricapilla,David Darrell-Lambert,train
1174356,Sylvia_atricapilla/XC1174356.wav,Sylvia atricapilla,David Darrell-Lambert,train
1174358,Sylvia_atricapilla/XC1174358.wav,Sylvia atricapilla,David Darrell-Lambert,val
1174359,Sylvia_atricapilla/XC1174359.wav,Sylvia atricapilla,David Darrell-Lambert,train
679561,Troglodytes_troglodytes/XC679561.mp3,Troglodytes troglodytes,Lars Edenius,train
683759,Troglodytes_troglodytes/XC683759.mp3,Troglodytes troglodytes,Bodo Sonnenburg,train
685427,Troglodytes_troglodytes/XC685427.mp3,Troglodytes troglodytes,W. Agster,val
685921,Troglodytes_troglodytes/XC685921.mp3,Troglodytes troglodytes,W. Agster,val
688017,Troglodytes_troglodytes/XC688017.wav,Troglodytes troglodytes,Camille Fasolin,train
691506,Troglodytes_troglodytes/XC691506.mp3,Troglodytes troglodytes,Domagoj Tomičić,train
692833,Troglodytes_troglodytes/XC692833.mp3,Troglodytes troglodytes,Irish Wildlife Sounds,train
695010,Troglodytes_troglodytes/XC695010.mp3,Troglodytes troglodytes,Calvo Jérémy,test
709340,Troglodytes_troglodytes/XC709340.mp3,Troglodytes troglodytes,Jordi Calvet,train
709607,Troglodytes_troglodytes/XC709607.mp3,Troglodytes troglodytes,SonoNatura,val
710742,Troglodytes_troglodytes/XC710742.mp3,Troglodytes troglodytes,Martin Fransson,train
711809,Troglodytes_troglodytes/XC711809.mp3,Troglodytes troglodytes,Jacobo Ramil MIllarengo,test
711811,Troglodytes_troglodytes/XC711811.mp3,Troglodytes troglodytes,Jacobo Ramil MIllarengo,train
711837,Troglodytes_troglodytes/XC711837.mp3,Troglodytes troglodytes,Jacobo Ramil MIllarengo,train
713648,Troglodytes_troglodytes/XC713648.mp3,Troglodytes troglodytes,Lars Edenius,train
713649,Troglodytes_troglodytes/XC713649.mp3,Troglodytes troglodytes,Lars Edenius,train
714732,Troglodytes_troglodytes/XC714732.mp3,Troglodytes troglodytes,Michał Jezierski,train
715366,Troglodytes_troglodytes/XC715366.mp3,Troglodytes troglodytes,Bodo Sonnenburg,test
716808,Troglodytes_troglodytes/XC716808.mp3,Troglodytes troglodytes,Manuel Grosselet,test
717195,Troglodytes_troglodytes/XC717195.mp3,Troglodytes troglodytes,Lars Edenius,test
717599,Troglodytes_troglodytes/XC717599.mp3,Troglodytes troglodytes,Irish Wildlife Sounds,train
717993,Troglodytes_troglodytes/XC717993.mp3,Troglodytes troglodytes,Irish Wildlife Sounds,train
720071,Troglodytes_troglodytes/XC720071.mp3,Troglodytes troglodytes,Cureau Hervé,train
720266,Troglodytes_troglodytes/XC720266.mp3,Troglodytes troglodytes,Lars Edenius,val
720307,Troglodytes_troglodytes/XC720307.mp3,Troglodytes troglodytes,Susanne Kuijpers,train
720599,Troglodytes_troglodytes/XC720599.mp3,Troglodytes troglodytes,Manuel Grosselet,train
723460,Troglodytes_troglodytes/XC723460.mp3,Troglodytes troglodytes,Uku Paal,val
727066,Troglodytes_troglodytes/XC727066.mp3,Troglodytes troglodytes,Olivier SWIFT,train
727223,Troglodytes_troglodytes/XC727223.mp3,Troglodytes troglodytes,Olivier SWIFT,val
727225,Troglodytes_troglodytes/XC727225.mp3,Troglodytes troglodytes,Olivier SWIFT,train
738895,Troglodytes_troglodytes/XC738895.mp3,Troglodytes troglodytes,Thomas Bergman,train
740842,Troglodytes_troglodytes/XC740842.mp3,Troglodytes troglodytes,Irish Wildlife Sounds,train
746812,Troglodytes_troglodytes/XC746812.mp3,Troglodytes troglodytes,Jacobo Ramil Millarengo,train
749461,Troglodytes_troglodytes/XC749461.mp3,Troglodytes troglodytes,Irish Wildlife Sounds,train
749505,Troglodytes_troglodytes/XC749505.mp3,Troglodytes troglodytes,Irish Wildlife Sounds,test
749506,Troglodytes_troglodytes/XC749506.mp3,Troglodytes troglodytes,Irish Wildlife Sounds,test
750526,Troglodytes_troglodytes/XC750526.mp3,Troglodytes troglodytes,W. Agster,train
750527,Troglodytes_troglodytes/XC750527.mp3,Troglodytes troglodytes,W. Agster,train
757035,Troglodytes_troglodytes/XC757035.mp3,Troglodytes troglodytes,Lars Lachmann,test
758494,Troglodytes_troglodytes/XC758494.mp3,Troglodytes troglodytes,W. Agster,train
758622,Troglodytes_troglodytes/XC758622.mp3,Troglodytes troglodytes,Jacobo Ramil Millarengo,val
764168,Troglodytes_troglodytes/XC764168.mp3,Troglodytes troglodytes,Ulf Elman,test
769974,Troglodytes_troglodytes/XC769974.mp3,Troglodytes troglodytes,Dominique Guillerme,train
777055,Troglodytes_troglodytes/XC777055.mp3,Troglodytes troglodytes,Fraser Simpson,train
786101,Troglodytes_troglodytes/XC786101.mp3,Troglodytes troglodytes,Andre Eden,test
786506,Troglodytes_troglodytes/XC786506.mp3,Troglodytes troglodytes,Susanne Kuijpers,val
788818,Troglodytes_troglodytes/XC788818.wav,Troglodytes troglodytes,Simon Elliott,train
791555,Troglodytes_troglodytes/XC791555.mp3,Troglodytes troglodytes,Bodo Sonnenburg,test
793937,Troglodytes_troglodytes/XC793937.wav,Troglodytes troglodytes,Alan Dalton,train
795041,Troglodytes_troglodytes/XC795041.mp3,Troglodytes troglodytes,Jacobo Ramil Millarengo,train
796099,Troglodytes_troglodytes/XC796099.mp3,Troglodytes troglodytes,Romuald Mikusek,train
796839,Troglodytes_troglodytes/XC796839.mp3,Troglodytes troglodytes,Jorge Leitão,test
798453,Troglodytes_troglodytes/XC798453.mp3,Troglodytes troglodytes,Jacobo Ramil Millarengo,train
799671,Troglodytes_troglodytes/XC799671.mp3,Troglodytes troglodytes,Jacobo Ramil Millarengo,train
800971,Troglodytes_troglodytes/XC800971.mp3,Troglodytes troglodytes,Magnus Hallgren,train
800974,Troglodytes_troglodytes/XC800974.mp3,Troglodytes troglodytes,Magnus Hallgren,val
806817,Troglodytes_troglodytes/XC806817.mp3,Troglodytes troglodytes,Lars Edenius,train
806819,Troglodytes_troglodytes/XC806819.mp3,Troglodytes troglodytes,Lars Edenius,train
807457,Troglodytes_troglodytes/XC807457.mp3,Troglodytes troglodytes,Dominique Guillerme,val
809222,Troglodytes_troglodytes/XC809222.mp3,Troglodytes troglodytes,Jorge Leitão,train
810063,Troglodytes_troglodytes/XC810063.mp3,Troglodytes troglodytes,Jorge Leitão,train
812091,Troglodytes_troglodytes/XC812091.wav,Troglodytes troglodytes,Paul Driver,train
816498,Troglodytes_troglodytes/XC816498.mp3,Troglodytes troglodytes,Jorge Leitão,train
822150,Troglodytes_troglodytes/XC822150.wav,Troglodytes troglodytes,James Lambert,train
822513,Troglodytes_troglodytes/XC822513.mp3,Troglodytes troglodytes,Uku Paal,train
825570,Troglodytes_troglodytes/XC825570.mp3,Troglodytes troglodytes,Domagoj Tomičić,train
830722,Troglodytes_troglodytes/XC830722.wav,Troglodytes troglodytes,Pere Josa,test
831354,Troglodytes_troglodytes/XC831354.mp3,Troglodytes troglodytes,Lars Edenius,train
831355,Troglodytes_troglodytes/XC831355.mp3,Troglodytes troglodytes,Lars Edenius,val
840417,Troglodytes_troglodytes/XC840417.mp3,Troglodytes troglodytes,Rob van Bemmelen,train
840422,Troglodytes_troglodytes/XC840422.mp3,Troglodytes troglodytes,Rob van Bemmelen,train
855769,Troglodytes_troglodytes/XC855769.mp3,Troglodytes troglodytes,Jorge Leitão,train
857575,Troglodytes_troglodytes/XC857575.wav,Troglodytes troglodytes,Beatrix Saadi-Varchmin,train
858256,Troglodytes_troglodytes/XC858256.mp3,Troglodytes troglodytes,Jorge Leitão,train
871727,Troglodytes_troglodytes/XC871727.wav,Troglodytes troglodytes,Martin Billard,test
872815,Troglodytes_troglodytes/XC872815.mp3,Troglodytes troglodytes,Jorge Leitão,val
872888,Troglodytes_troglodytes/XC872888.mp3,Troglodytes troglodytes,Bodo Sonnenburg,val
877699,Troglodytes_troglodytes/XC877699.mp3,Troglodytes troglodytes,Henk Schreuders,train
877776,Troglodytes_troglodytes/XC877776.mp3,Troglodytes troglodytes,Bodo Sonnenburg,train
879393,Troglodytes_troglodytes/XC879393.mp3,Troglodytes troglodytes,Mark Plummer,test
882126,Troglodytes_troglodytes/XC882126.wav,Troglodytes troglodytes,Paul Kelly,train
882571,Troglodytes_troglodytes/XC882571.wav,Troglodytes troglodytes,Paul Kelly,train
892643,Troglodytes_troglodytes/XC892643.mp3,Troglodytes troglodytes,Olivier SWIFT,test
896278,Troglodytes_troglodytes/XC896278.wav,Troglodytes troglodytes,Rafael Costas,train
896372,Troglodytes_troglodytes/XC896372.mp3,Troglodytes troglodytes,Jorge Leitão,train
897406,Troglodytes_troglodytes/XC897406.wav,Troglodytes troglodytes,David Bissett,val
901912,Troglodytes_troglodytes/XC901912.mp3,Troglodytes troglodytes,Jacobo Ramil Millarengo,train
905012,Troglodytes_troglodytes/XC905012.mp3,Troglodytes troglodytes,Olivier SWIFT,val
905339,Troglodytes_troglodytes/XC905339.mp3,Troglodytes troglodytes,Olivier SWIFT,train
905340,Troglodytes_troglodytes/XC905340.mp3,Troglodytes troglodytes,Olivier SWIFT,val
906141,Troglodytes_troglodytes/XC906141.mp3,Troglodytes troglodytes,Jacobo Ramil Millarengo,train
906153,Troglodytes_troglodytes/XC906153.mp3,Troglodytes troglodytes,Jorge Leitão,train
906532,Troglodytes_troglodytes/XC906532.mp3,Troglodytes troglodytes,Olivier SWIFT,train
906980,Troglodytes_troglodytes/XC906980.mp3,Troglodytes troglodytes,Jacobo Ramil Millarengo,train
908630,Troglodytes_troglodytes/XC908630.wav,Troglodytes troglodytes,Martin Billard,test
916662,Troglodytes_troglodytes/XC916662.mp3,Troglodytes troglodytes,Peter Boesman,train
916801,Troglodytes_troglodytes/XC916801.mp3,Troglodytes troglodytes,Olivier SWIFT,train
923377,Troglodytes_troglodytes/XC923377.mp3,Troglodytes troglodytes,He Wenjin/文进,train
927272,Troglodytes_troglodytes/XC927272.mp3,Troglodytes troglodytes,Ulf Elman,train
928304,Troglodytes_troglodytes/XC928304.wav,Troglodytes troglodytes,Jorge Leitão,val
929191,Troglodytes_troglodytes/XC929191.wav,Troglodytes troglodytes,Jorge Leitão,train
929933,Troglodytes_troglodytes/XC929933.wav,Troglodytes troglodytes,Rafael Costas,val
929934,Troglodytes_troglodytes/XC929934.wav,Troglodytes troglodytes,Rafael Costas,train
935978,Troglodytes_troglodytes/XC935978.mp3,Troglodytes troglodytes,Peter Ericsson,test
947333,Troglodytes_troglodytes/XC947333.mp3,Troglodytes troglodytes,Ulf Elman,train
947334,Troglodytes_troglodytes/XC947334.mp3,Troglodytes troglodytes,Ulf Elman,train
978533,Troglodytes_troglodytes/XC978533.mp3,Troglodytes troglodytes,Vincent Pourchaire,train
982665,Troglodytes_troglodytes/XC982665.wav,Troglodytes troglodytes,João Tomás,train
985822,Troglodytes_troglodytes/XC985822.wav,Troglodytes troglodytes,Abe Bakker,val
985825,Troglodytes_troglodytes/XC985825.wav,Troglodytes troglodytes,Abe Bakker,test
988379,Troglodytes_troglodytes/XC988379.mp3,Troglodytes troglodytes,Juha Ojala,test
988676,Troglodytes_troglodytes/XC988676.mp3,Troglodytes troglodytes,Jerome Fischer,val
994467,Troglodytes_troglodytes/XC994467.mp3,Troglodytes troglodytes,Jacobo Ramil Millarengo,train
999266,Troglodytes_troglodytes/XC999266.mp3,Troglodytes troglodytes,Lars Edenius,train
999625,Troglodytes_troglodytes/XC999625.wav,Troglodytes troglodytes,Jorge Leitão,val
1011343,Troglodytes_troglodytes/XC1011343.mp3,Troglodytes troglodytes,Olivier SWIFT,train
1011596,Troglodytes_troglodytes/XC1011596.mp3,Troglodytes troglodytes,Lars Edenius,train
1011601,Troglodytes_troglodytes/XC1011601.mp3,Troglodytes troglodytes,Lars Edenius,train
1014917,Troglodytes_troglodytes/XC1014917.mp3,Troglodytes troglodytes,Lars Edenius,train
1019693,Troglodytes_troglodytes/XC1019693.mp3,Troglodytes troglodytes,He Wenjin/文进,train
1025759,Troglodytes_troglodytes/XC1025759.mp3,Troglodytes troglodytes,David Boyle,train
1026978,Troglodytes_troglodytes/XC1026978.mp3,Troglodytes troglodytes,Uku Paal,train
1043082,Troglodytes_troglodytes/XC1043082.mp3,Troglodytes troglodytes,Lars Edenius,train
1074571,Troglodytes_troglodytes/XC1074571.wav,Troglodytes troglodytes,Laura Martin,train
1074572,Troglodytes_troglodytes/XC1074572.wav,Troglodytes troglodytes,Laura Martin,test
1075276,Troglodytes_troglodytes/XC1075276.mp3,Troglodytes troglodytes,Stanislas Wroza,train
1075414,Troglodytes_troglodytes/XC1075414.wav,Troglodytes troglodytes,Lars Lachmann,val
1078121,Troglodytes_troglodytes/XC1078121.wav,Troglodytes troglodytes,João Tomás,test
1079259,Troglodytes_troglodytes/XC1079259.mp3,Troglodytes troglodytes,Marc Anderson,train
1079264,Troglodytes_troglodytes/XC1079264.mp3,Troglodytes troglodytes,Marc Anderson,train
1082624,Troglodytes_troglodytes/XC1082624.mp3,Troglodytes troglodytes,Olivier SWIFT,train
1086531,Troglodytes_troglodytes/XC1086531.wav,Troglodytes troglodytes,David Darrell-Lambert,train
1088677,Troglodytes_troglodytes/XC1088677.wav,Troglodytes troglodytes,David Darrell-Lambert,train
1088721,Troglodytes_troglodytes/XC1088721.wav,Troglodytes troglodytes,David Darrell-Lambert,train
1088722,Troglodytes_troglodytes/XC1088722.wav,Troglodytes troglodytes,David Darrell-Lambert,train
1088760,Troglodytes_troglodytes/XC1088760.wav,Troglodytes troglodytes,David Darrell-Lambert,train
1088794,Troglodytes_troglodytes/XC1088794.wav,Troglodytes troglodytes,David Darrell-Lambert,train
1093569,Troglodytes_troglodytes/XC1093569.wav,Troglodytes troglodytes,Marketa Rusarova,train
1102448,Troglodytes_troglodytes/XC1102448.mp3,Troglodytes troglodytes,Lars Edenius,train
1102705,Troglodytes_troglodytes/XC1102705.mp3,Troglodytes troglodytes,Lars Edenius,train
1105050,Troglodytes_troglodytes/XC1105050.wav,Troglodytes troglodytes,Petter Westberg,train
1105051,Troglodytes_troglodytes/XC1105051.wav,Troglodytes troglodytes,Petter Westberg,train
1137155,Troglodytes_troglodytes/XC1137155.mp3,Troglodytes troglodytes,Elias A. Ryberg,train
1137637,Troglodytes_troglodytes/XC1137637.wav,Troglodytes troglodytes,Simon Gillings,train
1145021,Troglodytes_troglodytes/XC1145021.wav,Troglodytes troglodytes,David Darrell-Lambert,train
1148716,Troglodytes_troglodytes/XC1148716.wav,Troglodytes troglodytes,Clement Bruneau,train
1151575,Troglodytes_troglodytes/XC1151575.wav,Troglodytes troglodytes,Sunny Tseng,train
1153829,Troglodytes_troglodytes/XC1153829.wav,Troglodytes troglodytes,Walter Wallner,train
1153830,Troglodytes_troglodytes/XC1153830.wav,Troglodytes troglodytes,Walter Wallner,train
1176508,Troglodytes_troglodytes/XC1176508.wav,Troglodytes troglodytes,David Darrell-Lambert,val
816471,Turdus_merula/XC816471.wav,Turdus merula,Alan Dalton,val
817359,Turdus_merula/XC817359.wav,Turdus merula,david m,train
818180,Turdus_merula/XC818180.wav,Turdus merula,Martin Billard,train
825633,Turdus_merula/XC825633.mp3,Turdus merula,Esperanza Poveda,train
826077,Turdus_merula/XC826077.mp3,Turdus merula,Olli Juhnke,train
829981,Turdus_merula/XC829981.wav,Turdus merula,Agris Celmins,train
829984,Turdus_merula/XC829984.wav,Turdus merula,Agris Celmins,train
830202,Turdus_merula/XC830202.mp3,Turdus merula,Lars Edenius,train
834560,Turdus_merula/XC834560.mp3,Turdus merula,Alain Malengreau,test
835384,Turdus_merula/XC835384.mp3,Turdus merula,Esperanza Poveda,train
837702,Turdus_merula/XC837702.mp3,Turdus merula,Lars Edenius,train
843690,Turdus_merula/XC843690.wav,Turdus merula,Paul Kelly,val
855940,Turdus_merula/XC855940.mp3,Turdus merula,Susanne Kuijpers,train
857364,Turdus_merula/XC857364.wav,Turdus merula,Paul Kelly,train
857700,Turdus_merula/XC857700.wav,Turdus merula,Manuel Grosselet,val
858033,Turdus_merula/XC858033.mp3,Turdus merula,Wim Jacobs,val
858035,Turdus_merula/XC858035.mp3,Turdus merula,Wim Jacobs,train
858038,Turdus_merula/XC858038.mp3,Turdus merula,Wim Jacobs,test
864280,Turdus_merula/XC864280.mp3,Turdus merula,Susanne Kuijpers,test
864639,Turdus_merula/XC864639.mp3,Turdus merula,Susanne Kuijpers,train
864640,Turdus_merula/XC864640.mp3,Turdus merula,Susanne Kuijpers,train
864641,Turdus_merula/XC864641.mp3,Turdus merula,Susanne Kuijpers,train
870728,Turdus_merula/XC870728.mp3,Turdus merula,Alain Malengreau,test
871717,Turdus_merula/XC871717.wav,Turdus merula,Martin Billard,train
876462,Turdus_merula/XC876462.mp3,Turdus merula,Susanne Kuijpers,train
877773,Turdus_merula/XC877773.wav,Turdus merula,Genís Cunill,train
877991,Turdus_merula/XC877991.wav,Turdus merula,Guilherme Melo,train
877992,Turdus_merula/XC877992.wav,Turdus merula,Guilherme Melo,train
879432,Turdus_merula/XC879432.mp3,Turdus merula,Olivier SWIFT,train
879583,Turdus_merula/XC879583.mp3,Turdus merula,Susanne Kuijpers,test
879871,Turdus_merula/XC879871.mp3,Turdus merula,Łukasz Bożycki,train
881851,Turdus_merula/XC881851.mp3,Turdus merula,Esperanza Poveda,train
883338,Turdus_merula/XC883338.mp3,Turdus merula,Susanne Kuijpers,train
892801,Turdus_merula/XC892801.wav,Turdus merula,Martin Billard,train
894642,Turdus_merula/XC894642.mp3,Turdus merula,Simon Elliott,test
896479,Turdus_merula/XC896479.wav,Turdus merula,Martin Billard,train
896624,Turdus_merula/XC896624.wav,Turdus merula,Martin Billard,train
898868,Turdus_merula/XC898868.wav,Turdus merula,Paul Kelly,test
899494,Turdus_merula/XC899494.mp3,Turdus merula,Jack Berteau,train
900494,Turdus_merula/XC900494.mp3,Turdus merula,Lars Edenius,train
904743,Turdus_merula/XC904743.wav,Turdus merula,Agris Celmins,train
906444,Turdus_merula/XC906444.wav,Turdus merula,Efm,train
906467,Turdus_merula/XC906467.mp3,Turdus merula,Olivier SWIFT,train
906686,Turdus_merula/XC906686.mp3,Turdus merula,Olivier SWIFT,train
912632,Turdus_merula/XC912632.wav,Turdus merula,Paul Kelly,train
913317,Turdus_merula/XC913317.wav,Turdus merula,Martin Billard,train
920199,Turdus_merula/XC920199.wav,Turdus merula,Rafael Costas,train
920200,Turdus_merula/XC920200.wav,Turdus merula,Rafael Costas,train
920319,Turdus_merula/XC920319.wav,Turdus merula,Martin Billard,train
923519,Turdus_merula/XC923519.mp3,Turdus merula,Dag Österlund,val
923613,Turdus_merula/XC923613.mp3,Turdus merula,David Boyle,test
931182,Turdus_merula/XC931182.mp3,Turdus merula,Ulf Elman,train
938062,Turdus_merula/XC938062.mp3,Turdus merula,Lars Edenius,train
938476,Turdus_merula/XC938476.mp3,Turdus merula,David Nayer,val
939151,Turdus_merula/XC939151.mp3,Turdus merula,Bram Piot,test
946845,Turdus_merula/XC946845.wav,Turdus merula,João Tomás,val
949407,Turdus_merula/XC949407.wav,Turdus merula,David Bissett,train
952023,Turdus_merula/XC952023.mp3,Turdus merula,Marcin Przymencki,train
953491,Turdus_merula/XC953491.wav,Turdus merula,Xavier Riera,train
955322,Turdus_merula/XC955322.mp3,Turdus merula,Esperanza Poveda,val
955326,Turdus_merula/XC955326.mp3,Turdus merula,Esperanza Poveda,train
956132,Turdus_merula/XC956132.mp3,Turdus merula,David Boyle,train
956915,Turdus_merula/XC956915.mp3,Turdus merula,Jarek Matusiak,val
960559,Turdus_merula/XC960559.wav,Turdus merula,João Tomás,train
964249,Turdus_merula/XC964249.wav,Turdus merula,Jocce Ekstrom,train
965144,Turdus_merula/XC965144.mp3,Turdus merula,Mirko Tomasi,train
973562,Turdus_merula/XC973562.wav,Turdus merula,Rafael Costas,train
974916,Turdus_merula/XC974916.mp3,Turdus merula,Sonothèque ADVL,test
979194,Turdus_merula/XC979194.mp3,Turdus merula,Garai József,train
980457,Turdus_merula/XC980457.mp3,Turdus merula,Garai József,test
981210,Turdus_merula/XC981210.wav,Turdus merula,Paul Kelly,test
982288,Turdus_merula/XC982288.mp3,Turdus merula,Ulf Elman,train
982612,Turdus_merula/XC982612.mp3,Turdus merula,Will Scott,test
983326,Turdus_merula/XC983326.mp3,Turdus merula,Garai József,train
984423,Turdus_merula/XC984423.mp3,Turdus merula,David Boyle,train
986243,Turdus_merula/XC986243.mp3,Turdus merula,Molly Bell,train
988994,Turdus_merula/XC988994.wav,Turdus merula,Lennart Jeppsson,train
989423,Turdus_merula/XC989423.mp3,Turdus merula,Susanne Kuijpers,train
993948,Turdus_merula/XC993948.mp3,Turdus merula,Olivier SWIFT,train
999508,Turdus_merula/XC999508.wav,Turdus merula,Manuel Grosselet,train
1001111,Turdus_merula/XC1001111.mp3,Turdus merula,Dimitri,train
1001504,Turdus_merula/XC1001504.wav,Turdus merula,Frantz Barrault,val
1001968,Turdus_merula/XC1001968.mp3,Turdus merula,Samir Hellal,train
1004269,Turdus_merula/XC1004269.mp3,Turdus merula,Imre Székely,train
1011225,Turdus_merula/XC1011225.mp3,Turdus merula,Olivier SWIFT,train
1015476,Turdus_merula/XC1015476.mp3,Turdus merula,Romuald Mikusek,test
1025073,Turdus_merula/XC1025073.mp3,Turdus merula,Taras Vykhovanets,val
1026509,Turdus_merula/XC1026509.wav,Turdus merula,SonoNatura,val
1029081,Turdus_merula/XC1029081.mp3,Turdus merula,Frank Holzapfel,train
1034072,Turdus_merula/XC1034072.wav,Turdus merula,Frank Holzapfel,train
1041216,Turdus_merula/XC1041216.wav,Turdus merula,João Ferreira Tomás,train
1050351,Turdus_merula/XC1050351.wav,Turdus merula,Lars Lachmann,test
1051538,Turdus_merula/XC1051538.mp3,Turdus merula,craig wilson,test
1054837,Turdus_merula/XC1054837.wav,Turdus merula,Stanislas Wroza,train
1066162,Turdus_merula/XC1066162.mp3,Turdus merula,Amselforscher,train
1066172,Turdus_merula/XC1066172.mp3,Turdus merula,Amselforscher,val
1067617,Turdus_merula/XC1067617.mp3,Turdus merula,Amselforscher,train
1072069,Turdus_merula/XC1072069.mp3,Turdus merula,Amselforscher,val
1075794,Turdus_merula/XC1075794.mp3,Turdus merula,Marc Anderson,train
1075795,Turdus_merula/XC1075795.mp3,Turdus merula,Marc Anderson,train
1075798,Turdus_merula/XC1075798.mp3,Turdus merula,Marc Anderson,train
1075801,Turdus_merula/XC1075801.mp3,Turdus merula,Marc Anderson,val
1075807,Turdus_merula/XC1075807.mp3,Turdus merula,Marc Anderson,train
1075811,Turdus_merula/XC1075811.mp3,Turdus merula,Marc Anderson,train
1075814,Turdus_merula/XC1075814.mp3,Turdus merula,Marc Anderson,train
1075815,Turdus_merula/XC1075815.mp3,Turdus merula,Marc Anderson,val
1077577,Turdus_merula/XC1077577.mp3,Turdus merula,Amselforscher,train
1082200,Turdus_merula/XC1082200.mp3,Turdus merula,Amselforscher,test
1082902,Turdus_merula/XC1082902.wav,Turdus merula,Pablo Guillemaud,train
1083693,Turdus_merula/XC1083693.wav,Turdus merula,João Ferreira Tomás,val
1083695,Turdus_merula/XC1083695.wav,Turdus merula,João Ferreira Tomás,train
1084674,Turdus_merula/XC1084674.wav,Turdus merula,João Ferreira Tomás,train
1085620,Turdus_merula/XC1085620.wav,Turdus merula,João Ferreira Tomás,train
1085866,Turdus_merula/XC1085866.wav,Turdus merula,Petter Westberg,train
1085867,Turdus_merula/XC1085867.wav,Turdus merula,Petter Westberg,val
1087507,Turdus_merula/XC1087507.wav,Turdus merula,João Ferreira Tomás,train
1094672,Turdus_merula/XC1094672.mp3,Turdus merula,Filippo Ceccolini,train
1099330,Turdus_merula/XC1099330.mp3,Turdus merula,Lars Edenius,test
1103351,Turdus_merula/XC1103351.wav,Turdus merula,Niclas Backstrom,test
1107462,Turdus_merula/XC1107462.wav,Turdus merula,Frank Holzapfel,train
1107463,Turdus_merula/XC1107463.wav,Turdus merula,Frank Holzapfel,train
1133233,Turdus_merula/XC1133233.wav,Turdus merula,Walter Wallner,train
1133244,Turdus_merula/XC1133244.wav,Turdus merula,Walter Wallner,train
1134250,Turdus_merula/XC1134250.mp3,Turdus merula,Amselforscher,test
1134278,Turdus_merula/XC1134278.mp3,Turdus merula,Amselforscher,train
1136018,Turdus_merula/XC1136018.wav,Turdus merula,David Darrell-Lambert,train
1136218,Turdus_merula/XC1136218.wav,Turdus merula,Frank Holzapfel,train
1136220,Turdus_merula/XC1136220.wav,Turdus merula,Frank Holzapfel,train
1136944,Turdus_merula/XC1136944.mp3,Turdus merula,Amselforscher,train
1138005,Turdus_merula/XC1138005.wav,Turdus merula,Simon Elliott,train
1139290,Turdus_merula/XC1139290.mp3,Turdus merula,Amselforscher,val
1139342,Turdus_merula/XC1139342.wav,Turdus merula,Clement Bruneau,train
1142260,Turdus_merula/XC1142260.wav,Turdus merula,David Darrell-Lambert,val
1142381,Turdus_merula/XC1142381.wav,Turdus merula,David Darrell-Lambert,train
1142386,Turdus_merula/XC1142386.wav,Turdus merula,David Darrell-Lambert,train
1142424,Turdus_merula/XC1142424.wav,Turdus merula,David Darrell-Lambert,test
1142432,Turdus_merula/XC1142432.wav,Turdus merula,David Darrell-Lambert,test
1142777,Turdus_merula/XC1142777.wav,Turdus merula,Lionel FREDERIC,train
1142786,Turdus_merula/XC1142786.wav,Turdus merula,Clement Bruneau,train
1148800,Turdus_merula/XC1148800.wav,Turdus merula,Adrien Peillon,train
1150187,Turdus_merula/XC1150187.mp3,Turdus merula,Louis-Marie Gourmelon,train
1150997,Turdus_merula/XC1150997.wav,Turdus merula,Clement Bruneau,train
1151731,Turdus_merula/XC1151731.wav,Turdus merula,Adrien Peillon,train
1152307,Turdus_merula/XC1152307.wav,Turdus merula,Sunny Tseng,train
1156193,Turdus_merula/XC1156193.wav,Turdus merula,Adrien Peillon,val
1156194,Turdus_merula/XC1156194.wav,Turdus merula,Adrien Peillon,train
1156515,Turdus_merula/XC1156515.mp3,Turdus merula,SWIFT Olivier,train
1156704,Turdus_merula/XC1156704.mp3,Turdus merula,Radek Grochowski,val
1163364,Turdus_merula/XC1163364.mp3,Turdus merula,Zsombor Károlyi,val
1165101,Turdus_merula/XC1165101.wav,Turdus merula,Zsombor Károlyi,train
55182,Turdus_philomelos/XC55182.mp3,Turdus philomelos,GROSSELET Olivier,train
67384,Turdus_philomelos/XC67384.mp3,Turdus philomelos,Marco Dragonetti,train
89946,Turdus_philomelos/XC89946.mp3,Turdus philomelos,Jacques PREVOST,test
92531,Turdus_philomelos/XC92531.mp3,Turdus philomelos,Herman van der Meer,train
99388,Turdus_philomelos/XC99388.mp3,Turdus philomelos,Franck HIDVEGI,train
102192,Turdus_philomelos/XC102192.mp3,Turdus philomelos,Franck HIDVEGI,train
112810,Turdus_philomelos/XC112810.mp3,Turdus philomelos,Patrik Åberg,train
145646,Turdus_philomelos/XC145646.mp3,Turdus philomelos,Patrik Åberg,train
161914,Turdus_philomelos/XC161914.mp3,Turdus philomelos,Fernand Deroussen,train
169881,Turdus_philomelos/XC169881.mp3,Turdus philomelos,Jarek Matusiak,train
173768,Turdus_philomelos/XC173768.mp3,Turdus philomelos,Elias A. Ryberg,train
185875,Turdus_philomelos/XC185875.mp3,Turdus philomelos,david m,train
187884,Turdus_philomelos/XC187884.mp3,Turdus philomelos,david m,train
199769,Turdus_philomelos/XC199769.mp3,Turdus philomelos,Bart Gras,val
217901,Turdus_philomelos/XC217901.mp3,Turdus philomelos,Sonnenburg,train
247268,Turdus_philomelos/XC247268.mp3,Turdus philomelos,Mikael Litsgård,val
255239,Turdus_philomelos/XC255239.mp3,Turdus philomelos,Anthony McGeehan ,train
281459,Turdus_philomelos/XC281459.mp3,Turdus philomelos,Peter Boesman,val
286789,Turdus_philomelos/XC286789.mp3,Turdus philomelos,Jarek Matusiak,train
298606,Turdus_philomelos/XC298606.mp3,Turdus philomelos,Manuel Grosselet,train
298717,Turdus_philomelos/XC298717.mp3,Turdus philomelos,Manuel Grosselet,val
299303,Turdus_philomelos/XC299303.mp3,Turdus philomelos,Vadim Ivushkin,test
301077,Turdus_philomelos/XC301077.mp3,Turdus philomelos,Matthias Hemprich,train
305934,Turdus_philomelos/XC305934.mp3,Turdus philomelos,Timo Schnabel ,train
305937,Turdus_philomelos/XC305937.mp3,Turdus philomelos,Timo Schnabel,train
306318,Turdus_philomelos/XC306318.mp3,Turdus philomelos,Timo Schnabel ,train
309713,Turdus_philomelos/XC309713.mp3,Turdus philomelos,Marc Anderson,val
309714,Turdus_philomelos/XC309714.mp3,Turdus philomelos,Marc Anderson,test
312620,Turdus_philomelos/XC312620.mp3,Turdus philomelos,Paul Ehlers,train
313430,Turdus_philomelos/XC313430.mp3,Turdus philomelos,Kjetil Botn,train
346471,Turdus_philomelos/XC346471.mp3,Turdus philomelos,Tero Linjama,train
363197,Turdus_philomelos/XC363197.mp3,Turdus philomelos,Romuald Mikusek,train
370690,Turdus_philomelos/XC370690.mp3,Turdus philomelos,Lars Edenius,train
396356,Turdus_philomelos/XC396356.mp3,Turdus philomelos,Joseph Dozai,val
412652,Turdus_philomelos/XC412652.mp3,Turdus philomelos,Lars Edenius,train
459622,Turdus_philomelos/XC459622.mp3,Turdus philomelos,François Vaillant,train
459983,Turdus_philomelos/XC459983.mp3,Turdus philomelos,Anthony McGeehan ,train
468381,Turdus_philomelos/XC468381.mp3,Turdus philomelos,Lars Edenius,test
470559,Turdus_philomelos/XC470559.mp3,Turdus philomelos,Lars Edenius,train
484817,Turdus_philomelos/XC484817.mp3,Turdus philomelos,Lars Edenius,train
500810,Turdus_philomelos/XC500810.mp3,Turdus philomelos,Joost van Bruggen,train
500949,Turdus_philomelos/XC500949.mp3,Turdus philomelos,Olivier SWIFT,test
500950,Turdus_philomelos/XC500950.mp3,Turdus philomelos,Olivier SWIFT,val
500973,Turdus_philomelos/XC500973.mp3,Turdus philomelos,Olivier SWIFT,train
543872,Turdus_philomelos/XC543872.mp3,Turdus philomelos,Peter Stronach,train
554060,Turdus_philomelos/XC554060.mp3,Turdus philomelos,Niels Van Doninck,train
560076,Turdus_philomelos/XC560076.mp3,Turdus philomelos,Eetu Paljakka,train
571714,Turdus_philomelos/XC571714.mp3,Turdus philomelos,Daniele Baroni,train
587485,Turdus_philomelos/XC587485.mp3,Turdus philomelos,Lars Edenius,val
594549,Turdus_philomelos/XC594549.mp3,Turdus philomelos,Jarek Matusiak,train
596749,Turdus_philomelos/XC596749.mp3,Turdus philomelos,Niels Van Doninck,test
596750,Turdus_philomelos/XC596750.mp3,Turdus philomelos,Niels Van Doninck,train
597567,Turdus_philomelos/XC597567.mp3,Turdus philomelos,Paul Parry,test
611584,Turdus_philomelos/XC611584.mp3,Turdus philomelos,Anders Westman,train
615439,Turdus_philomelos/XC615439.mp3,Turdus philomelos,Georg Amann,val
626431,Turdus_philomelos/XC626431.mp3,Turdus philomelos,Radim O82,train
629580,Turdus_philomelos/XC629580.mp3,Turdus philomelos,Karol Łanocha,train
635141,Turdus_philomelos/XC635141.mp3,Turdus philomelos,Susanne Kuijpers,train
647776,Turdus_philomelos/XC647776.mp3,Turdus philomelos,Irish Wildlife Sounds,train
649750,Turdus_philomelos/XC649750.mp3,Turdus philomelos,Stefaniya Kamenova,train
651504,Turdus_philomelos/XC651504.mp3,Turdus philomelos,Mats Olsson,train
656969,Turdus_philomelos/XC656969.mp3,Turdus philomelos,Susanne Kuijpers,train
658346,Turdus_philomelos/XC658346.mp3,Turdus philomelos,Lars Edenius,train
662348,Turdus_philomelos/XC662348.mp3,Turdus philomelos,Susanne Kuijpers,train
663890,Turdus_philomelos/XC663890.mp3,Turdus philomelos,Lars Edenius,train
666987,Turdus_philomelos/XC666987.mp3,Turdus philomelos,Lars Edenius,val
686631,Turdus_philomelos/XC686631.mp3,Turdus philomelos,Niels Van Doninck,train
686632,Turdus_philomelos/XC686632.mp3,Turdus philomelos,Niels Van Doninck,test
686633,Turdus_philomelos/XC686633.mp3,Turdus philomelos,Niels Van Doninck,val
686634,Turdus_philomelos/XC686634.mp3,Turdus philomelos,Niels Van Doninck,train
694611,Turdus_philomelos/XC694611.mp3,Turdus philomelos,Beatrix Saadi-Varchmin,train
695501,Turdus_philomelos/XC695501.mp3,Turdus philomelos,Krzysztof Deoniziak,test
704712,Turdus_philomelos/XC704712.mp3,Turdus philomelos,Susanne Kuijpers,train
723189,Turdus_philomelos/XC723189.mp3,Turdus philomelos,Lars Edenius,train
729884,Turdus_philomelos/XC729884.mp3,Turdus philomelos,Olivier SWIFT,train
735357,Turdus_philomelos/XC735357.mp3,Turdus philomelos,Lars Edenius,train
735687,Turdus_philomelos/XC735687.mp3,Turdus philomelos,Bodo Sonnenburg,val
745176,Turdus_philomelos/XC745176.mp3,Turdus philomelos,Art Villem Adojaan,test
747444,Turdus_philomelos/XC747444.mp3,Turdus philomelos,Lars Edenius,train
756357,Turdus_philomelos/XC756357.wav,Turdus philomelos,Martin Billard,train
764163,Turdus_philomelos/XC764163.mp3,Turdus philomelos,Jacobo Ramil Millarengo,val
780035,Turdus_philomelos/XC780035.wav,Turdus philomelos,Frank A. Roos,val
783809,Turdus_philomelos/XC783809.mp3,Turdus philomelos,Susanne Kuijpers,test
785671,Turdus_philomelos/XC785671.mp3,Turdus philomelos,Olivier SWIFT,train
785678,Turdus_philomelos/XC785678.mp3,Turdus philomelos,Olivier SWIFT,train
794170,Turdus_philomelos/XC794170.mp3,Turdus philomelos,Ulf Elman,test
797737,Turdus_philomelos/XC797737.mp3,Turdus philomelos,Lars Edenius,train
805209,Turdus_philomelos/XC805209.mp3,Turdus philomelos,Jorge Leitão,train
808851,Turdus_philomelos/XC808851.mp3,Turdus philomelos,Dominique Guillerme,train
809215,Turdus_philomelos/XC809215.mp3,Turdus philomelos,Jorge Leitão,val
814881,Turdus_philomelos/XC814881.mp3,Turdus philomelos,Cedric Mroczko,train
816707,Turdus_philomelos/XC816707.mp3,Turdus philomelos,Lars Edenius,test
831498,Turdus_philomelos/XC831498.wav,Turdus philomelos,Agris Celmins,train
835605,Turdus_philomelos/XC835605.wav,Turdus philomelos,Martin Billard,train
845156,Turdus_philomelos/XC845156.mp3,Turdus philomelos,Harry Heuven,val
858672,Turdus_philomelos/XC858672.wav,Turdus philomelos,Manuel Grosselet,train
871055,Turdus_philomelos/XC871055.wav,Turdus philomelos,András Schmidt,train
872446,Turdus_philomelos/XC872446.wav,Turdus philomelos,Mats Olsson,test
879352,Turdus_philomelos/XC879352.mp3,Turdus philomelos,Alain Malengreau,train
881157,Turdus_philomelos/XC881157.wav,Turdus philomelos,Martin Billard,train
905174,Turdus_philomelos/XC905174.mp3,Turdus philomelos,Elias Tibax,train
912710,Turdus_philomelos/XC912710.mp3,Turdus philomelos,Lars Edenius,test
920534,Turdus_philomelos/XC920534.wav,Turdus philomelos,Hannu Varkki,test
974880,Turdus_philomelos/XC974880.mp3,Turdus philomelos,Taras Vykhovanets,train
975800,Turdus_philomelos/XC975800.wav,Turdus philomelos,Arjan Boonman,train
978523,Turdus_philomelos/XC978523.mp3,Turdus philomelos,Vincent Pourchaire,test
984942,Turdus_philomelos/XC984942.mp3,Turdus philomelos,Uku Paal,train
999269,Turdus_philomelos/XC999269.mp3,Turdus philomelos,Lars Edenius,val
1001633,Turdus_philomelos/XC1001633.mp3,Turdus philomelos,Luca Baghino,val
1004195,Turdus_philomelos/XC1004195.wav,Turdus philomelos,Jorge Leitão,train
1004197,Turdus_philomelos/XC1004197.wav,Turdus philomelos,Jorge Leitão,train
1010005,Turdus_philomelos/XC1010005.wav,Turdus philomelos,David Darrell-Lambert,train
1019089,Turdus_philomelos/XC1019089.mp3,Turdus philomelos,Filippo Ceccolini,train
1019199,Turdus_philomelos/XC1019199.wav,Turdus philomelos,Manuel Grosselet,train
1071986,Turdus_philomelos/XC1071986.wav,Turdus philomelos,András Schmidt,train
1078573,Turdus_philomelos/XC1078573.wav,Turdus philomelos,David Darrell-Lambert,train
1079339,Turdus_philomelos/XC1079339.mp3,Turdus philomelos,Marc Anderson,train
1080500,Turdus_philomelos/XC1080500.mp3,Turdus philomelos,Marc Anderson,train
1080501,Turdus_philomelos/XC1080501.mp3,Turdus philomelos,Marc Anderson,train
1086549,Turdus_philomelos/XC1086549.wav,Turdus philomelos,David Darrell-Lambert,train
1086955,Turdus_philomelos/XC1086955.wav,Turdus philomelos,Paul Kelly,train
1087302,Turdus_philomelos/XC1087302.wav,Turdus philomelos,Diego Pastor,train
1088439,Turdus_philomelos/XC1088439.wav,Turdus philomelos,Lionel Triboulin,test
1088441,Turdus_philomelos/XC1088441.wav,Turdus philomelos,Lionel Triboulin,train
1090448,Turdus_philomelos/XC1090448.wav,Turdus philomelos,Petter Westberg,train
1091220,Turdus_philomelos/XC1091220.mp3,Turdus philomelos,Romuald Mikusek,test
1094876,Turdus_philomelos/XC1094876.wav,Turdus philomelos,Tobias Larsson,val
1102222,Turdus_philomelos/XC1102222.wav,Turdus philomelos,Garai József,train
1102223,Turdus_philomelos/XC1102223.wav,Turdus philomelos,Garai József,test
1102706,Turdus_philomelos/XC1102706.mp3,Turdus philomelos,Lars Edenius,val
1104616,Turdus_philomelos/XC1104616.mp3,Turdus philomelos,Lars Edenius,train
1107779,Turdus_philomelos/XC1107779.wav,Turdus philomelos,David Darrell-Lambert,train
1132946,Turdus_philomelos/XC1132946.wav,Turdus philomelos,David Darrell-Lambert,train
1136895,Turdus_philomelos/XC1136895.wav,Turdus philomelos,Walter Wallner,train
1143359,Turdus_philomelos/XC1143359.wav,Turdus philomelos,David Darrell-Lambert,train
1149620,Turdus_philomelos/XC1149620.wav,Turdus philomelos,David Darrell-Lambert,train
1149735,Turdus_philomelos/XC1149735.wav,Turdus philomelos,David Darrell-Lambert,train
1149738,Turdus_philomelos/XC1149738.wav,Turdus philomelos,David Darrell-Lambert,train
1149751,Turdus_philomelos/XC1149751.wav,Turdus philomelos,David Darrell-Lambert,val
1149758,Turdus_philomelos/XC1149758.wav,Turdus philomelos,David Darrell-Lambert,train
1149759,Turdus_philomelos/XC1149759.wav,Turdus philomelos,David Darrell-Lambert,test
1149778,Turdus_philomelos/XC1149778.wav,Turdus philomelos,David Darrell-Lambert,train
1149780,Turdus_philomelos/XC1149780.wav,Turdus philomelos,David Darrell-Lambert,train
1149783,Turdus_philomelos/XC1149783.wav,Turdus philomelos,David Darrell-Lambert,test
1149787,Turdus_philomelos/XC1149787.wav,Turdus philomelos,David Darrell-Lambert,train
1149793,Turdus_philomelos/XC1149793.wav,Turdus philomelos,David Darrell-Lambert,train
1151540,Turdus_philomelos/XC1151540.mp3,Turdus philomelos,Susanne Kuijpers,train
1153079,Turdus_philomelos/XC1153079.wav,Turdus philomelos,Arjun Dutta,train
1153794,Turdus_philomelos/XC1153794.wav,Turdus philomelos,Morgan Demus,test
1163376,Turdus_philomelos/XC1163376.mp3,Turdus philomelos,Zsombor Károlyi,val
